python3: can't open file '/Users/bgadmin/internship_zurich_2026/download_by_cohort.py': [Errno 2] No such file or directory
2026-04-28 15:26:33,445 [INFO]     [92/431] TCGA-XF-AAN1-01A
2026-04-28 15:26:37,007 [INFO]     [93/431] TCGA-K4-A5RJ-01A
2026-04-28 15:26:40,156 [INFO]     [94/431] TCGA-UY-A78N-01A
2026-04-28 15:26:43,409 [INFO]     [95/431] TCGA-GD-A2C5-11A
2026-04-28 15:26:46,554 [INFO]     [96/431] TCGA-XF-A9T0-01A
2026-04-28 15:26:49,516 [INFO]     [97/431] TCGA-FD-A6TF-01A
2026-04-28 15:26:52,761 [INFO]     [98/431] TCGA-KQ-A41N-01A
2026-04-28 15:26:55,892 [INFO]     [99/431] TCGA-FD-A3SP-01A
2026-04-28 15:26:59,244 [INFO]     [100/431] TCGA-R3-A69X-01A
2026-04-28 15:27:02,581 [INFO]     [101/431] TCGA-GU-A762-01A
2026-04-28 15:27:05,634 [INFO]     [102/431] TCGA-FJ-A3Z7-01A
2026-04-28 15:27:10,234 [INFO]     [103/431] TCGA-FD-A62P-01A
2026-04-28 15:27:13,609 [INFO]     [104/431] TCGA-XF-A9T6-01A
2026-04-28 15:27:16,959 [INFO]     [105/431] TCGA-GC-A3I6-01A
2026-04-28 15:27:19,989 [INFO]     [106/431] TCGA-DK-A6B0-01A
2026-04-28 15:27:23,034 [INFO]     [107/431] TCGA-4Z-AA7N-01A
2026-04-28 15:27:28,799 [INFO]     [108/431] TCGA-4Z-AA83-01A
2026-04-28 15:27:32,975 [INFO]     [109/431] TCGA-BT-A2LA-11A
2026-04-28 15:27:36,474 [INFO]     [110/431] TCGA-XF-AAMR-01A
2026-04-28 15:27:40,231 [INFO]     [111/431] TCGA-SY-A9G5-01A
2026-04-28 15:27:43,677 [INFO]     [112/431] TCGA-BT-A20U-01A
2026-04-28 15:27:47,124 [INFO]     [113/431] TCGA-CF-A47X-01A
2026-04-28 15:27:50,406 [INFO]     [114/431] TCGA-K4-A4AB-01B
2026-04-28 15:27:53,881 [INFO]     [115/431] TCGA-XF-A8HF-01A
2026-04-28 15:27:57,235 [INFO]     [116/431] TCGA-XF-A8HB-01A
2026-04-28 15:28:00,900 [INFO]     [117/431] TCGA-FJ-A3ZE-01A
2026-04-28 15:28:04,048 [INFO]     [118/431] TCGA-BT-A42E-01A
2026-04-28 15:28:07,068 [INFO]     [119/431] TCGA-FD-A5BY-01A
2026-04-28 15:28:10,640 [INFO]     [120/431] TCGA-FD-A3SO-01A
2026-04-28 15:28:14,001 [INFO]     [121/431] TCGA-G2-AA3F-01A
2026-04-28 15:28:17,570 [INFO]     [122/431] TCGA-GU-A42Q-01A
2026-04-28 15:28:21,127 [INFO]     [123/431] TCGA-DK-A3WY-01A
2026-04-28 15:28:24,515 [INFO]     [124/431] TCGA-GV-A3JZ-01A
2026-04-28 15:28:30,750 [INFO]     [125/431] TCGA-FD-A5BU-01A
2026-04-28 15:28:34,756 [INFO]     [126/431] TCGA-DK-A1A6-01A
2026-04-28 15:28:38,626 [INFO]     [127/431] TCGA-GC-A4ZW-01A
2026-04-28 15:28:41,919 [INFO]     [128/431] TCGA-BT-A2LD-01A
2026-04-28 15:28:44,956 [INFO]     [129/431] TCGA-K4-A83P-01A
2026-04-28 15:28:48,084 [INFO]     [130/431] TCGA-ZF-A9R3-01A
2026-04-28 15:28:51,342 [INFO]     [131/431] TCGA-GD-A6C6-01A
2026-04-28 15:28:54,791 [INFO]     [132/431] TCGA-FJ-A871-01A
2026-04-28 15:28:57,945 [INFO]     [133/431] TCGA-G2-AA3C-01A
2026-04-28 15:29:01,185 [INFO]     [134/431] TCGA-DK-A6B2-01A
2026-04-28 15:29:04,638 [INFO]     [135/431] TCGA-C4-A0EZ-01A
2026-04-28 15:29:07,898 [INFO]     [136/431] TCGA-CU-A3KJ-01A
2026-04-28 15:29:11,062 [INFO]     [137/431] TCGA-G2-A2ES-01A
2026-04-28 15:29:14,204 [INFO]     [138/431] TCGA-GC-A3YS-01A
2026-04-28 15:29:17,461 [INFO]     [139/431] TCGA-K4-A3WS-01A
2026-04-28 15:29:20,600 [INFO]     [140/431] TCGA-FD-A6TC-01A
2026-04-28 15:29:23,627 [INFO]     [141/431] TCGA-DK-AA6X-01A
2026-04-28 15:29:26,685 [INFO]     [142/431] TCGA-FD-A5C0-01A
2026-04-28 15:29:30,856 [INFO]     [143/431] TCGA-ZF-AA58-01A
2026-04-28 15:29:34,324 [INFO]     [144/431] TCGA-XF-AAMH-01A
2026-04-28 15:29:37,589 [INFO]     [145/431] TCGA-BL-A3JM-01A
2026-04-28 15:29:40,630 [INFO]     [146/431] TCGA-FD-A43U-01A
2026-04-28 15:29:44,611 [INFO]     [147/431] TCGA-XF-AAMW-01A
2026-04-28 15:29:45,162 [WARNING]     Failed to download a422753c-ed27-46a4-a96f-fa2e3d301a2f: ('Connection aborted.', ConnectionResetError(54, 'Connection reset by peer'))
2026-04-28 15:29:45,367 [INFO]     [148/431] TCGA-DK-A3IL-01A
2026-04-28 15:29:48,712 [INFO]     [149/431] TCGA-XF-A8HC-01A
2026-04-28 15:29:52,049 [INFO]     [150/431] TCGA-DK-A3IS-01A
2026-04-28 15:29:55,417 [INFO]     [151/431] TCGA-4Z-AA7M-01A
2026-04-28 15:29:58,581 [INFO]     [152/431] TCGA-E5-A4U1-01A
2026-04-28 15:30:02,131 [INFO]     [153/431] TCGA-E7-A8O7-01A
2026-04-28 15:30:05,505 [INFO]     [154/431] TCGA-E7-A7XN-01A
2026-04-28 15:30:08,551 [INFO]     [155/431] TCGA-ZF-AA5P-01A
2026-04-28 15:30:11,684 [INFO]     [156/431] TCGA-G2-A2EC-01A
2026-04-28 15:30:15,145 [INFO]     [157/431] TCGA-BT-A20V-01A
2026-04-28 15:30:18,833 [INFO]     [158/431] TCGA-GC-A3WC-01A
2026-04-28 15:30:21,968 [INFO]     [159/431] TCGA-FD-A3B6-01A
2026-04-28 15:30:25,220 [INFO]     [160/431] TCGA-K4-A5RI-01A
2026-04-28 15:30:28,252 [INFO]     [161/431] TCGA-XF-A9T8-01A
2026-04-28 15:30:32,342 [INFO]     [162/431] TCGA-GD-A3OP-01A
2026-04-28 15:30:36,011 [INFO]     [163/431] TCGA-4Z-AA82-01A
2026-04-28 15:30:39,169 [INFO]     [164/431] TCGA-C4-A0F0-01A
2026-04-28 15:30:42,180 [INFO]     [165/431] TCGA-DK-A3X2-01A
2026-04-28 15:30:45,677 [INFO]     [166/431] TCGA-XF-A9SU-01A
2026-04-28 15:30:49,121 [INFO]     [167/431] TCGA-DK-A1A7-01A
2026-04-28 15:30:52,478 [INFO]     [168/431] TCGA-BT-A20Q-11A
2026-04-28 15:30:55,631 [INFO]     [169/431] TCGA-E7-A7DV-01A
2026-04-28 15:30:58,880 [INFO]     [170/431] TCGA-CF-A8HX-01A
2026-04-28 15:31:02,196 [INFO]     [171/431] TCGA-SY-A9G0-01A
2026-04-28 15:31:05,379 [INFO]     [172/431] TCGA-FD-A3SL-01A
2026-04-28 15:31:10,834 [INFO]     [173/431] TCGA-FD-A3SM-01A
2026-04-28 15:31:13,975 [INFO]     [174/431] TCGA-4Z-AA7Y-01A
2026-04-28 15:31:17,120 [INFO]     [175/431] TCGA-E7-A5KE-01A
2026-04-28 15:31:20,353 [INFO]     [176/431] TCGA-FD-A5BV-01A
2026-04-28 15:31:23,194 [INFO]     [177/431] TCGA-5N-A9KI-01A
2026-04-28 15:31:26,549 [INFO]     [178/431] TCGA-BL-A13J-01B
2026-04-28 15:31:29,482 [INFO]     [179/431] TCGA-GC-A6I1-01A
2026-04-28 15:31:32,848 [INFO]     [180/431] TCGA-ZF-AA4U-01A
2026-04-28 15:31:36,914 [INFO]     [181/431] TCGA-DK-A2I4-01A
2026-04-28 15:31:41,739 [INFO]     [182/431] TCGA-UY-A8OC-01A
2026-04-28 15:31:45,408 [INFO]     [183/431] TCGA-G2-A2EK-01A
2026-04-28 15:31:48,572 [INFO]     [184/431] TCGA-DK-AA6R-01A
2026-04-28 15:31:52,457 [INFO]     [185/431] TCGA-UY-A78K-01A
2026-04-28 15:31:55,913 [INFO]     [186/431] TCGA-GD-A2C5-01A
2026-04-28 15:31:59,281 [INFO]     [187/431] TCGA-K4-A6MB-01A
2026-04-28 15:32:02,773 [INFO]     [188/431] TCGA-ZF-AA4W-01A
2026-04-28 15:32:06,015 [INFO]     [189/431] TCGA-DK-AA6W-01A
2026-04-28 15:32:09,390 [INFO]     [190/431] TCGA-CF-A8HY-01A
2026-04-28 15:32:14,505 [INFO]     [191/431] TCGA-GC-A3RD-01A
2026-04-28 15:32:18,084 [INFO]     [192/431] TCGA-4Z-AA7R-01A
2026-04-28 15:32:21,239 [INFO]     [193/431] TCGA-BT-A3PK-01A
2026-04-28 15:32:24,374 [INFO]     [194/431] TCGA-E7-A519-01A
2026-04-28 15:32:27,729 [INFO]     [195/431] TCGA-E7-A7DU-01A
2026-04-28 15:32:30,876 [INFO]     [196/431] TCGA-ZF-A9RN-01A
2026-04-28 15:32:34,024 [INFO]     [197/431] TCGA-BT-A2LA-01A
2026-04-28 15:32:38,136 [INFO]     [198/431] TCGA-CF-A27C-01A
2026-04-28 15:32:41,686 [INFO]     [199/431] TCGA-FT-A61P-01A
2026-04-28 15:32:45,146 [INFO]     [200/431] TCGA-ZF-A9RM-01A
2026-04-28 15:32:48,184 [INFO]     [201/431] TCGA-E7-A8O8-01A
2026-04-28 15:32:51,512 [INFO]     [202/431] TCGA-XF-AAN2-01A
2026-04-28 15:32:54,681 [INFO]     [203/431] TCGA-G2-A2EO-01A
2026-04-28 15:32:58,129 [INFO]     [204/431] TCGA-CF-A9FL-01A
2026-04-28 15:33:01,181 [INFO]     [205/431] TCGA-5N-A9KM-01A
2026-04-28 15:33:04,225 [INFO]     [206/431] TCGA-CF-A47Y-01A
2026-04-28 15:33:07,473 [INFO]     [207/431] TCGA-YC-A8S6-01A
2026-04-28 15:33:10,723 [INFO]     [208/431] TCGA-KQ-A41Q-01A
2026-04-28 15:33:13,978 [INFO]     [209/431] TCGA-PQ-A6FN-01A
2026-04-28 15:33:17,307 [INFO]     [210/431] TCGA-CF-A1HS-01A
2026-04-28 15:33:20,578 [INFO]     [211/431] TCGA-C4-A0F1-01A
2026-04-28 15:33:23,628 [INFO]     [212/431] TCGA-UY-A9PD-01A
2026-04-28 15:33:26,875 [INFO]     [213/431] TCGA-CU-A3QU-01A
2026-04-28 15:33:30,240 [INFO]     [214/431] TCGA-ZF-A9R2-01A
2026-04-28 15:33:33,479 [INFO]     [215/431] TCGA-ZF-AA4R-01A
2026-04-28 15:33:36,606 [INFO]     [216/431] TCGA-UY-A78P-01A
2026-04-28 15:33:39,787 [INFO]     [217/431] TCGA-XF-AAN4-01A
2026-04-28 15:33:43,125 [INFO]     [218/431] TCGA-UY-A78L-01A
2026-04-28 15:33:46,400 [INFO]     [219/431] TCGA-G2-A3IE-01A
2026-04-28 15:33:49,244 [INFO]     [220/431] TCGA-CF-A47W-01A
2026-04-28 15:33:52,063 [INFO]     [221/431] TCGA-FD-A6TI-01A
2026-04-28 15:33:55,417 [INFO]     [222/431] TCGA-DK-AA71-01A
2026-04-28 15:34:00,651 [INFO]     [223/431] TCGA-K4-A4AC-01A
2026-04-28 15:34:04,722 [INFO]     [224/431] TCGA-DK-A2I2-01A
2026-04-28 15:34:08,738 [INFO]     [225/431] TCGA-XF-AAN3-01A
2026-04-28 15:34:12,509 [INFO]     [226/431] TCGA-ZF-A9RE-01A
2026-04-28 15:34:16,079 [INFO]     [227/431] TCGA-BT-A0YX-01A
2026-04-28 15:34:19,527 [INFO]     [228/431] TCGA-BT-A42C-01A
2026-04-28 15:34:22,896 [INFO]     [229/431] TCGA-CF-A7I0-01A
2026-04-28 15:34:26,047 [INFO]     [230/431] TCGA-DK-A2HX-01A
2026-04-28 15:34:29,088 [INFO]     [231/431] TCGA-G2-A2EL-01A
2026-04-28 15:34:32,231 [INFO]     [232/431] TCGA-XF-A9ST-01A
2026-04-28 15:34:35,481 [INFO]     [233/431] TCGA-FD-A6TB-01A
2026-04-28 15:34:38,527 [INFO]     [234/431] TCGA-GV-A3QH-01A
2026-04-28 15:34:41,566 [INFO]     [235/431] TCGA-4Z-AA81-01A
2026-04-28 15:34:44,830 [INFO]     [236/431] TCGA-DK-A1AC-01A
2026-04-28 15:34:48,168 [INFO]     [237/431] TCGA-ZF-A9R4-01A
2026-04-28 15:34:51,641 [INFO]     [238/431] TCGA-GU-AATP-01A
2026-04-28 15:34:58,252 [INFO]     [239/431] TCGA-UY-A78O-01A
2026-04-28 15:35:02,332 [INFO]     [240/431] TCGA-DK-A3IM-01A
2026-04-28 15:35:05,584 [INFO]     [241/431] TCGA-DK-A1AE-01A
2026-04-28 15:35:08,613 [INFO]     [242/431] TCGA-K4-A54R-11A
2026-04-28 15:35:11,977 [INFO]     [243/431] TCGA-K4-A54R-01A
2026-04-28 15:35:15,019 [INFO]     [244/431] TCGA-BL-A13J-01A
2026-04-28 15:35:18,376 [INFO]     [245/431] TCGA-BL-A13J-01A
2026-04-28 15:35:21,613 [INFO]     [246/431] TCGA-C4-A0F6-01A
2026-04-28 15:35:24,666 [INFO]     [247/431] TCGA-ZF-A9R0-01A
2026-04-28 15:35:27,805 [INFO]     [248/431] TCGA-FD-A3B8-01A
2026-04-28 15:35:30,847 [INFO]     [249/431] TCGA-FD-A6TE-01A
2026-04-28 15:35:34,198 [INFO]     [250/431] TCGA-4Z-AA80-01A
2026-04-28 15:35:37,251 [INFO]     [251/431] TCGA-4Z-AA89-01A
2026-04-28 15:35:40,179 [INFO]     [252/431] TCGA-E7-A5KF-01A
2026-04-28 15:35:43,331 [INFO]     [253/431] TCGA-K4-A6FZ-01A
2026-04-28 15:35:46,577 [INFO]     [254/431] TCGA-YF-AA3L-01A
2026-04-28 15:35:49,736 [INFO]     [255/431] TCGA-XF-A9T3-01A
2026-04-28 15:35:56,411 [INFO]     [256/431] TCGA-DK-AA6Q-01A
2026-04-28 15:35:59,888 [INFO]     [257/431] TCGA-LT-A8JT-01A
2026-04-28 15:36:03,345 [INFO]     [258/431] TCGA-2F-A9KP-01A
2026-04-28 15:36:07,540 [INFO]     [259/431] TCGA-XF-A9SI-01A
2026-04-28 15:36:11,966 [INFO]     [260/431] TCGA-GD-A76B-01A
2026-04-28 15:36:15,736 [INFO]     [261/431] TCGA-ZF-AA52-01A
2026-04-28 15:36:19,301 [INFO]     [262/431] TCGA-FD-A5BX-01A
2026-04-28 15:36:22,962 [INFO]     [263/431] TCGA-FD-A3SJ-01A
2026-04-28 15:36:26,523 [INFO]     [264/431] TCGA-YC-A9TC-01A
2026-04-28 15:36:30,181 [INFO]     [265/431] TCGA-FJ-A3Z9-01A
2026-04-28 15:36:33,742 [INFO]     [266/431] TCGA-DK-A3X1-01A
2026-04-28 15:36:37,335 [INFO]     [267/431] TCGA-BT-A20J-01A
2026-04-28 15:36:40,596 [INFO]     [268/431] TCGA-CF-A9FF-01A
2026-04-28 15:36:43,948 [INFO]     [269/431] TCGA-XF-A9SP-01A
2026-04-28 15:36:47,092 [INFO]     [270/431] TCGA-XF-A8HE-01A
2026-04-28 15:36:50,157 [INFO]     [271/431] TCGA-E7-A6ME-01A
2026-04-28 15:36:53,258 [INFO]     [272/431] TCGA-XF-AAN7-01A
2026-04-28 16:02:03,893 [WARNING]     Failed to download 3bc655bf-2b44-4d75-b1d6-47c12e1af743: HTTPSConnectionPool(host='api.gdc.cancer.gov', port=443): Read timed out. (read timeout=120)
2026-04-28 16:02:04,101 [INFO]     [273/431] TCGA-KQ-A41O-01A
2026-04-28 16:02:08,801 [INFO]     [274/431] TCGA-XF-A9SX-01A
2026-04-28 16:02:11,914 [INFO]     [275/431] TCGA-FD-A5BZ-01A
2026-04-28 16:02:15,362 [INFO]     [276/431] TCGA-DK-A6AV-01A
2026-04-28 16:02:18,499 [INFO]     [277/431] TCGA-GC-A3RC-01A
2026-04-28 16:02:21,650 [INFO]     [278/431] TCGA-DK-A3IU-01A
2026-04-28 16:02:27,541 [INFO]     [279/431] TCGA-GC-A3BM-01A
2026-04-28 16:02:30,810 [INFO]     [280/431] TCGA-C4-A0F7-01A
2026-04-28 16:02:33,954 [INFO]     [281/431] TCGA-DK-A3IQ-01A
2026-04-28 16:02:37,014 [INFO]     [282/431] TCGA-CF-A9FM-01A
2026-04-28 16:02:40,079 [INFO]     [283/431] TCGA-FD-A3SQ-01A
2026-04-28 16:02:43,180 [INFO]     [284/431] TCGA-BL-A0C8-01A
2026-04-28 16:02:46,361 [INFO]     [285/431] TCGA-GC-A3RB-01A
2026-04-28 16:02:49,313 [INFO]     [286/431] TCGA-YF-AA3M-01A
2026-04-28 16:02:52,270 [INFO]     [287/431] TCGA-DK-A1A5-01A
2026-04-28 16:02:55,332 [INFO]     [288/431] TCGA-GV-A3QF-01A
2026-04-28 16:02:58,327 [INFO]     [289/431] TCGA-ZF-A9RL-01A
2026-04-28 16:03:01,710 [INFO]     [290/431] TCGA-UY-A78M-01A
2026-04-28 16:03:05,133 [INFO]     [291/431] TCGA-GV-A3QI-01A
2026-04-28 16:03:08,116 [INFO]     [292/431] TCGA-H4-A2HO-01A
2026-04-28 16:03:11,219 [INFO]     [293/431] TCGA-CU-A3YL-01A
2026-04-28 16:03:14,331 [INFO]     [294/431] TCGA-ZF-AA51-01A
2026-04-28 16:03:17,363 [INFO]     [295/431] TCGA-CF-A47T-01A
2026-04-28 16:03:20,346 [INFO]     [296/431] TCGA-ZF-AA4T-01A
2026-04-28 16:03:23,387 [INFO]     [297/431] TCGA-GC-A3OO-01A
2026-04-28 16:03:26,605 [INFO]     [298/431] TCGA-CF-A3MF-01A
2026-04-28 16:03:29,513 [INFO]     [299/431] TCGA-DK-A3WW-01A
2026-04-28 16:03:32,615 [INFO]     [300/431] TCGA-G2-A2EF-01A
2026-04-28 16:03:35,998 [INFO]     [301/431] TCGA-GD-A3OQ-01A
2026-04-28 16:03:39,205 [INFO]     [302/431] TCGA-GD-A3OS-01A
2026-04-28 16:03:42,335 [INFO]     [303/431] TCGA-GC-A3WC-11A
2026-04-28 16:03:45,403 [INFO]     [304/431] TCGA-DK-AA6S-01A
2026-04-28 16:03:48,358 [INFO]     [305/431] TCGA-BT-A20W-11A
2026-04-28 16:03:51,460 [INFO]     [306/431] TCGA-UY-A9PA-01A
2026-04-28 16:03:54,480 [INFO]     [307/431] TCGA-BL-A13J-11A
2026-04-28 16:03:57,805 [INFO]     [308/431] TCGA-BT-A0S7-01A
2026-04-28 16:04:00,796 [INFO]     [309/431] TCGA-FD-A3SR-01A
2026-04-28 16:04:03,645 [INFO]     [310/431] TCGA-S5-A6DX-01A
2026-04-28 16:04:06,492 [INFO]     [311/431] TCGA-FD-A43S-01A
2026-04-28 16:04:09,478 [INFO]     [312/431] TCGA-CU-A5W6-01A
2026-04-28 16:04:12,539 [INFO]     [313/431] TCGA-XF-A9T2-01A
2026-04-28 16:04:15,394 [INFO]     [314/431] TCGA-ZF-A9R5-01A
2026-04-28 16:04:18,498 [INFO]     [315/431] TCGA-GC-A6I3-01A
2026-04-28 16:04:21,706 [INFO]     [316/431] TCGA-GC-A6I3-11A
2026-04-28 16:04:24,696 [INFO]     [317/431] TCGA-CF-A5UA-01A
2026-04-28 16:04:28,157 [INFO]     [318/431] TCGA-BT-A20O-01A
2026-04-28 16:04:31,104 [INFO]     [319/431] TCGA-XF-AAN5-01A
2026-04-28 16:04:34,469 [INFO]     [320/431] TCGA-BL-A5ZZ-01A
2026-04-28 16:04:37,471 [INFO]     [321/431] TCGA-DK-A1A3-01A
2026-04-28 16:04:40,535 [INFO]     [322/431] TCGA-G2-A2EJ-01A
2026-04-28 16:04:43,646 [INFO]     [323/431] TCGA-FD-A6TD-01A
2026-04-28 16:04:46,860 [INFO]     [324/431] TCGA-XF-AAME-01A
2026-04-28 16:04:50,232 [INFO]     [325/431] TCGA-E7-A3X6-01A
2026-04-28 16:04:53,428 [INFO]     [326/431] TCGA-E7-A85H-01A
2026-04-28 16:04:56,580 [INFO]     [327/431] TCGA-E5-A4TZ-01A
2026-04-28 16:04:59,653 [INFO]     [328/431] TCGA-DK-AA6L-01A
2026-04-28 16:05:02,731 [INFO]     [329/431] TCGA-GU-AATO-01A
2026-04-28 16:05:05,472 [INFO]     [330/431] TCGA-G2-A3VY-01A
2026-04-28 16:05:08,514 [INFO]     [331/431] TCGA-ZF-A9R7-01A
2026-04-28 16:05:11,640 [INFO]     [332/431] TCGA-DK-AA75-01A
2026-04-28 16:05:14,601 [INFO]     [333/431] TCGA-H4-A2HQ-01A
2026-04-28 16:05:17,761 [INFO]     [334/431] TCGA-BT-A2LB-01A
2026-04-28 16:05:20,854 [INFO]     [335/431] TCGA-CF-A47S-01A
2026-04-28 16:05:23,822 [INFO]     [336/431] TCGA-MV-A51V-01A
2026-04-28 16:05:26,888 [INFO]     [337/431] TCGA-K4-A3WV-01A
2026-04-28 16:05:29,894 [INFO]     [338/431] TCGA-K4-A3WV-11A
2026-04-28 16:05:33,039 [INFO]     [339/431] TCGA-DK-A3WX-01A
2026-04-28 16:05:35,900 [INFO]     [340/431] TCGA-ZF-AA4X-01A
2026-04-28 16:05:38,968 [INFO]     [341/431] TCGA-ZF-A9R1-01A
2026-04-28 16:05:41,902 [INFO]     [342/431] TCGA-LT-A5Z6-01A
2026-04-28 16:05:45,016 [INFO]     [343/431] TCGA-DK-AA77-01A
2026-04-28 16:05:47,993 [INFO]     [344/431] TCGA-DK-A1AF-01A
2026-04-28 16:05:51,573 [INFO]     [345/431] TCGA-BL-A13I-01B
2026-04-28 16:05:54,564 [INFO]     [346/431] TCGA-E7-A3Y1-01A
2026-04-28 16:05:57,615 [INFO]     [347/431] TCGA-DK-A1AG-01A
2026-04-28 16:06:00,775 [INFO]     [348/431] TCGA-E7-A6MF-01A
2026-04-28 16:06:03,863 [INFO]     [349/431] TCGA-CF-A3MI-01A
2026-04-28 16:06:06,901 [INFO]     [350/431] TCGA-XF-AAMX-01A
2026-04-28 16:06:09,958 [INFO]     [351/431] TCGA-ZF-AA5N-01A
2026-04-28 16:06:12,975 [INFO]     [352/431] TCGA-E7-A4IJ-01A
2026-04-28 16:06:16,051 [INFO]     [353/431] TCGA-ZF-A9RF-01A
2026-04-28 16:06:19,028 [INFO]     [354/431] TCGA-UY-A8OB-01A
2026-04-28 16:06:21,982 [INFO]     [355/431] TCGA-UY-A9PE-01A
2026-04-28 16:06:25,165 [INFO]     [356/431] TCGA-UY-A9PB-01A
2026-04-28 16:06:27,957 [INFO]     [357/431] TCGA-CU-A0YR-01A
2026-04-28 16:06:30,775 [INFO]     [358/431] TCGA-CU-A0YR-11A
2026-04-28 16:06:34,074 [INFO]     [359/431] TCGA-BT-A3PJ-01A
2026-04-28 16:06:37,199 [INFO]     [360/431] TCGA-FD-A3B7-01A
2026-04-28 16:06:40,311 [INFO]     [361/431] TCGA-CU-A0YN-01A
2026-04-28 16:06:43,308 [INFO]     [362/431] TCGA-ZF-AA4N-01A
2026-04-28 16:06:46,043 [INFO]     [363/431] TCGA-FD-A3SS-01A
2026-04-28 16:56:12,931 [WARNING]     Failed to download bf98764d-1604-4a14-8e06-1c785a085db9: HTTPSConnectionPool(host='api.gdc.cancer.gov', port=443): Read timed out.
2026-04-28 16:56:13,143 [INFO]     [364/431] TCGA-HQ-A5ND-01A
2026-04-28 16:56:18,084 [INFO]     [365/431] TCGA-ZF-AA5H-01A
2026-04-28 16:56:21,281 [INFO]     [366/431] TCGA-E7-A7PW-01A
2026-04-28 16:56:24,628 [INFO]     [367/431] TCGA-FD-A62S-01A
2026-04-28 16:56:28,852 [INFO]     [368/431] TCGA-DK-A2I1-01A
2026-04-28 16:56:32,571 [INFO]     [369/431] TCGA-GU-A42R-01A
2026-04-28 16:56:35,995 [INFO]     [370/431] TCGA-FD-A6TH-01A
2026-04-28 16:56:39,037 [INFO]     [371/431] TCGA-DK-AA6U-01A
2026-04-28 16:56:42,036 [INFO]     [372/431] TCGA-FD-A6TG-01A
2026-04-28 16:56:45,207 [INFO]     [373/431] TCGA-CF-A9FH-01A
2026-04-28 16:56:48,299 [INFO]     [374/431] TCGA-BT-A20U-11A
2026-04-28 16:56:51,142 [INFO]     [375/431] TCGA-4Z-AA7W-01A
2026-04-28 17:30:22,501 [WARNING]     Failed to download f61fb2f4-d12a-4452-8c20-9679dee50937: HTTPSConnectionPool(host='api.gdc.cancer.gov', port=443): Read timed out. (read timeout=120)
2026-04-28 17:30:22,708 [INFO]     [376/431] TCGA-XF-A9SY-01A
2026-04-28 17:30:27,076 [INFO]     [377/431] TCGA-XF-AAMQ-01A
2026-04-28 17:30:29,988 [INFO]     [378/431] TCGA-4Z-AA7O-01A
2026-04-28 17:30:32,902 [INFO]     [379/431] TCGA-FD-A3N6-01A
2026-04-28 17:30:36,133 [INFO]     [380/431] TCGA-DK-A1AD-01A
2026-04-28 17:30:39,188 [INFO]     [381/431] TCGA-FD-A3B4-01A
2026-04-28 17:30:42,194 [INFO]     [382/431] TCGA-E7-A4XJ-01A
2026-04-28 17:30:46,509 [INFO]     [383/431] TCGA-XF-AAMJ-01A
2026-04-28 17:30:49,655 [INFO]     [384/431] TCGA-E7-A6MD-01A
2026-04-28 17:30:52,528 [INFO]     [385/431] TCGA-BT-A3PH-01A
2026-04-28 17:30:55,494 [INFO]     [386/431] TCGA-4Z-AA86-01A
2026-04-28 17:30:58,369 [INFO]     [387/431] TCGA-YC-A89H-01A
2026-04-28 17:31:01,331 [INFO]     [388/431] TCGA-XF-AAMY-01A
2026-04-28 17:31:04,306 [INFO]     [389/431] TCGA-S5-AA26-01A
2026-04-28 17:31:07,634 [INFO]     [390/431] TCGA-XF-AAN8-01A
2026-04-28 17:31:10,693 [INFO]     [391/431] TCGA-CU-A72E-01A
2026-04-28 17:31:13,511 [INFO]     [392/431] TCGA-XF-A9SH-01A
2026-04-28 17:31:16,590 [INFO]     [393/431] TCGA-G2-A3IB-01A
2026-04-28 17:31:19,543 [INFO]     [394/431] TCGA-CF-A3MH-01A
2026-04-28 17:31:22,537 [INFO]     [395/431] TCGA-XF-A9SM-01A
2026-04-28 18:06:32,117 [WARNING]     Failed to download 21992c62-7349-47f8-91d0-3e55f2f8deda: HTTPSConnectionPool(host='api.gdc.cancer.gov', port=443): Read timed out.
2026-04-28 18:06:32,320 [INFO]     [396/431] TCGA-XF-A8HG-01A
2026-04-28 18:06:36,944 [INFO]     [397/431] TCGA-XF-A9SJ-01A
2026-04-28 18:06:39,952 [INFO]     [398/431] TCGA-FD-A5BS-01A
2026-04-28 18:06:42,939 [INFO]     [399/431] TCGA-2F-A9KT-01A
2026-04-28 18:06:46,008 [INFO]     [400/431] TCGA-FD-A5BT-01A
2026-04-28 18:06:48,976 [INFO]     [401/431] TCGA-KQ-A41S-01A
2026-04-28 18:06:51,844 [INFO]     [402/431] TCGA-ZF-AA4V-01A
2026-04-28 18:55:21,606 [WARNING]     Failed to download a4301a19-9d37-4298-bf6f-08d72f083e40: HTTPSConnectionPool(host='api.gdc.cancer.gov', port=443): Read timed out.
2026-04-28 18:55:21,813 [INFO]     [403/431] TCGA-FT-A3EE-01A
2026-04-28 18:55:26,787 [INFO]     [404/431] TCGA-UY-A9PH-01A
2026-04-28 18:55:30,080 [INFO]     [405/431] TCGA-XF-A9SV-01A
2026-04-28 18:55:33,337 [INFO]     [406/431] TCGA-BT-A2LB-11A
2026-04-28 18:55:36,444 [INFO]     [407/431] TCGA-FD-A43Y-01A
2026-04-28 18:55:39,359 [INFO]     [408/431] TCGA-DK-AA76-01A
2026-04-28 18:55:42,447 [INFO]     [409/431] TCGA-E7-A677-01A
2026-04-28 19:10:45,964 [INFO]     [410/431] TCGA-DK-A6B5-01A
2026-04-28 19:10:48,949 [INFO]     [411/431] TCGA-KQ-A41P-01A
2026-04-28 19:10:52,071 [INFO]     [412/431] TCGA-GV-A3JX-01A
2026-04-28 19:10:55,002 [INFO]     [413/431] TCGA-XF-A9SZ-01A
2026-04-28 19:10:57,992 [INFO]     [414/431] TCGA-G2-AA3D-01A
2026-04-28 19:11:01,519 [INFO]     [415/431] TCGA-CF-A47V-01A
2026-04-28 19:11:05,716 [INFO]     [416/431] TCGA-XF-AAN0-01A
2026-04-28 19:11:09,292 [INFO]     [417/431] TCGA-ZF-AA56-01A
2026-04-28 19:11:12,211 [INFO]     [418/431] TCGA-ZF-A9R9-01A
2026-04-28 19:11:15,394 [INFO]     [419/431] TCGA-BL-A13I-01A
2026-04-28 19:11:18,470 [INFO]     [420/431] TCGA-BL-A13I-01A
2026-04-28 19:11:21,744 [INFO]     [421/431] TCGA-BT-A20P-01A
2026-04-28 19:11:24,700 [INFO]     [422/431] TCGA-GU-A763-01A
2026-04-28 19:56:09,143 [WARNING]     Failed to download 8587b809-2355-461b-9d55-4c7952c128a2: HTTPSConnectionPool(host='api.gdc.cancer.gov', port=443): Read timed out.
2026-04-28 19:56:09,350 [INFO]     [423/431] TCGA-XF-A9T4-01A
2026-04-28 19:56:13,540 [INFO]     [424/431] TCGA-XF-A9T5-01A
2026-04-28 19:56:16,644 [INFO]     [425/431] TCGA-DK-AA6T-01A
2026-04-28 19:56:20,078 [INFO]     [426/431] TCGA-BT-A20R-11A
2026-04-28 19:56:24,458 [INFO]     [427/431] TCGA-BT-A20R-01A
2026-04-28 19:56:28,472 [INFO]     [428/431] TCGA-FD-A6TA-01A
2026-04-28 19:56:31,426 [INFO]     [429/431] TCGA-UY-A8OD-01A
2026-04-28 19:56:34,540 [INFO]     [430/431] TCGA-FJ-A3ZF-01A
2026-04-28 19:56:37,400 [INFO]     [431/431] TCGA-4Z-AA7Q-01A
2026-04-28 19:56:40,552 [INFO]   Building matrix (424 samples)...
2026-04-28 20:12:11,866 [INFO]   ✅ Saved: cohort_matrices/TCGA-BLCA_STAR_counts_matrix.csv  (60660 genes × 424 samples)
2026-04-28 20:12:12,205 [INFO] 
=======================================================
2026-04-28 20:12:12,205 [INFO] COHORT 3/33: TCGA-BRCA
2026-04-28 20:12:12,205 [INFO] =======================================================
2026-04-28 20:12:12,205 [INFO]   Fetching file list for TCGA-BRCA...
2026-04-28 20:12:13,130 [INFO]     500 / 1231 files retrieved...
2026-04-28 20:12:14,128 [INFO]     1000 / 1231 files retrieved...
2026-04-28 20:12:15,064 [INFO]     1231 / 1231 files retrieved...
2026-04-28 20:12:15,065 [INFO]   Total files found for TCGA-BRCA: 1231
2026-04-28 20:12:15,065 [INFO]   Downloading 1231 files for TCGA-BRCA...
2026-04-28 20:12:15,065 [INFO]     [1/1231] TCGA-BH-A18H-01A
2026-04-28 20:12:20,121 [INFO]     [2/1231] TCGA-E2-A14P-01A
2026-04-28 20:12:24,855 [INFO]     [3/1231] TCGA-AN-A04A-01A
2026-04-28 20:12:29,236 [INFO]     [4/1231] TCGA-5L-AAT1-01A
2026-04-28 20:12:36,196 [INFO]     [5/1231] TCGA-GI-A2C8-11A
2026-04-28 20:12:39,425 [INFO]     [6/1231] TCGA-AQ-A0Y5-01A
2026-04-28 20:12:43,062 [INFO]     [7/1231] TCGA-A8-A07I-01A
2026-04-28 20:12:46,364 [INFO]     [8/1231] TCGA-E9-A1R4-01A
2026-04-28 20:12:49,495 [INFO]     [9/1231] TCGA-AC-A8OP-01A
2026-04-28 20:12:53,510 [INFO]     [10/1231] TCGA-AR-A24Q-01A
2026-04-28 20:56:04,533 [WARNING]     Failed to download 5cce30f3-99ae-4959-987a-0d280dc2ec44: HTTPSConnectionPool(host='api.gdc.cancer.gov', port=443): Read timed out.
2026-04-28 20:56:04,735 [INFO]     [11/1231] TCGA-D8-A1XU-01A
2026-04-28 20:56:10,280 [INFO]     [12/1231] TCGA-AO-A03N-01B
2026-04-28 20:56:13,966 [INFO]     [13/1231] TCGA-A1-A0SN-01A
2026-04-28 20:56:18,646 [INFO]     [14/1231] TCGA-D8-A1JP-01A
2026-04-28 20:56:22,850 [INFO]     [15/1231] TCGA-D8-A1XL-01A
2026-04-28 20:56:26,029 [INFO]     [16/1231] TCGA-B6-A1KI-01A
2026-04-28 20:56:29,246 [INFO]     [17/1231] TCGA-B6-A0IP-01A
2026-04-28 20:56:32,449 [INFO]     [18/1231] TCGA-B6-A0IM-01A
2026-04-28 20:56:35,879 [INFO]     [19/1231] TCGA-A1-A0SB-01A
2026-04-28 20:56:39,114 [INFO]     [20/1231] TCGA-A8-A08B-01A
2026-04-28 21:45:14,116 [WARNING]     Failed to download 111b2865-e7dc-45c9-b206-20b5713714bc: HTTPSConnectionPool(host='api.gdc.cancer.gov', port=443): Read timed out.
2026-04-28 21:45:14,326 [INFO]     [21/1231] TCGA-AN-A0FD-01A
2026-04-28 21:45:19,424 [INFO]     [22/1231] TCGA-3C-AALJ-01A
2026-04-28 21:45:22,766 [INFO]     [23/1231] TCGA-AC-A4ZE-01A
2026-04-28 21:45:26,083 [INFO]     [24/1231] TCGA-AO-A124-01A
2026-04-28 21:45:30,584 [INFO]     [25/1231] TCGA-AR-A24M-01A
2026-04-28 21:45:34,450 [INFO]     [26/1231] TCGA-E9-A22A-01A
2026-04-28 21:45:37,998 [INFO]     [27/1231] TCGA-BH-A0BZ-01A
2026-04-28 21:45:41,412 [INFO]     [28/1231] TCGA-BH-A0BW-11A
2026-04-28 21:45:44,499 [INFO]     [29/1231] TCGA-BH-A1FE-11B
2026-04-28 21:45:47,630 [INFO]     [30/1231] TCGA-A8-A07F-01A
2026-04-28 22:27:01,844 [WARNING]     Failed to download fc0e74d2-ab94-48b1-8e31-808bde7a3fe6: HTTPSConnectionPool(host='api.gdc.cancer.gov', port=443): Read timed out.
2026-04-28 22:27:02,055 [INFO]     [31/1231] TCGA-B6-A0WT-01A
2026-04-28 22:27:07,545 [INFO]     [32/1231] TCGA-C8-A12Y-01A
2026-04-28 22:27:10,551 [INFO]     [33/1231] TCGA-AN-A0FF-01A
2026-04-28 22:27:13,581 [INFO]     [34/1231] TCGA-BH-A1F5-01A
2026-04-28 22:27:16,553 [INFO]     [35/1231] TCGA-D8-A1Y2-01A
2026-04-28 22:27:19,482 [INFO]     [36/1231] TCGA-BH-A1FB-11A
2026-04-28 22:27:22,561 [INFO]     [37/1231] TCGA-BH-A0B6-01A
2026-04-28 22:27:25,387 [INFO]     [38/1231] TCGA-A8-A093-01A
2026-04-28 22:27:28,222 [INFO]     [39/1231] TCGA-E9-A1NF-11A
2026-04-28 22:27:31,037 [INFO]     [40/1231] TCGA-E2-A1B1-01A
2026-04-28 22:27:34,075 [INFO]     [41/1231] TCGA-AR-A255-01A
2026-04-28 22:27:37,217 [INFO]     [42/1231] TCGA-B6-A0WX-01A
2026-04-28 22:51:37,547 [WARNING]     Failed to download f2a4b38d-bfc0-4363-9a58-b5fa2af26ff3: HTTPSConnectionPool(host='api.gdc.cancer.gov', port=443): Read timed out.
2026-04-28 22:51:37,756 [INFO]     [43/1231] TCGA-EW-A1J2-01A
2026-04-28 22:51:43,582 [INFO]     [44/1231] TCGA-A1-A0SP-01A
2026-04-28 22:51:46,850 [INFO]     [45/1231] TCGA-BH-A1F8-01A
2026-04-28 22:51:50,094 [INFO]     [46/1231] TCGA-BH-A1F8-11B
2026-04-28 22:51:53,579 [INFO]     [47/1231] TCGA-AC-A3HN-01A
2026-04-28 22:51:56,743 [INFO]     [48/1231] TCGA-B6-A0RT-01A
2026-04-28 23:28:56,410 [WARNING]     Failed to download 08b0fe4c-ee3c-4510-b75a-6d240cb038cc: HTTPSConnectionPool(host='api.gdc.cancer.gov', port=443): Read timed out.
2026-04-28 23:28:56,612 [INFO]     [49/1231] TCGA-A8-A08P-01A
2026-04-28 23:29:01,054 [INFO]     [50/1231] TCGA-BH-A0HN-01A
2026-04-28 23:29:04,158 [INFO]     [51/1231] TCGA-BH-A0H0-01A
2026-04-28 23:29:07,289 [INFO]     [52/1231] TCGA-BH-A18T-01A
2026-04-28 23:29:10,922 [INFO]     [53/1231] TCGA-BH-A0H9-01A
2026-04-28 23:29:14,989 [INFO]     [54/1231] TCGA-E2-A14S-01A
2026-04-28 23:29:18,081 [INFO]     [55/1231] TCGA-BH-A209-11A
2026-04-28 23:29:21,295 [INFO]     [56/1231] TCGA-A7-A26G-01A
2026-04-28 23:29:24,429 [INFO]     [57/1231] TCGA-W8-A86G-01A
2026-04-28 23:29:27,357 [INFO]     [58/1231] TCGA-B6-A0IH-01A
2026-04-28 23:29:30,359 [INFO]     [59/1231] TCGA-E2-A574-01A
2026-04-28 23:29:33,346 [INFO]     [60/1231] TCGA-A1-A0SG-01A
2026-04-29 00:19:54,389 [WARNING]     Failed to download 76367cee-b571-49e5-8121-9e69f906c230: HTTPSConnectionPool(host='api.gdc.cancer.gov', port=443): Read timed out.
2026-04-29 00:19:54,593 [INFO]     [61/1231] TCGA-AO-A0J9-01A
2026-04-29 00:19:59,772 [INFO]     [62/1231] TCGA-E9-A1RI-11A
2026-04-29 00:20:03,086 [INFO]     [63/1231] TCGA-A2-A3KD-01A
2026-04-29 00:20:06,350 [INFO]     [64/1231] TCGA-C8-A1HK-01A
2026-04-29 00:20:09,528 [INFO]     [65/1231] TCGA-EW-A1P8-01A
2026-04-29 00:20:12,690 [INFO]     [66/1231] TCGA-BH-A0B4-01A
2026-04-29 00:20:16,072 [INFO]     [67/1231] TCGA-AO-A03M-01B
2026-04-29 00:55:11,528 [WARNING]     Failed to download 81f86e31-55db-4483-b6e0-55451ffbd1db: HTTPSConnectionPool(host='api.gdc.cancer.gov', port=443): Read timed out.
2026-04-29 00:55:11,731 [INFO]     [68/1231] TCGA-EW-A424-01A
2026-04-29 00:55:16,399 [INFO]     [69/1231] TCGA-BH-A0BL-01A
2026-04-29 00:55:19,564 [INFO]     [70/1231] TCGA-BH-A0GZ-01A
2026-04-29 00:55:22,760 [INFO]     [71/1231] TCGA-C8-A12Q-01A
2026-04-29 00:55:27,078 [INFO]     [72/1231] TCGA-D8-A27I-01A
2026-04-29 00:55:30,961 [INFO]     [73/1231] TCGA-BH-A1F6-11B
2026-04-29 00:55:34,007 [INFO]     [74/1231] TCGA-EW-A6S9-01A
2026-04-29 00:55:37,089 [INFO]     [75/1231] TCGA-AR-A24H-01A
2026-04-29 00:55:40,157 [INFO]     [76/1231] TCGA-XX-A89A-01A
2026-04-29 00:55:43,594 [INFO]     [77/1231] TCGA-E9-A5UO-01A
2026-04-29 00:55:46,724 [INFO]     [78/1231] TCGA-BH-A18G-01A
2026-04-29 01:36:02,453 [WARNING]     Failed to download ff1f2f31-8607-4627-b487-c5e39e7c30f5: HTTPSConnectionPool(host='api.gdc.cancer.gov', port=443): Read timed out.
2026-04-29 01:36:02,660 [INFO]     [79/1231] TCGA-E2-A1LB-01A
2026-04-29 01:36:07,806 [INFO]     [80/1231] TCGA-B6-A0IC-01A
2026-04-29 01:36:11,099 [INFO]     [81/1231] TCGA-E2-A15S-01A
2026-04-29 01:36:14,223 [INFO]     [82/1231] TCGA-GM-A3XG-01A
2026-04-29 01:36:17,166 [INFO]     [83/1231] TCGA-AR-A24S-01A
2026-04-29 01:36:20,246 [INFO]     [84/1231] TCGA-Z7-A8R5-01A
2026-04-29 01:36:23,541 [INFO]     [85/1231] TCGA-C8-A12X-01A
2026-04-29 01:36:26,408 [INFO]     [86/1231] TCGA-A8-A07U-01A
2026-04-29 01:36:29,381 [INFO]     [87/1231] TCGA-A2-A0EV-01A
2026-04-29 02:09:45,906 [WARNING]     Failed to download 75d5bcb2-3055-4b6a-822c-1aa37a9f1337: HTTPSConnectionPool(host='api.gdc.cancer.gov', port=443): Read timed out.
2026-04-29 02:09:46,119 [INFO]     [88/1231] TCGA-C8-A12T-01A
2026-04-29 02:09:50,888 [INFO]     [89/1231] TCGA-A2-A0ER-01A
2026-04-29 02:09:54,046 [INFO]     [90/1231] TCGA-A2-A0YI-01A
2026-04-29 02:09:57,319 [INFO]     [91/1231] TCGA-D8-A1XA-01A
2026-04-29 02:10:00,607 [INFO]     [92/1231] TCGA-A2-A0D2-01A
2026-04-29 02:10:03,712 [INFO]     [93/1231] TCGA-E2-A14N-01A
2026-04-29 02:10:07,345 [INFO]     [94/1231] TCGA-A2-A04Y-01A
2026-04-29 02:10:10,733 [INFO]     [95/1231] TCGA-D8-A1JA-01A
2026-04-29 02:10:13,680 [INFO]     [96/1231] TCGA-E9-A24A-01A
2026-04-29 02:10:16,880 [INFO]     [97/1231] TCGA-PL-A8LY-01A
2026-04-29 02:10:19,783 [INFO]     [98/1231] TCGA-BH-A18I-01A
2026-04-29 02:10:22,887 [INFO]     [99/1231] TCGA-AR-A5QM-01A
2026-04-29 02:10:26,246 [INFO]     [100/1231] TCGA-D8-A1XO-01A
2026-04-29 02:10:29,303 [INFO]     [101/1231] TCGA-A1-A0SO-01A
2026-04-29 02:26:32,581 [INFO]     [102/1231] TCGA-D8-A27E-01A
2026-04-29 02:26:36,240 [INFO]     [103/1231] TCGA-BH-A18N-01A
2026-04-29 02:26:39,370 [INFO]     [104/1231] TCGA-A8-A06O-01A
2026-04-29 02:26:42,213 [INFO]     [105/1231] TCGA-A2-A4S2-01A
2026-04-29 02:26:45,552 [INFO]     [106/1231] TCGA-B6-A0RU-01A
2026-04-29 02:26:48,857 [INFO]     [107/1231] TCGA-A7-A26J-01A
2026-04-29 02:26:53,965 [INFO]     [108/1231] TCGA-AC-A3TM-01A
2026-04-29 02:26:57,445 [INFO]     [109/1231] TCGA-A7-A0DC-11A
2026-04-29 02:27:00,477 [INFO]     [110/1231] TCGA-A7-A0DC-01B
2026-04-29 02:27:03,784 [INFO]     [111/1231] TCGA-A7-A0DC-01A
2026-04-29 02:27:06,921 [INFO]     [112/1231] TCGA-A8-A08F-01A
2026-04-29 02:27:10,034 [INFO]     [113/1231] TCGA-A7-A0CD-01A
2026-04-29 02:27:13,216 [INFO]     [114/1231] TCGA-A8-A09K-01A
2026-04-29 02:27:17,366 [INFO]     [115/1231] TCGA-AR-A2LR-01A
2026-04-29 02:27:20,521 [INFO]     [116/1231] TCGA-GI-A2C8-01A
2026-04-29 02:27:23,581 [INFO]     [117/1231] TCGA-B6-A1KC-01B
2026-04-29 02:27:26,618 [INFO]     [118/1231] TCGA-C8-A1HI-01A
2026-04-29 02:27:29,689 [INFO]     [119/1231] TCGA-BH-A0C0-01A
2026-04-29 02:27:32,530 [INFO]     [120/1231] TCGA-A8-A07G-01A
2026-04-29 02:27:35,626 [INFO]     [121/1231] TCGA-E9-A1R2-01A
2026-04-29 02:27:40,245 [INFO]     [122/1231] TCGA-D8-A143-01A
2026-04-29 02:27:43,847 [INFO]     [123/1231] TCGA-BH-A18L-11A
2026-04-29 02:27:46,791 [INFO]     [124/1231] TCGA-BH-A18L-01A
2026-04-29 02:27:49,942 [INFO]     [125/1231] TCGA-E2-A1LI-01A
2026-04-29 02:27:52,868 [INFO]     [126/1231] TCGA-D8-A1XR-01A
2026-04-29 02:27:56,103 [INFO]     [127/1231] TCGA-D8-A27R-01A
2026-04-29 02:27:59,060 [INFO]     [128/1231] TCGA-A2-A0SV-01A
2026-04-29 02:28:02,260 [INFO]     [129/1231] TCGA-E9-A22G-01A
2026-04-29 02:59:52,994 [WARNING]     Failed to download 51aab02d-11b1-4ef3-a8f3-8146b6c24aad: HTTPSConnectionPool(host='api.gdc.cancer.gov', port=443): Read timed out. (read timeout=120)
2026-04-29 02:59:53,205 [INFO]     [130/1231] TCGA-OL-A6VQ-01A
2026-04-29 02:59:58,297 [INFO]     [131/1231] TCGA-A2-A4RW-01A
2026-04-29 03:00:01,503 [INFO]     [132/1231] TCGA-B6-A0WV-01A
2026-04-29 03:00:04,629 [INFO]     [133/1231] TCGA-LL-A9Q3-01A
2026-04-29 03:00:07,667 [INFO]     [134/1231] TCGA-AR-A2LM-01A
2026-04-29 03:00:11,242 [INFO]     [135/1231] TCGA-BH-A1FD-11B
2026-04-29 03:00:15,952 [INFO]     [136/1231] TCGA-A2-A0CO-01A
2026-04-29 03:00:19,435 [INFO]     [137/1231] TCGA-BH-A0DI-01A
2026-04-29 03:00:22,299 [INFO]     [138/1231] TCGA-PE-A5DC-01A
2026-04-29 03:00:25,305 [INFO]     [139/1231] TCGA-BH-A0BM-11A
2026-04-29 03:00:28,473 [INFO]     [140/1231] TCGA-AC-A2FF-11A
2026-04-29 03:00:31,778 [INFO]     [141/1231] TCGA-OL-A66K-01A
2026-04-29 03:00:34,819 [INFO]     [142/1231] TCGA-AO-A128-01A
2026-04-29 03:50:32,761 [WARNING]     Failed to download e173c170-b7c6-4aa9-9f34-33cd02702d75: HTTPSConnectionPool(host='api.gdc.cancer.gov', port=443): Read timed out.
2026-04-29 03:50:32,971 [INFO]     [143/1231] TCGA-B6-A0RM-01A
2026-04-29 03:50:37,034 [INFO]     [144/1231] TCGA-GM-A2DF-01A
2026-04-29 03:50:39,914 [INFO]     [145/1231] TCGA-E2-A15L-01A
2026-04-29 03:50:42,642 [INFO]     [146/1231] TCGA-A8-A08S-01A
2026-04-29 03:50:46,944 [INFO]     [147/1231] TCGA-A2-A3XT-01A
2026-04-29 03:50:50,772 [INFO]     [148/1231] TCGA-A8-A09C-01A
2026-04-29 03:50:53,836 [INFO]     [149/1231] TCGA-A7-A26F-01B
2026-04-29 03:50:56,771 [INFO]     [150/1231] TCGA-BH-A1FB-01A
2026-04-29 03:50:59,720 [INFO]     [151/1231] TCGA-D8-A27G-01A
2026-04-29 03:51:02,739 [INFO]     [152/1231] TCGA-D8-A1Y3-01A
2026-04-29 03:51:05,656 [INFO]     [153/1231] TCGA-A2-A1G0-01A
2026-04-29 03:51:08,562 [INFO]     [154/1231] TCGA-A2-A0CQ-01A
2026-04-29 03:51:11,381 [INFO]     [155/1231] TCGA-BH-A0W7-01A
2026-04-29 04:09:30,016 [WARNING]     Failed to download 9218f3a6-1ae1-4898-8be4-2335a204aae7: HTTPSConnectionPool(host='api.gdc.cancer.gov', port=443): Read timed out. (read timeout=120)
2026-04-29 04:09:30,227 [INFO]     [156/1231] TCGA-C8-A278-01A
2026-04-29 04:09:35,296 [INFO]     [157/1231] TCGA-A2-A0EQ-01A
2026-04-29 04:09:38,502 [INFO]     [158/1231] TCGA-E2-A1IN-01A
2026-04-29 04:09:41,921 [INFO]     [159/1231] TCGA-A7-A6VX-01A
2026-04-29 04:09:45,057 [INFO]     [160/1231] TCGA-A2-A1FW-01A
2026-04-29 04:09:48,354 [INFO]     [161/1231] TCGA-LD-A9QF-01A
2026-04-29 04:09:51,609 [INFO]     [162/1231] TCGA-D8-A27K-01A
2026-04-29 04:09:54,776 [INFO]     [163/1231] TCGA-BH-A0BQ-01A
2026-04-29 04:09:58,157 [INFO]     [164/1231] TCGA-BH-A209-01A
2026-04-29 04:10:01,583 [INFO]     [165/1231] TCGA-A8-A09B-01A
2026-04-29 04:10:04,714 [INFO]     [166/1231] TCGA-AO-A1KS-01A
2026-04-29 04:10:07,599 [INFO]     [167/1231] TCGA-E2-A1IJ-01A
2026-04-29 04:10:10,730 [INFO]     [168/1231] TCGA-D8-A1XC-01A
2026-04-29 04:10:13,762 [INFO]     [169/1231] TCGA-C8-A131-01A
2026-04-29 04:10:16,925 [INFO]     [170/1231] TCGA-A8-A0A9-01A
2026-04-29 04:10:19,919 [INFO]     [171/1231] TCGA-B6-A0RO-01A
2026-04-29 04:10:23,036 [INFO]     [172/1231] TCGA-A7-A0CE-01A
2026-04-29 04:10:26,111 [INFO]     [173/1231] TCGA-BH-A18N-11A
2026-04-29 04:10:29,605 [INFO]     [174/1231] TCGA-LL-A6FP-01A
2026-04-29 04:10:32,770 [INFO]     [175/1231] TCGA-A8-A06U-01A
2026-04-29 04:10:35,729 [INFO]     [176/1231] TCGA-A8-A09I-01A
2026-04-29 04:10:38,889 [INFO]     [177/1231] TCGA-C8-A1HO-01A
2026-04-29 04:10:42,086 [INFO]     [178/1231] TCGA-PL-A8LV-01A
2026-04-29 04:10:45,257 [INFO]     [179/1231] TCGA-GM-A2DO-01A
2026-04-29 04:10:48,425 [INFO]     [180/1231] TCGA-AR-A0U0-01A
2026-04-29 04:10:51,565 [INFO]     [181/1231] TCGA-BH-A0BD-01A
2026-04-29 04:10:54,759 [INFO]     [182/1231] TCGA-BH-A0B1-01A
2026-04-29 04:10:58,063 [INFO]     [183/1231] TCGA-A2-A0YM-01A
2026-04-29 04:11:01,156 [INFO]     [184/1231] TCGA-E2-A1IG-01A
2026-04-29 04:11:03,962 [INFO]     [185/1231] TCGA-E2-A1IG-11A
2026-04-29 04:11:07,383 [INFO]     [186/1231] TCGA-AR-A2LE-01A
2026-04-29 04:11:10,420 [INFO]     [187/1231] TCGA-BH-A0HA-01A
2026-04-29 04:11:13,730 [INFO]     [188/1231] TCGA-AQ-A7U7-01A
2026-04-29 04:11:16,677 [INFO]     [189/1231] TCGA-AC-A2FG-01A
2026-04-29 04:11:19,971 [INFO]     [190/1231] TCGA-A2-A0CR-01A
2026-04-29 04:11:23,049 [INFO]     [191/1231] TCGA-BH-A0B0-01A
2026-04-29 04:11:26,008 [INFO]     [192/1231] TCGA-AO-A03O-01A
2026-04-29 04:11:29,132 [INFO]     [193/1231] TCGA-BH-A0BM-01A
2026-04-29 04:11:32,123 [INFO]     [194/1231] TCGA-AC-A2FF-01A
2026-04-29 04:11:35,199 [INFO]     [195/1231] TCGA-D8-A1JG-01B
2026-04-29 04:11:38,284 [INFO]     [196/1231] TCGA-A8-A0A2-01A
2026-04-29 04:11:41,412 [INFO]     [197/1231] TCGA-A7-A6VV-01A
2026-04-29 04:11:44,559 [INFO]     [198/1231] TCGA-A8-A095-01A
2026-04-29 04:11:47,419 [INFO]     [199/1231] TCGA-A2-A25B-01A
2026-04-29 04:11:50,456 [INFO]     [200/1231] TCGA-BH-A1FE-06A
2026-04-29 04:11:53,566 [INFO]     [201/1231] TCGA-BH-A1FE-01A
2026-04-29 04:11:56,631 [INFO]     [202/1231] TCGA-A2-A3XX-01A
2026-04-29 04:11:59,832 [INFO]     [203/1231] TCGA-E2-A15T-01A
2026-04-29 04:12:02,869 [INFO]     [204/1231] TCGA-BH-A1EN-01A
2026-04-29 04:12:06,059 [INFO]     [205/1231] TCGA-A2-A0ET-01A
2026-04-29 04:12:09,345 [INFO]     [206/1231] TCGA-E2-A14V-01A
2026-04-29 04:12:12,415 [INFO]     [207/1231] TCGA-E9-A1RI-01A
2026-04-29 04:12:15,590 [INFO]     [208/1231] TCGA-AR-A2LJ-01A
2026-04-29 04:12:18,443 [INFO]     [209/1231] TCGA-A8-A083-01A
2026-04-29 04:12:21,555 [INFO]     [210/1231] TCGA-3C-AALK-01A
2026-04-29 04:12:24,642 [INFO]     [211/1231] TCGA-AC-A2FK-01A
2026-04-29 04:12:27,451 [INFO]     [212/1231] TCGA-B6-A0WY-01A
2026-04-29 04:12:30,853 [INFO]     [213/1231] TCGA-A2-A0CV-01A
2026-04-29 04:12:33,910 [INFO]     [214/1231] TCGA-A2-A0EY-01A
2026-04-29 04:12:37,156 [INFO]     [215/1231] TCGA-AR-A1AL-01A
2026-04-29 04:12:40,264 [INFO]     [216/1231] TCGA-AN-A0XP-01A
2026-04-29 04:12:43,344 [INFO]     [217/1231] TCGA-A7-A4SF-01A
2026-04-29 04:12:46,407 [INFO]     [218/1231] TCGA-EW-A1J5-01A
2026-04-29 04:12:49,372 [INFO]     [219/1231] TCGA-A8-A07R-01A
2026-04-29 04:12:52,502 [INFO]     [220/1231] TCGA-AN-A046-01A
2026-04-29 04:12:55,616 [INFO]     [221/1231] TCGA-E2-A15I-01A
2026-04-29 04:44:27,512 [WARNING]     Failed to download cf53cdad-a323-475e-a84a-87b68d13e262: HTTPSConnectionPool(host='api.gdc.cancer.gov', port=443): Read timed out.
2026-04-29 04:44:27,723 [INFO]     [222/1231] TCGA-LL-A740-01A
2026-04-29 04:44:33,022 [INFO]     [223/1231] TCGA-E9-A1N6-11A
2026-04-29 04:44:36,161 [INFO]     [224/1231] TCGA-EW-A3E8-01B
2026-04-29 04:44:39,455 [INFO]     [225/1231] TCGA-BH-A1ES-06A
2026-04-29 04:44:42,515 [INFO]     [226/1231] TCGA-AC-A2BK-01A
2026-04-29 04:44:45,626 [INFO]     [227/1231] TCGA-E2-A1IF-01A
2026-04-29 04:44:48,970 [INFO]     [228/1231] TCGA-C8-A26X-01A
2026-04-29 05:27:52,547 [WARNING]     Failed to download c782b873-2727-4fe4-9c9a-741964290349: HTTPSConnectionPool(host='api.gdc.cancer.gov', port=443): Read timed out. (read timeout=120)
2026-04-29 05:27:52,755 [INFO]     [229/1231] TCGA-E2-A15A-06A
2026-04-29 05:27:59,310 [INFO]     [230/1231] TCGA-A7-A3RF-01A
2026-04-29 05:28:02,477 [INFO]     [231/1231] TCGA-E2-A1B5-01A
2026-04-29 05:28:05,548 [INFO]     [232/1231] TCGA-AC-A6IX-01A
2026-04-29 05:28:08,623 [INFO]     [233/1231] TCGA-BH-A0DT-01A
2026-04-29 05:28:11,858 [INFO]     [234/1231] TCGA-E2-A1B0-01A
2026-04-29 05:28:15,121 [INFO]     [235/1231] TCGA-AO-A12A-01A
2026-04-29 05:28:18,095 [INFO]     [236/1231] TCGA-E2-A10C-01A
2026-04-29 05:28:21,430 [INFO]     [237/1231] TCGA-A7-A0CH-11A
2026-04-29 05:28:24,796 [INFO]     [238/1231] TCGA-B6-A0RG-01A
2026-04-29 05:28:27,935 [INFO]     [239/1231] TCGA-BH-A1EW-01A
2026-04-29 06:14:09,785 [WARNING]     Failed to download f8b403a1-37cf-4acb-b5d7-b3437fafa7f8: HTTPSConnectionPool(host='api.gdc.cancer.gov', port=443): Read timed out.
2026-04-29 06:14:09,997 [INFO]     [240/1231] TCGA-AN-A04C-01A
2026-04-29 06:14:15,503 [INFO]     [241/1231] TCGA-A7-A0CG-01A
2026-04-29 06:14:18,849 [INFO]     [242/1231] TCGA-4H-AAAK-01A
2026-04-29 06:14:22,071 [INFO]     [243/1231] TCGA-A7-A0CE-11A
2026-04-29 06:14:24,919 [INFO]     [244/1231] TCGA-E9-A1N4-11A
2026-04-29 06:14:28,028 [INFO]     [245/1231] TCGA-BH-A18V-11A
2026-04-29 06:14:31,207 [INFO]     [246/1231] TCGA-AN-A0FS-01A
2026-04-29 06:45:18,105 [WARNING]     Failed to download 15d7e135-acb7-46ef-a8b1-f424e40a9e4d: HTTPSConnectionPool(host='api.gdc.cancer.gov', port=443): Read timed out.
2026-04-29 06:45:18,316 [INFO]     [247/1231] TCGA-GM-A2DM-01A
2026-04-29 06:45:23,022 [INFO]     [248/1231] TCGA-E2-A153-01A
2026-04-29 06:45:26,188 [INFO]     [249/1231] TCGA-E2-A153-11A
2026-04-29 06:45:29,462 [INFO]     [250/1231] TCGA-E2-A1IK-01A
2026-04-29 06:45:33,970 [INFO]     [251/1231] TCGA-C8-A26Y-01A
2026-04-29 06:45:37,333 [INFO]     [252/1231] TCGA-AQ-A04L-01B
2026-04-29 06:45:40,640 [INFO]     [253/1231] TCGA-B6-A402-01A
2026-04-29 06:45:43,728 [INFO]     [254/1231] TCGA-BH-A0E9-01B
2026-04-29 06:45:47,310 [INFO]     [255/1231] TCGA-A8-A08C-01A
2026-04-29 06:45:50,915 [INFO]     [256/1231] TCGA-A2-A0YJ-01A
2026-04-29 06:45:54,178 [INFO]     [257/1231] TCGA-A1-A0SM-01A
2026-04-29 07:28:33,508 [WARNING]     Failed to download e38111a3-54f9-4229-8803-fc74e0c12c55: HTTPSConnectionPool(host='api.gdc.cancer.gov', port=443): Read timed out.
2026-04-29 07:28:33,714 [INFO]     [258/1231] TCGA-A2-A25C-01A
2026-04-29 07:28:39,178 [INFO]     [259/1231] TCGA-AN-A0AS-01A
2026-04-29 07:28:42,508 [INFO]     [260/1231] TCGA-BH-A0GY-01A
2026-04-29 07:28:46,199 [INFO]     [261/1231] TCGA-AO-A03V-01A
2026-04-29 07:28:50,341 [INFO]     [262/1231] TCGA-AC-A23H-11A
2026-04-29 07:28:53,384 [INFO]     [263/1231] TCGA-OL-A5S0-01A
2026-04-29 07:28:57,047 [INFO]     [264/1231] TCGA-BH-A0DE-01A
2026-04-29 07:29:00,424 [INFO]     [265/1231] TCGA-AR-A1AN-01A
2026-04-29 07:29:03,601 [INFO]     [266/1231] TCGA-GM-A2DN-01A
2026-04-29 07:29:06,785 [INFO]     [267/1231] TCGA-C8-A12L-01A
2026-04-29 08:18:08,528 [WARNING]     Failed to download d3badb09-df1e-488e-ade9-97f1925b5649: HTTPSConnectionPool(host='api.gdc.cancer.gov', port=443): Read timed out.
2026-04-29 08:18:08,738 [INFO]     [268/1231] TCGA-BH-A42V-01A
2026-04-29 08:18:13,934 [INFO]     [269/1231] TCGA-E2-A15M-01A
2026-04-29 08:18:17,111 [INFO]     [270/1231] TCGA-E2-A15M-11A
2026-04-29 08:18:21,866 [INFO]     [271/1231] TCGA-BH-A8G0-01A
2026-04-29 08:18:25,483 [INFO]     [272/1231] TCGA-WT-AB44-01A
2026-04-29 08:18:28,608 [INFO]     [273/1231] TCGA-E9-A1RC-01A
2026-04-29 08:18:31,788 [INFO]     [274/1231] TCGA-E2-A9RU-01A
2026-04-29 08:18:34,783 [INFO]     [275/1231] TCGA-AR-A251-01A
2026-04-29 08:18:38,011 [INFO]     [276/1231] TCGA-A8-A082-01A
2026-04-29 08:18:40,948 [INFO]     [277/1231] TCGA-A7-A13E-11A
2026-04-29 09:01:34,482 [WARNING]     Failed to download 50260fba-c435-480a-9bb8-f2839ba499a4: HTTPSConnectionPool(host='api.gdc.cancer.gov', port=443): Read timed out.
2026-04-29 09:01:34,683 [INFO]     [278/1231] TCGA-E9-A1R6-01A
2026-04-29 09:01:39,259 [INFO]     [279/1231] TCGA-B6-A401-01A
2026-04-29 09:01:42,364 [INFO]     [280/1231] TCGA-AR-A24X-01A
2026-04-29 09:01:45,437 [INFO]     [281/1231] TCGA-E2-A56Z-01A
2026-04-29 09:01:49,962 [INFO]     [282/1231] TCGA-E9-A1R3-01A
2026-04-29 09:01:53,031 [INFO]     [283/1231] TCGA-BH-A0DZ-01A
2026-04-29 09:01:56,040 [INFO]     [284/1231] TCGA-D8-A142-01A
2026-04-29 09:01:59,114 [INFO]     [285/1231] TCGA-A2-A04P-01A
2026-04-29 09:02:02,184 [INFO]     [286/1231] TCGA-D8-A1XJ-01A
2026-04-29 09:02:05,965 [INFO]     [287/1231] TCGA-B6-A0RV-01A
2026-04-29 09:02:09,249 [INFO]     [288/1231] TCGA-E2-A1LA-01A
2026-04-29 09:21:56,938 [WARNING]     Failed to download 5113a198-1bfe-4d4e-8e17-4c8e3359061a: HTTPSConnectionPool(host='api.gdc.cancer.gov', port=443): Read timed out.
2026-04-29 09:21:57,142 [INFO]     [289/1231] TCGA-E9-A229-01A
2026-04-29 09:22:02,023 [INFO]     [290/1231] TCGA-D8-A1JT-01A
2026-04-29 09:22:10,529 [INFO]     [291/1231] TCGA-A2-A0CS-01A
2026-04-29 09:22:14,096 [INFO]     [292/1231] TCGA-BH-A0C7-01B
2026-04-29 09:22:17,452 [INFO]     [293/1231] TCGA-AN-A0FW-01A
2026-04-29 09:22:20,701 [INFO]     [294/1231] TCGA-A7-A2KD-01A
2026-04-29 09:22:24,173 [INFO]     [295/1231] TCGA-E2-A1LS-11A
2026-04-29 09:22:27,098 [INFO]     [296/1231] TCGA-E2-A1LS-01A
2026-04-29 09:22:31,182 [INFO]     [297/1231] TCGA-D8-A1XM-01A
2026-04-29 09:22:34,735 [INFO]     [298/1231] TCGA-BH-A0AY-11A
2026-04-29 09:22:38,093 [INFO]     [299/1231] TCGA-E9-A1RB-01A
2026-04-29 09:22:45,582 [INFO]     [300/1231] TCGA-E9-A3X8-01A
2026-04-29 09:22:48,671 [INFO]     [301/1231] TCGA-B6-A3ZX-01A
2026-04-29 09:22:51,993 [INFO]     [302/1231] TCGA-AN-A0G0-01A
2026-04-29 09:22:55,129 [INFO]     [303/1231] TCGA-AR-A1AK-01A
2026-04-29 09:22:58,463 [INFO]     [304/1231] TCGA-D8-A1JC-01A
2026-04-29 09:23:01,839 [INFO]     [305/1231] TCGA-A7-A5ZX-01A
2026-04-29 09:23:05,207 [INFO]     [306/1231] TCGA-A8-A09M-01A
2026-04-29 09:23:08,636 [INFO]     [307/1231] TCGA-D8-A1JI-01A
2026-04-29 09:23:11,989 [INFO]     [308/1231] TCGA-BH-A0E1-11A
2026-04-29 09:23:17,783 [INFO]     [309/1231] TCGA-D8-A1J8-01A
2026-04-29 09:23:21,015 [INFO]     [310/1231] TCGA-GM-A4E0-01A
2026-04-29 09:23:24,475 [INFO]     [311/1231] TCGA-E9-A22B-01A
2026-04-29 09:23:30,679 [INFO]     [312/1231] TCGA-A8-A08R-01A
2026-04-29 09:23:33,797 [INFO]     [313/1231] TCGA-A2-A4S3-01A
2026-04-29 09:23:36,953 [INFO]     [314/1231] TCGA-BH-A1FC-01A
2026-04-29 09:23:40,203 [INFO]     [315/1231] TCGA-AR-A0TV-01A
2026-04-29 09:23:43,452 [INFO]     [316/1231] TCGA-A2-A0SW-01A
2026-04-29 09:23:46,607 [INFO]     [317/1231] TCGA-C8-A133-01A
2026-04-29 09:23:49,762 [INFO]     [318/1231] TCGA-A8-A094-01A
2026-04-29 09:23:55,934 [INFO]     [319/1231] TCGA-B6-A2IU-01A
2026-04-29 09:23:59,492 [INFO]     [320/1231] TCGA-AQ-A04J-01A
2026-04-29 09:24:02,759 [INFO]     [321/1231] TCGA-A7-A6VW-01A
2026-04-29 09:24:05,799 [INFO]     [322/1231] TCGA-LL-A5YO-01A
2026-04-29 09:24:09,057 [INFO]     [323/1231] TCGA-E9-A1N9-11A
2026-04-29 09:24:12,332 [INFO]     [324/1231] TCGA-A8-A08A-01A
2026-04-29 09:24:15,500 [INFO]     [325/1231] TCGA-A8-A0A7-01A
2026-04-29 09:24:18,837 [INFO]     [326/1231] TCGA-EW-A1P0-01A
2026-04-29 09:24:22,176 [INFO]     [327/1231] TCGA-A2-A1FZ-01A
2026-04-29 09:24:25,328 [INFO]     [328/1231] TCGA-A8-A09Z-01A
2026-04-29 09:24:32,270 [INFO]     [329/1231] TCGA-E9-A3HO-01A
2026-04-29 09:24:36,041 [INFO]     [330/1231] TCGA-E2-A10B-01A
2026-04-29 09:24:39,169 [INFO]     [331/1231] TCGA-A8-A086-01A
2026-04-29 09:24:43,158 [INFO]     [332/1231] TCGA-S3-A6ZF-01A
2026-04-29 09:24:46,641 [INFO]     [333/1231] TCGA-E2-A14O-01A
2026-04-29 09:24:50,069 [INFO]     [334/1231] TCGA-D8-A147-01A
2026-04-29 09:24:53,417 [INFO]     [335/1231] TCGA-BH-A0HP-01A
2026-04-29 09:24:56,678 [INFO]     [336/1231] TCGA-S3-AA15-01A
2026-04-29 09:24:59,910 [INFO]     [337/1231] TCGA-A2-A0YE-01A
2026-04-29 09:25:08,200 [INFO]     [338/1231] TCGA-B6-A40B-01A
2026-04-29 09:25:11,876 [INFO]     [339/1231] TCGA-AO-A125-01A
2026-04-29 09:25:14,905 [INFO]     [340/1231] TCGA-C8-A12O-01A
2026-04-29 09:25:18,560 [INFO]     [341/1231] TCGA-A2-A0D0-01A
2026-04-29 09:25:21,716 [INFO]     [342/1231] TCGA-BH-A42U-01A
2026-04-29 09:25:24,971 [INFO]     [343/1231] TCGA-BH-A0BA-01A
2026-04-29 09:25:28,538 [INFO]     [344/1231] TCGA-A7-A13H-01A
2026-04-29 09:25:31,872 [INFO]     [345/1231] TCGA-A8-A08T-01A
2026-04-29 09:25:34,940 [INFO]     [346/1231] TCGA-C8-A132-01A
2026-04-29 09:25:40,860 [INFO]     [347/1231] TCGA-BH-A0E2-01A
2026-04-29 09:25:44,331 [INFO]     [348/1231] TCGA-C8-A1HM-01A
2026-04-29 09:25:47,382 [INFO]     [349/1231] TCGA-E2-A3DX-01A
2026-04-29 09:25:50,605 [INFO]     [350/1231] TCGA-AC-A3W6-01A
2026-04-29 09:25:53,772 [INFO]     [351/1231] TCGA-B6-A0X4-01A
2026-04-29 09:25:56,901 [INFO]     [352/1231] TCGA-AR-A2LK-01A
2026-04-29 09:26:00,047 [INFO]     [353/1231] TCGA-OL-A5DA-01A
2026-04-29 09:26:03,192 [INFO]     [354/1231] TCGA-OL-A66H-01A
2026-04-29 09:26:06,337 [INFO]     [355/1231] TCGA-D8-A3Z5-01A
2026-04-29 09:26:09,496 [INFO]     [356/1231] TCGA-BH-A208-11A
2026-04-29 09:26:13,168 [INFO]     [357/1231] TCGA-BH-A208-01A
2026-04-29 09:26:19,240 [INFO]     [358/1231] TCGA-A7-A26H-01A
2026-04-29 09:26:22,574 [INFO]     [359/1231] TCGA-BH-A0C3-01A
2026-04-29 09:26:25,839 [INFO]     [360/1231] TCGA-BH-A0C3-11A
2026-04-29 09:26:28,973 [INFO]     [361/1231] TCGA-AC-A23H-01A
2026-04-29 09:26:32,043 [INFO]     [362/1231] TCGA-BH-A18S-01A
2026-04-29 09:26:35,165 [INFO]     [363/1231] TCGA-AO-A0JM-01A
2026-04-29 09:26:38,396 [INFO]     [364/1231] TCGA-BH-A18S-11A
2026-04-29 09:26:41,646 [INFO]     [365/1231] TCGA-BH-A1FM-01A
2026-04-29 09:26:44,584 [INFO]     [366/1231] TCGA-BH-A1EO-11A
2026-04-29 09:26:50,664 [INFO]     [367/1231] TCGA-B6-A0RP-01A
2026-04-29 09:26:53,717 [INFO]     [368/1231] TCGA-GM-A2DH-01A
2026-04-29 09:26:56,869 [INFO]     [369/1231] TCGA-B6-A0I9-01A
2026-04-29 09:27:00,024 [INFO]     [370/1231] TCGA-A2-A0EN-01A
2026-04-29 09:27:03,256 [INFO]     [371/1231] TCGA-A8-A08O-01A
2026-04-29 09:27:06,391 [INFO]     [372/1231] TCGA-BH-A0B9-01A
2026-04-29 09:27:09,549 [INFO]     [373/1231] TCGA-C8-A273-01A
2026-04-29 09:27:12,589 [INFO]     [374/1231] TCGA-AC-A3QP-01A
2026-04-29 09:27:15,616 [INFO]     [375/1231] TCGA-B6-A0I1-01A
2026-04-29 09:27:18,803 [INFO]     [376/1231] TCGA-EW-A1IW-01A
2026-04-29 09:27:21,930 [INFO]     [377/1231] TCGA-D8-A1XF-01A
2026-04-29 09:27:28,963 [INFO]     [378/1231] TCGA-A7-A13E-01A
2026-04-29 09:27:32,318 [INFO]     [379/1231] TCGA-D8-A145-01A
2026-04-29 09:27:35,642 [INFO]     [380/1231] TCGA-BH-A0HI-01A
2026-04-29 09:27:38,912 [INFO]     [381/1231] TCGA-E2-A1B6-01A
2026-04-29 09:27:42,419 [INFO]     [382/1231] TCGA-A2-A0YK-01A
2026-04-29 09:27:45,460 [INFO]     [383/1231] TCGA-A8-A07O-01A
2026-04-29 09:27:48,606 [INFO]     [384/1231] TCGA-S3-AA0Z-01A
2026-04-29 09:27:51,949 [INFO]     [385/1231] TCGA-LL-A8F5-01A
2026-04-29 09:27:55,068 [INFO]     [386/1231] TCGA-MS-A51U-01A
2026-04-29 09:28:01,683 [INFO]     [387/1231] TCGA-S3-AA14-01A
2026-04-29 09:28:04,928 [INFO]     [388/1231] TCGA-LL-A50Y-01A
2026-04-29 09:28:08,209 [INFO]     [389/1231] TCGA-LL-A6FQ-01A
2026-04-29 09:28:11,456 [INFO]     [390/1231] TCGA-BH-A0AY-01A
2026-04-29 09:28:14,703 [INFO]     [391/1231] TCGA-AR-A1AP-01A
2026-04-29 09:28:17,945 [INFO]     [392/1231] TCGA-A2-A0T0-01A
2026-04-29 09:28:21,309 [INFO]     [393/1231] TCGA-AC-A3QQ-01B
2026-04-29 09:28:24,722 [INFO]     [394/1231] TCGA-D8-A73U-01A
2026-04-29 09:28:27,858 [INFO]     [395/1231] TCGA-C8-A135-01A
2026-04-29 09:28:31,000 [INFO]     [396/1231] TCGA-B6-A0IG-01A
2026-04-29 09:28:38,150 [INFO]     [397/1231] TCGA-BH-A0DQ-01A
2026-04-29 09:28:41,499 [INFO]     [398/1231] TCGA-BH-A0DQ-11A
2026-04-29 09:28:44,760 [INFO]     [399/1231] TCGA-AQ-A54O-01A
2026-04-29 09:28:48,427 [INFO]     [400/1231] TCGA-BH-A5IZ-01A
2026-04-29 09:28:51,874 [INFO]     [401/1231] TCGA-D8-A1XQ-01A
2026-04-29 09:28:55,014 [INFO]     [402/1231] TCGA-D8-A3Z6-01A
2026-04-29 09:28:58,286 [INFO]     [403/1231] TCGA-BH-A0DL-11A
2026-04-29 09:29:01,424 [INFO]     [404/1231] TCGA-BH-A0DL-01A
2026-04-29 09:29:04,569 [INFO]     [405/1231] TCGA-AO-A1KP-01A
2026-04-29 09:29:07,937 [INFO]     [406/1231] TCGA-A2-A25E-01A
2026-04-29 09:29:10,981 [INFO]     [407/1231] TCGA-BH-A0BR-01A
2026-04-29 09:29:17,656 [INFO]     [408/1231] TCGA-AR-A1AO-01A
2026-04-29 09:29:21,128 [INFO]     [409/1231] TCGA-A8-A0A1-01A
2026-04-29 09:29:25,019 [INFO]     [410/1231] TCGA-AN-A0FT-01A
2026-04-29 09:29:28,459 [INFO]     [411/1231] TCGA-E9-A1RH-01A
2026-04-29 09:29:31,514 [INFO]     [412/1231] TCGA-BH-A1EV-11A
2026-04-29 09:29:34,764 [INFO]     [413/1231] TCGA-AR-A2LQ-01A
2026-04-29 09:29:37,816 [INFO]     [414/1231] TCGA-AR-A1AI-01A
2026-04-29 09:29:40,959 [INFO]     [415/1231] TCGA-C8-A12N-01A
2026-04-29 09:29:49,685 [INFO]     [416/1231] TCGA-E9-A1N9-01A
2026-04-29 09:29:52,935 [INFO]     [417/1231] TCGA-D8-A4Z1-01A
2026-04-29 09:29:56,280 [INFO]     [418/1231] TCGA-AO-A1KR-01A
2026-04-29 09:29:59,635 [INFO]     [419/1231] TCGA-AC-A6IW-01A
2026-04-29 09:30:02,794 [INFO]     [420/1231] TCGA-OL-A5RU-01A
2026-04-29 09:30:06,010 [INFO]     [421/1231] TCGA-E9-A1N5-11A
2026-04-29 09:30:09,397 [INFO]     [422/1231] TCGA-BH-A0DS-01A
2026-04-29 09:30:12,856 [INFO]     [423/1231] TCGA-PL-A8LX-01A
2026-04-29 09:30:17,154 [INFO]     [424/1231] TCGA-AC-A3EH-01A
2026-04-29 09:30:22,926 [INFO]     [425/1231] TCGA-E9-A295-01A
2026-04-29 09:30:26,053 [INFO]     [426/1231] TCGA-C8-A26W-01A
2026-04-29 09:30:29,335 [INFO]     [427/1231] TCGA-B6-A40C-01A
2026-04-29 09:30:32,584 [INFO]     [428/1231] TCGA-A2-A0EU-01A
2026-04-29 09:30:35,824 [INFO]     [429/1231] TCGA-BH-A1FR-11B
2026-04-29 09:30:38,982 [INFO]     [430/1231] TCGA-AQ-A1H3-01A
2026-04-29 09:30:42,548 [INFO]     [431/1231] TCGA-BH-A0BA-11A
2026-04-29 09:30:46,315 [INFO]     [432/1231] TCGA-BH-A0BC-01A
2026-04-29 09:30:49,991 [INFO]     [433/1231] TCGA-B6-A0I2-01A
2026-04-29 09:30:53,453 [INFO]     [434/1231] TCGA-A8-A08L-01A
2026-04-29 09:31:00,477 [INFO]     [435/1231] TCGA-A1-A0SF-01A
2026-04-29 09:31:04,020 [INFO]     [436/1231] TCGA-AO-A03R-01A
2026-04-29 09:31:07,454 [INFO]     [437/1231] TCGA-AN-A0FV-01A
2026-04-29 09:31:10,603 [INFO]     [438/1231] TCGA-AR-A24N-01A
2026-04-29 09:31:13,954 [INFO]     [439/1231] TCGA-AN-A0FK-01A
2026-04-29 09:31:17,423 [INFO]     [440/1231] TCGA-E2-A14Q-01A
2026-04-29 09:31:20,785 [INFO]     [441/1231] TCGA-A2-A0EM-01A
2026-04-29 09:31:24,017 [INFO]     [442/1231] TCGA-AO-A12D-01A
2026-04-29 09:31:27,385 [INFO]     [443/1231] TCGA-BH-A0H5-11A
2026-04-29 09:31:33,251 [INFO]     [444/1231] TCGA-LQ-A4E4-01A
2026-04-29 09:31:36,191 [INFO]     [445/1231] TCGA-BH-A0H5-01A
2026-04-29 09:31:39,438 [INFO]     [446/1231] TCGA-D8-A27T-01A
2026-04-29 09:31:42,691 [INFO]     [447/1231] TCGA-D8-A1JN-01A
2026-04-29 09:31:45,728 [INFO]     [448/1231] TCGA-A2-A1G6-01A
2026-04-29 09:31:49,271 [INFO]     [449/1231] TCGA-EW-A1J3-01A
2026-04-29 09:31:52,948 [INFO]     [450/1231] TCGA-GM-A3NY-01A
2026-04-29 09:31:56,292 [INFO]     [451/1231] TCGA-EW-A423-01A
2026-04-29 09:31:59,450 [INFO]     [452/1231] TCGA-A2-A0CY-01A
2026-04-29 09:32:02,696 [INFO]     [453/1231] TCGA-E2-A10A-01A
2026-04-29 09:32:09,414 [INFO]     [454/1231] TCGA-A2-A1G1-01A
2026-04-29 09:32:12,765 [INFO]     [455/1231] TCGA-A8-A075-01A
2026-04-29 09:32:16,217 [INFO]     [456/1231] TCGA-JL-A3YX-01A
2026-04-29 09:32:19,590 [INFO]     [457/1231] TCGA-BH-A0HW-01A
2026-04-29 09:32:23,049 [INFO]     [458/1231] TCGA-BH-A0WA-01A
2026-04-29 09:32:26,306 [INFO]     [459/1231] TCGA-D8-A1JB-01A
2026-04-29 09:32:29,659 [INFO]     [460/1231] TCGA-BH-A0AV-01A
2026-04-29 09:32:32,713 [INFO]     [461/1231] TCGA-BH-A1EX-01A
2026-04-29 09:32:36,168 [INFO]     [462/1231] TCGA-A2-A4S0-01A
2026-04-29 09:32:39,211 [INFO]     [463/1231] TCGA-OL-A5RZ-01A
2026-04-29 09:32:46,652 [INFO]     [464/1231] TCGA-BH-A1FM-11B
2026-04-29 09:32:49,799 [INFO]     [465/1231] TCGA-UU-A93S-01A
2026-04-29 09:32:53,019 [INFO]     [466/1231] TCGA-OL-A5RX-01A
2026-04-29 09:32:56,187 [INFO]     [467/1231] TCGA-BH-A6R9-01A
2026-04-29 09:32:59,344 [INFO]     [468/1231] TCGA-BH-A1EO-01A
2026-04-29 09:33:02,595 [INFO]     [469/1231] TCGA-A2-A0T7-01A
2026-04-29 09:33:06,363 [INFO]     [470/1231] TCGA-D8-A141-01A
2026-04-29 09:33:09,613 [INFO]     [471/1231] TCGA-AO-A0JG-01A
2026-04-29 09:33:13,491 [INFO]     [472/1231] TCGA-AO-A12G-01A
2026-04-29 09:33:19,560 [INFO]     [473/1231] TCGA-AQ-A54N-01A
2026-04-29 09:33:22,993 [INFO]     [474/1231] TCGA-A2-A0CK-01A
2026-04-29 09:33:26,275 [INFO]     [475/1231] TCGA-B6-A0X7-01A
2026-04-29 09:33:29,638 [INFO]     [476/1231] TCGA-D8-A13Z-01A
2026-04-29 09:33:32,980 [INFO]     [477/1231] TCGA-E2-A1L9-01A
2026-04-29 09:33:36,557 [INFO]     [478/1231] TCGA-A2-A4RY-01A
2026-04-29 09:33:39,801 [INFO]     [479/1231] TCGA-BH-A8FY-01A
2026-04-29 09:33:43,354 [INFO]     [480/1231] TCGA-E9-A1RC-11A
2026-04-29 09:33:46,863 [INFO]     [481/1231] TCGA-AR-A0TQ-01A
2026-04-29 09:33:50,116 [INFO]     [482/1231] TCGA-A7-A13E-01B
2026-04-29 09:33:56,713 [INFO]     [483/1231] TCGA-A7-A13E-01A
2026-04-29 09:34:00,062 [INFO]     [484/1231] TCGA-A8-A07P-01A
2026-04-29 09:34:03,627 [INFO]     [485/1231] TCGA-BH-A0DH-01A
2026-04-29 09:34:07,419 [INFO]     [486/1231] TCGA-AC-A8OR-01A
2026-04-29 09:34:11,083 [INFO]     [487/1231] TCGA-BH-A0DH-11A
2026-04-29 09:34:14,748 [INFO]     [488/1231] TCGA-A8-A09W-01A
2026-04-29 09:34:18,318 [INFO]     [489/1231] TCGA-AN-A0XL-01A
2026-04-29 09:34:21,459 [INFO]     [490/1231] TCGA-BH-A0DZ-11A
2026-04-29 09:34:24,686 [INFO]     [491/1231] TCGA-AO-A12F-01A
2026-04-29 09:34:28,048 [INFO]     [492/1231] TCGA-E2-A570-01A
2026-04-29 09:34:31,316 [INFO]     [493/1231] TCGA-C8-A275-01A
2026-04-29 09:34:34,627 [INFO]     [494/1231] TCGA-A2-A1FV-01A
2026-04-29 09:34:37,887 [INFO]     [495/1231] TCGA-OK-A5Q2-01A
2026-04-29 09:34:41,027 [INFO]     [496/1231] TCGA-AR-A0TU-01A
2026-04-29 09:34:49,091 [INFO]     [497/1231] TCGA-D8-A1X7-01A
2026-04-29 09:34:52,555 [INFO]     [498/1231] TCGA-D8-A1Y0-01A
2026-04-29 09:34:56,121 [INFO]     [499/1231] TCGA-E2-A14T-01A
2026-04-29 09:34:59,480 [INFO]     [500/1231] TCGA-E9-A22D-01A
2026-04-29 09:35:02,828 [INFO]     [501/1231] TCGA-EW-A1OZ-01A
2026-04-29 09:35:06,079 [INFO]     [502/1231] TCGA-A7-A3J1-01A
2026-04-29 09:35:09,539 [INFO]     [503/1231] TCGA-PL-A8LZ-01A
2026-04-29 09:35:12,909 [INFO]     [504/1231] TCGA-E2-A10F-01A
2026-04-29 09:35:16,254 [INFO]     [505/1231] TCGA-E9-A1RB-11A
2026-04-29 09:35:22,298 [INFO]     [506/1231] TCGA-B6-A0RS-01A
2026-04-29 09:35:25,743 [INFO]     [507/1231] TCGA-AO-A0J7-01A
2026-04-29 09:35:29,219 [INFO]     [508/1231] TCGA-AN-A0AJ-01A
2026-04-29 09:35:32,470 [INFO]     [509/1231] TCGA-C8-A3M7-01A
2026-04-29 09:35:35,825 [INFO]     [510/1231] TCGA-BH-A0DV-11A
2026-04-29 09:35:39,170 [INFO]     [511/1231] TCGA-OL-A66J-01A
2026-04-29 09:35:42,526 [INFO]     [512/1231] TCGA-AN-A0XS-01A
2026-04-29 09:35:45,678 [INFO]     [513/1231] TCGA-A8-A09N-01A
2026-04-29 09:35:48,999 [INFO]     [514/1231] TCGA-EW-A6SC-01A
2026-04-29 09:35:52,136 [INFO]     [515/1231] TCGA-AR-A1AU-01A
2026-04-29 09:35:58,846 [INFO]     [516/1231] TCGA-C8-A1HJ-01A
2026-04-29 09:36:01,797 [INFO]     [517/1231] TCGA-A8-A09D-01A
2026-04-29 09:36:05,144 [INFO]     [518/1231] TCGA-C8-A1HL-01A
2026-04-29 09:36:08,485 [INFO]     [519/1231] TCGA-A2-A0T5-01A
2026-04-29 09:36:11,653 [INFO]     [520/1231] TCGA-BH-A0AU-01A
2026-04-29 09:36:15,100 [INFO]     [521/1231] TCGA-AO-A0JE-01A
2026-04-29 09:36:18,342 [INFO]     [522/1231] TCGA-A2-A0CT-01A
2026-04-29 09:36:21,709 [INFO]     [523/1231] TCGA-LD-A66U-01A
2026-04-29 09:36:24,843 [INFO]     [524/1231] TCGA-LD-A74U-01A
2026-04-29 09:36:28,321 [INFO]     [525/1231] TCGA-A8-A09G-01A
2026-04-29 09:36:34,716 [INFO]     [526/1231] TCGA-E9-A1RD-01A
2026-04-29 09:36:38,064 [INFO]     [527/1231] TCGA-E9-A1RD-11A
2026-04-29 09:36:41,708 [INFO]     [528/1231] TCGA-EW-A1IY-01A
2026-04-29 09:36:44,867 [INFO]     [529/1231] TCGA-E9-A1RH-11A
2026-04-29 09:36:48,112 [INFO]     [530/1231] TCGA-E2-A14X-01A
2026-04-29 09:36:51,677 [INFO]     [531/1231] TCGA-BH-A1EV-01A
2026-04-29 09:36:54,914 [INFO]     [532/1231] TCGA-BH-A1FC-11A
2026-04-29 09:36:58,377 [INFO]     [533/1231] TCGA-E9-A245-01A
2026-04-29 09:37:01,830 [INFO]     [534/1231] TCGA-B6-A0RI-01A
2026-04-29 09:37:08,738 [INFO]     [535/1231] TCGA-A8-A079-01A
2026-04-29 09:37:12,014 [INFO]     [536/1231] TCGA-S3-AA17-01A
2026-04-29 09:37:15,358 [INFO]     [537/1231] TCGA-AN-A049-01A
2026-04-29 09:37:19,023 [INFO]     [538/1231] TCGA-AQ-A04H-01B
2026-04-29 09:37:22,754 [INFO]     [539/1231] TCGA-AC-A3W5-01A
2026-04-29 09:37:25,907 [INFO]     [540/1231] TCGA-E9-A2JS-01A
2026-04-29 09:37:29,278 [INFO]     [541/1231] TCGA-A2-A0CW-01A
2026-04-29 09:37:32,399 [INFO]     [542/1231] TCGA-AN-A04D-01A
2026-04-29 09:37:35,568 [INFO]     [543/1231] TCGA-BH-A1ET-11B
2026-04-29 09:37:38,805 [INFO]     [544/1231] TCGA-E9-A227-01A
2026-04-29 09:37:42,767 [INFO]     [545/1231] TCGA-A2-A3XU-01A
2026-04-29 09:37:45,836 [INFO]     [546/1231] TCGA-E9-A54X-01A
2026-04-29 09:37:48,982 [INFO]     [547/1231] TCGA-AN-A0XT-01A
2026-04-29 09:37:52,528 [INFO]     [548/1231] TCGA-D8-A1JM-01A
2026-04-29 09:37:55,693 [INFO]     [549/1231] TCGA-AO-A0JB-01A
2026-04-29 09:37:59,056 [INFO]     [550/1231] TCGA-AC-A2B8-01A
2026-04-29 09:38:01,998 [INFO]     [551/1231] TCGA-A2-A0T3-01A
2026-04-29 09:38:05,350 [INFO]     [552/1231] TCGA-GM-A2DB-01A
2026-04-29 09:38:08,485 [INFO]     [553/1231] TCGA-BH-A1EY-01A
2026-04-29 09:38:11,533 [INFO]     [554/1231] TCGA-A2-A0YC-01A
2026-04-29 09:38:14,574 [INFO]     [555/1231] TCGA-BH-A0W4-01A
2026-04-29 09:38:21,916 [INFO]     [556/1231] TCGA-AN-A0XU-01A
2026-04-29 09:38:25,371 [INFO]     [557/1231] TCGA-AR-A5QN-01A
2026-04-29 09:38:28,732 [INFO]     [558/1231] TCGA-JL-A3YW-01A
2026-04-29 09:38:33,655 [INFO]     [559/1231] TCGA-BH-A204-11A
2026-04-29 09:38:37,137 [INFO]     [560/1231] TCGA-BH-A204-01A
2026-04-29 09:38:40,375 [INFO]     [561/1231] TCGA-AN-A0AT-01A
2026-04-29 09:38:43,514 [INFO]     [562/1231] TCGA-A2-A0D1-01A
2026-04-29 09:38:46,989 [INFO]     [563/1231] TCGA-E2-A15E-06A
2026-04-29 09:38:50,442 [INFO]     [564/1231] TCGA-B6-A0RE-01A
2026-04-29 09:38:53,579 [INFO]     [565/1231] TCGA-GM-A3XN-01A
2026-04-29 09:38:56,927 [INFO]     [566/1231] TCGA-AO-A0JC-01A
2026-04-29 09:39:00,400 [INFO]     [567/1231] TCGA-BH-A0DX-01A
2026-04-29 09:39:03,433 [INFO]     [568/1231] TCGA-A8-A09Q-01A
2026-04-29 09:39:06,685 [INFO]     [569/1231] TCGA-A2-A0YD-01A
2026-04-29 09:39:09,733 [INFO]     [570/1231] TCGA-E9-A1N3-01A
2026-04-29 09:39:13,183 [INFO]     [571/1231] TCGA-A8-A0A4-01A
2026-04-29 09:39:16,655 [INFO]     [572/1231] TCGA-B6-A0I6-01A
2026-04-29 09:39:19,689 [INFO]     [573/1231] TCGA-A2-A3XY-01A
2026-04-29 09:39:22,960 [INFO]     [574/1231] TCGA-EW-A1P3-01A
2026-04-29 09:39:30,301 [INFO]     [575/1231] TCGA-BH-A1F0-11B
2026-04-29 09:39:34,072 [INFO]     [576/1231] TCGA-AR-A24L-01A
2026-04-29 09:39:37,217 [INFO]     [577/1231] TCGA-S3-AA10-01A
2026-04-29 09:39:40,364 [INFO]     [578/1231] TCGA-OL-A5RV-01A
2026-04-29 09:39:43,397 [INFO]     [579/1231] TCGA-A7-A4SA-01A
2026-04-29 09:39:46,443 [INFO]     [580/1231] TCGA-E2-A14R-01A
2026-04-29 09:39:49,707 [INFO]     [581/1231] TCGA-OL-A66O-01A
2026-04-29 09:39:52,621 [INFO]     [582/1231] TCGA-A8-A06Y-01A
2026-04-29 09:39:55,882 [INFO]     [583/1231] TCGA-BH-A0EA-01A
2026-04-29 09:39:59,441 [INFO]     [584/1231] TCGA-AO-A1KT-01A
2026-04-29 09:40:03,235 [INFO]     [585/1231] TCGA-A2-A0ST-01A
2026-04-29 09:40:06,370 [INFO]     [586/1231] TCGA-B6-A0IB-01A
2026-04-29 09:40:09,627 [INFO]     [587/1231] TCGA-A1-A0SI-01A
2026-04-29 09:40:13,188 [INFO]     [588/1231] TCGA-D8-A27F-01A
2026-04-29 09:40:16,756 [INFO]     [589/1231] TCGA-BH-A0B3-01A
2026-04-29 09:40:19,994 [INFO]     [590/1231] TCGA-AN-A0XO-01A
2026-04-29 09:40:23,262 [INFO]     [591/1231] TCGA-A2-A3XV-01A
2026-04-29 09:40:26,405 [INFO]     [592/1231] TCGA-AR-A24Z-01A
2026-04-29 09:40:30,187 [INFO]     [593/1231] TCGA-B6-A0I5-01A
2026-04-29 09:40:33,524 [INFO]     [594/1231] TCGA-S3-A6ZG-01A
2026-04-29 09:40:36,895 [INFO]     [595/1231] TCGA-3C-AALI-01A
2026-04-29 09:40:40,230 [INFO]     [596/1231] TCGA-BH-A1EU-01A
2026-04-29 09:40:43,373 [INFO]     [597/1231] TCGA-AR-A1AW-01A
2026-04-29 09:40:46,541 [INFO]     [598/1231] TCGA-BH-A18P-01A
2026-04-29 09:40:50,217 [INFO]     [599/1231] TCGA-AN-A0FJ-01A
2026-04-29 09:40:53,664 [INFO]     [600/1231] TCGA-BH-A0DO-01B
2026-04-29 09:40:57,127 [INFO]     [601/1231] TCGA-E9-A243-01A
2026-04-29 09:41:00,684 [INFO]     [602/1231] TCGA-BH-A0BJ-11A
2026-04-29 09:41:06,569 [INFO]     [603/1231] TCGA-E2-A159-01A
2026-04-29 09:41:10,451 [INFO]     [604/1231] TCGA-A8-A08Z-01A
2026-04-29 09:41:13,595 [INFO]     [605/1231] TCGA-E2-A1LH-11A
2026-04-29 09:41:16,736 [INFO]     [606/1231] TCGA-A7-A26E-01A
2026-04-29 09:41:19,881 [INFO]     [607/1231] TCGA-A7-A26E-01B
2026-04-29 09:41:23,553 [INFO]     [608/1231] TCGA-EW-A3U0-01A
2026-04-29 09:41:26,816 [INFO]     [609/1231] TCGA-E9-A226-01A
2026-04-29 09:41:30,064 [INFO]     [610/1231] TCGA-AR-A0TY-01A
2026-04-29 09:41:33,205 [INFO]     [611/1231] TCGA-A7-A3J0-01A
2026-04-29 09:41:36,562 [INFO]     [612/1231] TCGA-A8-A07W-01A
2026-04-29 09:41:40,220 [INFO]     [613/1231] TCGA-BH-A0BO-01A
2026-04-29 09:41:43,361 [INFO]     [614/1231] TCGA-AR-A24R-01A
2026-04-29 09:41:46,838 [INFO]     [615/1231] TCGA-AC-A2FB-11A
2026-04-29 09:41:50,296 [INFO]     [616/1231] TCGA-AO-A03L-01A
2026-04-29 09:41:53,656 [INFO]     [617/1231] TCGA-HN-A2NL-01A
2026-04-29 09:41:56,904 [INFO]     [618/1231] TCGA-LL-A73Z-01A
2026-04-29 09:42:00,259 [INFO]     [619/1231] TCGA-AN-A0AL-01A
2026-04-29 09:42:03,313 [INFO]     [620/1231] TCGA-AR-A24O-01A
2026-04-29 09:42:06,574 [INFO]     [621/1231] TCGA-B6-A0I8-01A
2026-04-29 09:42:10,450 [INFO]     [622/1231] TCGA-AC-A62Y-01A
2026-04-29 09:42:13,793 [INFO]     [623/1231] TCGA-AO-A03U-01B
2026-04-29 09:42:17,256 [INFO]     [624/1231] TCGA-A2-A0T6-01A
2026-04-29 09:42:24,495 [INFO]     [625/1231] TCGA-B6-A0WZ-01A
2026-04-29 09:42:27,859 [INFO]     [626/1231] TCGA-E2-A15E-01A
2026-04-29 09:42:31,005 [INFO]     [627/1231] TCGA-E2-A1LL-01A
2026-04-29 09:42:34,355 [INFO]     [628/1231] TCGA-AC-A7VC-01A
2026-04-29 09:42:37,918 [INFO]     [629/1231] TCGA-LL-A7SZ-01A
2026-04-29 09:42:41,367 [INFO]     [630/1231] TCGA-S3-AA12-01A
2026-04-29 09:42:44,520 [INFO]     [631/1231] TCGA-BH-AB28-01A
2026-04-29 09:42:47,770 [INFO]     [632/1231] TCGA-AC-A3BB-01A
2026-04-29 09:42:51,027 [INFO]     [633/1231] TCGA-AN-A0FY-01A
2026-04-29 09:42:54,272 [INFO]     [634/1231] TCGA-A7-A13F-11A
2026-04-29 09:42:57,316 [INFO]     [635/1231] TCGA-E2-A1IE-01A
2026-04-29 09:43:00,567 [INFO]     [636/1231] TCGA-B6-A0RN-01A
2026-04-29 09:43:03,593 [INFO]     [637/1231] TCGA-BH-A0H7-11A
2026-04-29 09:43:08,319 [INFO]     [638/1231] TCGA-A2-A3KC-01A
2026-04-29 09:43:11,682 [INFO]     [639/1231] TCGA-D8-A1XG-01A
2026-04-29 09:43:14,932 [INFO]     [640/1231] TCGA-BH-A0E0-01A
2026-04-29 09:43:18,084 [INFO]     [641/1231] TCGA-BH-A0E0-11A
2026-04-29 09:43:21,321 [INFO]     [642/1231] TCGA-BH-A0B7-01A
2026-04-29 09:43:24,479 [INFO]     [643/1231] TCGA-BH-A18U-11A
2026-04-29 09:43:27,831 [INFO]     [644/1231] TCGA-BH-A18U-01A
2026-04-29 09:43:33,386 [INFO]     [645/1231] TCGA-AR-A1AJ-01A
2026-04-29 09:43:36,958 [INFO]     [646/1231] TCGA-E9-A1RE-01A
2026-04-29 09:43:40,500 [INFO]     [647/1231] TCGA-E2-A14U-01A
2026-04-29 09:43:43,760 [INFO]     [648/1231] TCGA-A1-A0SJ-01A
2026-04-29 09:43:47,427 [INFO]     [649/1231] TCGA-A8-A076-01A
2026-04-29 09:43:50,992 [INFO]     [650/1231] TCGA-BH-A0BT-01A
2026-04-29 09:43:54,670 [INFO]     [651/1231] TCGA-AC-A3YI-01A
2026-04-29 09:43:57,921 [INFO]     [652/1231] TCGA-E9-A244-01A
2026-04-29 09:44:04,530 [INFO]     [653/1231] TCGA-BH-A0AZ-11A
2026-04-29 09:44:08,296 [INFO]     [654/1231] TCGA-E9-A248-01A
2026-04-29 09:44:11,920 [INFO]     [655/1231] TCGA-EW-A1P4-01A
2026-04-29 09:44:15,285 [INFO]     [656/1231] TCGA-BH-A0BG-01A
2026-04-29 09:44:18,754 [INFO]     [657/1231] TCGA-B6-A409-01A
2026-04-29 09:44:22,115 [INFO]     [658/1231] TCGA-AR-A0TT-01A
2026-04-29 09:44:25,244 [INFO]     [659/1231] TCGA-A7-A0D9-01A
2026-04-29 09:44:28,562 [INFO]     [660/1231] TCGA-E9-A22H-01A
2026-04-29 09:44:31,962 [INFO]     [661/1231] TCGA-A7-A0D9-11A
2026-04-29 09:44:36,669 [INFO]     [662/1231] TCGA-BH-A1FL-01A
2026-04-29 09:44:40,139 [INFO]     [663/1231] TCGA-B6-A0IN-01A
2026-04-29 09:44:43,472 [INFO]     [664/1231] TCGA-E2-A15K-11A
2026-04-29 09:44:46,716 [INFO]     [665/1231] TCGA-E2-A15K-06A
2026-04-29 09:44:49,767 [INFO]     [666/1231] TCGA-A2-A0SX-01A
2026-04-29 09:44:52,900 [INFO]     [667/1231] TCGA-BH-A0B3-11B
2026-04-29 09:44:58,664 [INFO]     [668/1231] TCGA-GI-A2C9-11A
2026-04-29 09:45:01,842 [INFO]     [669/1231] TCGA-A2-A0CZ-01A
2026-04-29 09:45:05,087 [INFO]     [670/1231] TCGA-A2-A04N-01A
2026-04-29 09:45:08,331 [INFO]     [671/1231] TCGA-E2-A15P-01A
2026-04-29 09:45:11,686 [INFO]     [672/1231] TCGA-D8-A1XT-01A
2026-04-29 09:45:18,399 [INFO]     [673/1231] TCGA-E2-A14Y-01A
2026-04-29 09:45:21,657 [INFO]     [674/1231] TCGA-AR-A250-01A
2026-04-29 09:45:24,774 [INFO]     [675/1231] TCGA-A2-A04V-01A
2026-04-29 09:45:27,826 [INFO]     [676/1231] TCGA-BH-A1EU-11A
2026-04-29 09:45:30,978 [INFO]     [677/1231] TCGA-B6-A0RL-01A
2026-04-29 09:45:34,203 [INFO]     [678/1231] TCGA-E9-A1NG-11A
2026-04-29 09:45:37,785 [INFO]     [679/1231] TCGA-A2-A0EW-01A
2026-04-29 09:45:40,996 [INFO]     [680/1231] TCGA-E2-A15H-01A
2026-04-29 09:45:44,132 [INFO]     [681/1231] TCGA-BH-A0DO-11A
2026-04-29 09:45:47,198 [INFO]     [682/1231] TCGA-C8-A8HP-01A
2026-04-29 09:45:54,325 [INFO]     [683/1231] TCGA-AC-A7VB-01A
2026-04-29 09:45:57,479 [INFO]     [684/1231] TCGA-AR-A24P-01A
2026-04-29 09:46:00,691 [INFO]     [685/1231] TCGA-AR-A256-01A
2026-04-29 09:46:03,865 [INFO]     [686/1231] TCGA-A7-A426-01A
2026-04-29 09:46:06,916 [INFO]     [687/1231] TCGA-D8-A1J9-01A
2026-04-29 09:46:10,582 [INFO]     [688/1231] TCGA-EW-A2FS-01A
2026-04-29 09:46:13,935 [INFO]     [689/1231] TCGA-BH-A0B8-01A
2026-04-29 09:46:17,404 [INFO]     [690/1231] TCGA-BH-A0E7-01A
2026-04-29 09:46:20,531 [INFO]     [691/1231] TCGA-BH-A0BJ-01A
2026-04-29 09:46:27,138 [INFO]     [692/1231] TCGA-AO-A0JL-01A
2026-04-29 09:46:30,633 [INFO]     [693/1231] TCGA-AC-A5XS-01A
2026-04-29 09:46:33,849 [INFO]     [694/1231] TCGA-E2-A1BC-11A
2026-04-29 09:46:37,020 [INFO]     [695/1231] TCGA-BH-A0DD-01A
2026-04-29 09:46:40,484 [INFO]     [696/1231] TCGA-AC-A2QJ-01A
2026-04-29 09:46:43,739 [INFO]     [697/1231] TCGA-AO-A03T-01A
2026-04-29 09:46:47,201 [INFO]     [698/1231] TCGA-LD-A7W6-01A
2026-04-29 09:46:50,346 [INFO]     [699/1231] TCGA-AR-A1AV-01A
2026-04-29 09:46:54,008 [INFO]     [700/1231] TCGA-D8-A27H-01A
2026-04-29 09:46:57,485 [INFO]     [701/1231] TCGA-OL-A6VR-01A
2026-04-29 09:47:02,936 [INFO]     [702/1231] TCGA-BH-A18Q-01A
2026-04-29 09:47:06,292 [INFO]     [703/1231] TCGA-B6-A0IO-01A
2026-04-29 09:47:09,530 [INFO]     [704/1231] TCGA-C8-A1HF-01A
2026-04-29 09:47:12,370 [INFO]     [705/1231] TCGA-BH-A0DD-11A
2026-04-29 09:47:15,402 [INFO]     [706/1231] TCGA-A1-A0SQ-01A
2026-04-29 09:47:18,632 [INFO]     [707/1231] TCGA-C8-A137-01A
2026-04-29 09:47:22,012 [INFO]     [708/1231] TCGA-B6-A0IJ-01A
2026-04-29 09:47:24,943 [INFO]     [709/1231] TCGA-AO-A12E-01A
2026-04-29 09:47:28,311 [INFO]     [710/1231] TCGA-D8-A1XZ-01A
2026-04-29 09:47:31,317 [INFO]     [711/1231] TCGA-A7-A13F-01A
2026-04-29 09:47:39,520 [INFO]     [712/1231] TCGA-E2-A15J-01A
2026-04-29 09:47:44,669 [INFO]     [713/1231] TCGA-BH-A1F0-01A
2026-04-29 09:47:49,599 [INFO]     [714/1231] TCGA-BH-A0H7-01A
2026-04-29 09:47:53,271 [INFO]     [715/1231] TCGA-A8-A0AB-01A
2026-04-29 09:47:56,828 [INFO]     [716/1231] TCGA-BH-A0B7-11A
2026-04-29 09:48:00,189 [INFO]     [717/1231] TCGA-A8-A06Z-01A
2026-04-29 09:48:03,861 [INFO]     [718/1231] TCGA-BH-A8FZ-01A
2026-04-29 09:48:07,424 [INFO]     [719/1231] TCGA-E2-A1LK-01A
2026-04-29 09:48:13,423 [INFO]     [720/1231] TCGA-LL-A5YL-01A
2026-04-29 09:48:17,089 [INFO]     [721/1231] TCGA-BH-A0BT-11A
2026-04-29 09:48:20,461 [INFO]     [722/1231] TCGA-B6-A0X0-01A
2026-04-29 09:48:23,688 [INFO]     [723/1231] TCGA-BH-A18K-11A
2026-04-29 09:48:27,165 [INFO]     [724/1231] TCGA-BH-A18K-01A
2026-04-29 09:48:30,317 [INFO]     [725/1231] TCGA-BH-A0AZ-01A
2026-04-29 09:48:33,664 [INFO]     [726/1231] TCGA-A7-A5ZW-01A
2026-04-29 09:48:37,657 [INFO]     [727/1231] TCGA-LL-A6FR-01A
2026-04-29 09:48:40,708 [INFO]     [728/1231] TCGA-A7-A3IZ-01A
2026-04-29 09:48:44,592 [INFO]     [729/1231] TCGA-AN-A0FX-01A
2026-04-29 09:48:48,141 [INFO]     [730/1231] TCGA-D8-A1JD-01A
2026-04-29 09:48:51,819 [INFO]     [731/1231] TCGA-A2-A3Y0-01A
2026-04-29 09:48:55,063 [INFO]     [732/1231] TCGA-E2-A15K-01A
2026-04-29 09:48:58,314 [INFO]     [733/1231] TCGA-BH-A1FH-11B
2026-04-29 09:49:01,780 [INFO]     [734/1231] TCGA-BH-A0HF-01A
2026-04-29 09:49:04,818 [INFO]     [735/1231] TCGA-BH-A1FH-01A
2026-04-29 09:49:08,076 [INFO]     [736/1231] TCGA-B6-A0X1-01A
2026-04-29 09:49:11,858 [INFO]     [737/1231] TCGA-D8-A13Y-01A
2026-04-29 09:49:15,103 [INFO]     [738/1231] TCGA-GI-A2C9-01A
2026-04-29 09:49:18,423 [INFO]     [739/1231] TCGA-B6-A0WS-01A
2026-04-29 09:49:22,093 [INFO]     [740/1231] TCGA-LD-A7W5-01A
2026-04-29 09:49:25,352 [INFO]     [741/1231] TCGA-E9-A22E-01A
2026-04-29 09:49:28,688 [INFO]     [742/1231] TCGA-E9-A1NG-01A
2026-04-29 09:49:32,051 [INFO]     [743/1231] TCGA-EW-A1P5-01A
2026-04-29 09:49:35,524 [INFO]     [744/1231] TCGA-BH-A18P-11A
2026-04-29 09:49:39,085 [INFO]     [745/1231] TCGA-EW-A1OY-01A
2026-04-29 09:49:42,546 [INFO]     [746/1231] TCGA-AC-A6NO-01A
2026-04-29 09:49:45,992 [INFO]     [747/1231] TCGA-D8-A1JK-01A
2026-04-29 09:49:49,148 [INFO]     [748/1231] TCGA-C8-A130-01A
2026-04-29 09:49:52,351 [INFO]     [749/1231] TCGA-AO-A0J2-01A
2026-04-29 09:50:00,851 [INFO]     [750/1231] TCGA-E2-A1IU-01A
2026-04-29 09:50:04,100 [INFO]     [751/1231] TCGA-A7-A0CJ-01A
2026-04-29 09:50:07,228 [INFO]     [752/1231] TCGA-BH-A1FG-01A
2026-04-29 09:50:10,697 [INFO]     [753/1231] TCGA-LL-A440-01A
2026-04-29 09:50:13,939 [INFO]     [754/1231] TCGA-AC-A8OS-01A
2026-04-29 09:50:17,519 [INFO]     [755/1231] TCGA-E2-A14Z-01A
2026-04-29 09:50:20,976 [INFO]     [756/1231] TCGA-B6-A400-01A
2026-04-29 09:50:24,339 [INFO]     [757/1231] TCGA-E2-A1B4-01A
2026-04-29 09:50:27,484 [INFO]     [758/1231] TCGA-GM-A2DC-01A
2026-04-29 09:50:30,835 [INFO]     [759/1231] TCGA-A7-A4SE-01A
2026-04-29 09:50:33,853 [INFO]     [760/1231] TCGA-E2-A10E-01A
2026-04-29 09:50:37,137 [INFO]     [761/1231] TCGA-D8-A1JF-01A
2026-04-29 09:50:40,381 [INFO]     [762/1231] TCGA-E2-A1BD-01A
2026-04-29 09:50:43,737 [INFO]     [763/1231] TCGA-BH-A18Q-11A
2026-04-29 09:50:47,083 [INFO]     [764/1231] TCGA-D8-A1XY-01A
2026-04-29 09:50:50,265 [INFO]     [765/1231] TCGA-A8-A08H-01A
2026-04-29 09:50:53,418 [INFO]     [766/1231] TCGA-EW-A1P7-01A
2026-04-29 09:50:56,458 [INFO]     [767/1231] TCGA-E2-A15G-01A
2026-04-29 09:50:59,602 [INFO]     [768/1231] TCGA-A8-A09X-01A
2026-04-29 09:51:02,635 [INFO]     [769/1231] TCGA-OL-A5RW-01A
2026-04-29 09:51:08,720 [INFO]     [770/1231] TCGA-A2-A0T1-01A
2026-04-29 09:51:11,763 [INFO]     [771/1231] TCGA-BH-A0DV-01A
2026-04-29 09:51:15,014 [INFO]     [772/1231] TCGA-A2-A0CU-01A
2026-04-29 09:51:18,044 [INFO]     [773/1231] TCGA-AC-A5XU-01A
2026-04-29 09:51:21,510 [INFO]     [774/1231] TCGA-D8-A1XK-01A
2026-04-29 09:51:24,766 [INFO]     [775/1231] TCGA-D8-A1X9-01A
2026-04-29 09:51:28,583 [INFO]     [776/1231] TCGA-BH-A0AU-11A
2026-04-29 09:51:31,950 [INFO]     [777/1231] TCGA-OL-A66I-01A
2026-04-29 09:51:35,203 [INFO]     [778/1231] TCGA-AR-A2LH-01A
2026-04-29 09:51:38,352 [INFO]     [779/1231] TCGA-D8-A1Y1-01A
2026-04-29 09:51:44,945 [INFO]     [780/1231] TCGA-A8-A092-01A
2026-04-29 09:51:48,395 [INFO]     [781/1231] TCGA-AR-A1AH-01A
2026-04-29 09:51:51,537 [INFO]     [782/1231] TCGA-OL-A6VO-01A
2026-04-29 09:51:55,098 [INFO]     [783/1231] TCGA-AR-A1AY-01A
2026-04-29 09:51:58,567 [INFO]     [784/1231] TCGA-AO-A0J3-01A
2026-04-29 09:52:01,604 [INFO]     [785/1231] TCGA-AR-A254-01A
2026-04-29 09:52:04,754 [INFO]     [786/1231] TCGA-EW-A1OX-01A
2026-04-29 09:52:08,534 [INFO]     [787/1231] TCGA-D8-A27L-01A
2026-04-29 09:52:11,882 [INFO]     [788/1231] TCGA-BH-A2L8-01A
2026-04-29 09:52:20,250 [INFO]     [789/1231] TCGA-BH-A0E1-01A
2026-04-29 09:52:24,443 [INFO]     [790/1231] TCGA-HN-A2OB-01A
2026-04-29 09:52:28,208 [INFO]     [791/1231] TCGA-E9-A228-01A
2026-04-29 09:52:31,878 [INFO]     [792/1231] TCGA-E2-A573-01A
2026-04-29 09:52:36,079 [INFO]     [793/1231] TCGA-C8-A12U-01A
2026-04-29 09:52:40,059 [INFO]     [794/1231] TCGA-C8-A12Z-01A
2026-04-29 09:52:43,540 [INFO]     [795/1231] TCGA-AR-A1AQ-01A
2026-04-29 09:52:47,087 [INFO]     [796/1231] TCGA-OL-A66P-01A
2026-04-29 09:52:50,849 [INFO]     [797/1231] TCGA-E2-A2P6-01A
2026-04-29 09:52:54,124 [INFO]     [798/1231] TCGA-AC-A3TN-01A
2026-04-29 09:52:57,685 [INFO]     [799/1231] TCGA-XX-A899-01A
2026-04-29 09:53:00,944 [INFO]     [800/1231] TCGA-E9-A249-01A
2026-04-29 09:53:04,773 [INFO]     [801/1231] TCGA-E9-A1N5-01A
2026-04-29 09:53:08,594 [INFO]     [802/1231] TCGA-A2-A3XZ-01A
2026-04-29 09:53:11,835 [INFO]     [803/1231] TCGA-A2-A0CP-01A
2026-04-29 09:53:15,085 [INFO]     [804/1231] TCGA-AO-A0JJ-01A
2026-04-29 09:53:18,613 [INFO]     [805/1231] TCGA-BH-A0HY-01A
2026-04-29 09:53:22,533 [INFO]     [806/1231] TCGA-BH-A1FR-01A
2026-04-29 09:53:26,067 [INFO]     [807/1231] TCGA-BH-A18F-01A
2026-04-29 09:53:29,242 [INFO]     [808/1231] TCGA-EW-A1PF-01A
2026-04-29 09:53:32,293 [INFO]     [809/1231] TCGA-BH-A0HO-01A
2026-04-29 09:53:35,639 [INFO]     [810/1231] TCGA-BH-A0BC-11A
2026-04-29 09:53:38,829 [INFO]     [811/1231] TCGA-A7-A425-01A
2026-04-29 09:53:41,958 [INFO]     [812/1231] TCGA-AR-A24U-01A
2026-04-29 09:53:45,019 [INFO]     [813/1231] TCGA-BH-A0HK-11A
2026-04-29 09:53:48,055 [INFO]     [814/1231] TCGA-BH-A0HK-01A
2026-04-29 09:53:51,305 [INFO]     [815/1231] TCGA-E2-A154-01A
2026-04-29 09:53:54,436 [INFO]     [816/1231] TCGA-AO-A0JA-01A
2026-04-29 09:53:57,602 [INFO]     [817/1231] TCGA-5L-AAT0-01A
2026-04-29 09:54:04,521 [INFO]     [818/1231] TCGA-E2-A14W-01A
2026-04-29 09:54:07,763 [INFO]     [819/1231] TCGA-AC-A2FE-01A
2026-04-29 09:54:10,918 [INFO]     [820/1231] TCGA-BH-A0RX-01A
2026-04-29 09:54:14,057 [INFO]     [821/1231] TCGA-E2-A1IH-01A
2026-04-29 09:54:17,303 [INFO]     [822/1231] TCGA-A7-A4SC-01A
2026-04-29 09:54:20,714 [INFO]     [823/1231] TCGA-AR-A5QQ-01A
2026-04-29 09:54:24,062 [INFO]     [824/1231] TCGA-S3-A6ZH-01A
2026-04-29 09:54:27,947 [INFO]     [825/1231] TCGA-BH-A0HX-01A
2026-04-29 09:54:31,833 [INFO]     [826/1231] TCGA-E2-A576-01A
2026-04-29 09:54:35,707 [INFO]     [827/1231] TCGA-E2-A156-01A
2026-04-29 09:54:39,274 [INFO]     [828/1231] TCGA-A7-A56D-01A
2026-04-29 09:54:42,737 [INFO]     [829/1231] TCGA-A7-A0DB-11A
2026-04-29 09:54:45,881 [INFO]     [830/1231] TCGA-E2-A152-01A
2026-04-29 09:54:49,023 [INFO]     [831/1231] TCGA-A7-A0DB-01A
2026-04-29 09:54:52,467 [INFO]     [832/1231] TCGA-A7-A0DB-01A
2026-04-29 09:54:55,655 [INFO]     [833/1231] TCGA-A7-A0DB-01C
2026-04-29 09:54:59,008 [INFO]     [834/1231] TCGA-E9-A1R0-01A
2026-04-29 09:55:02,155 [INFO]     [835/1231] TCGA-BH-A0BP-01A
2026-04-29 09:55:05,511 [INFO]     [836/1231] TCGA-E2-A158-01A
2026-04-29 09:55:09,892 [INFO]     [837/1231] TCGA-AC-A3OD-01A
2026-04-29 09:55:13,592 [INFO]     [838/1231] TCGA-AC-A23G-01A
2026-04-29 09:55:16,746 [INFO]     [839/1231] TCGA-A2-A3XS-01A
2026-04-29 09:55:20,007 [INFO]     [840/1231] TCGA-AR-A1AT-01A
2026-04-29 09:55:23,770 [INFO]     [841/1231] TCGA-AC-A5EH-01A
2026-04-29 09:55:28,713 [INFO]     [842/1231] TCGA-E9-A5FL-01A
2026-04-29 09:55:31,968 [INFO]     [843/1231] TCGA-GM-A2DA-01A
2026-04-29 09:55:35,007 [INFO]     [844/1231] TCGA-A2-A0YG-01A
2026-04-29 09:55:38,368 [INFO]     [845/1231] TCGA-C8-A3M8-01A
2026-04-29 09:55:41,648 [INFO]     [846/1231] TCGA-AO-A1KO-01A
2026-04-29 09:55:47,832 [INFO]     [847/1231] TCGA-AN-A0FN-01A
2026-04-29 09:55:50,983 [INFO]     [848/1231] TCGA-A2-A25F-01A
2026-04-29 09:55:54,233 [INFO]     [849/1231] TCGA-E2-A15D-01A
2026-04-29 09:55:57,803 [INFO]     [850/1231] TCGA-A8-A09R-01A
2026-04-29 09:56:00,945 [INFO]     [851/1231] TCGA-BH-A18J-01A
2026-04-29 09:56:04,084 [INFO]     [852/1231] TCGA-E9-A1RG-01A
2026-04-29 09:56:07,521 [INFO]     [853/1231] TCGA-A8-A09V-01A
2026-04-29 09:56:10,799 [INFO]     [854/1231] TCGA-A7-A13D-01A
2026-04-29 09:56:13,737 [INFO]     [855/1231] TCGA-BH-A0W3-01A
2026-04-29 09:56:16,874 [INFO]     [856/1231] TCGA-AR-A24V-01A
2026-04-29 09:56:22,963 [INFO]     [857/1231] TCGA-C8-A12P-01A
2026-04-29 09:56:26,300 [INFO]     [858/1231] TCGA-AC-A8OQ-01A
2026-04-29 09:56:29,657 [INFO]     [859/1231] TCGA-EW-A1OV-01A
2026-04-29 09:56:32,796 [INFO]     [860/1231] TCGA-OL-A66L-01A
2026-04-29 09:56:35,818 [INFO]     [861/1231] TCGA-A2-A1FX-01A
2026-04-29 09:56:38,854 [INFO]     [862/1231] TCGA-D8-A1JU-01A
2026-04-29 09:56:42,025 [INFO]     [863/1231] TCGA-AR-A2LO-01A
2026-04-29 09:56:45,384 [INFO]     [864/1231] TCGA-A8-A0AD-01A
2026-04-29 09:56:48,635 [INFO]     [865/1231] TCGA-D8-A27M-01A
2026-04-29 09:56:51,767 [INFO]     [866/1231] TCGA-PE-A5DD-01A
2026-04-29 09:56:59,838 [INFO]     [867/1231] TCGA-E2-A105-01A
2026-04-29 09:57:03,205 [INFO]     [868/1231] TCGA-A8-A09A-01A
2026-04-29 09:57:06,548 [INFO]     [869/1231] TCGA-E9-A5FK-01A
2026-04-29 09:57:10,235 [INFO]     [870/1231] TCGA-BH-A203-01A
2026-04-29 09:57:13,371 [INFO]     [871/1231] TCGA-A7-A26I-01A
2026-04-29 09:57:16,596 [INFO]     [872/1231] TCGA-GM-A2DD-01A
2026-04-29 09:57:19,840 [INFO]     [873/1231] TCGA-B6-A1KF-01A
2026-04-29 09:57:22,781 [INFO]     [874/1231] TCGA-AO-A0JF-01A
2026-04-29 09:57:26,028 [INFO]     [875/1231] TCGA-A2-A04R-01A
2026-04-29 09:57:29,485 [INFO]     [876/1231] TCGA-EW-A1PE-01A
2026-04-29 09:57:36,608 [INFO]     [877/1231] TCGA-A8-A07C-01A
2026-04-29 09:57:39,553 [INFO]     [878/1231] TCGA-EW-A1PB-01A
2026-04-29 09:57:42,979 [INFO]     [879/1231] TCGA-E2-A1AZ-01A
2026-04-29 09:57:46,371 [INFO]     [880/1231] TCGA-A8-A090-01A
2026-04-29 09:57:49,634 [INFO]     [881/1231] TCGA-AO-A0J4-01A
2026-04-29 09:57:53,211 [INFO]     [882/1231] TCGA-A8-A08X-01A
2026-04-29 09:57:56,451 [INFO]     [883/1231] TCGA-EW-A1OW-01A
2026-04-29 09:57:59,704 [INFO]     [884/1231] TCGA-AR-A0TP-01A
2026-04-29 09:58:02,935 [INFO]     [885/1231] TCGA-AC-A2FO-01A
2026-04-29 09:58:06,324 [INFO]     [886/1231] TCGA-EW-A6SA-01A
2026-04-29 09:58:09,468 [INFO]     [887/1231] TCGA-BH-A18R-01A
2026-04-29 09:58:12,918 [INFO]     [888/1231] TCGA-BH-A18R-11A
2026-04-29 09:58:16,078 [INFO]     [889/1231] TCGA-D8-A73W-01A
2026-04-29 09:58:19,208 [INFO]     [890/1231] TCGA-BH-A202-01A
2026-04-29 09:58:22,259 [INFO]     [891/1231] TCGA-A2-A0CM-01A
2026-04-29 09:58:25,817 [INFO]     [892/1231] TCGA-AR-A1AX-01A
2026-04-29 09:58:29,189 [INFO]     [893/1231] TCGA-WT-AB41-01A
2026-04-29 09:58:32,524 [INFO]     [894/1231] TCGA-D8-A1X5-01A
2026-04-29 09:58:35,682 [INFO]     [895/1231] TCGA-OL-A66N-01A
2026-04-29 09:58:41,757 [INFO]     [896/1231] TCGA-AR-A1AM-01A
2026-04-29 09:58:44,896 [INFO]     [897/1231] TCGA-A8-A07L-01A
2026-04-29 09:58:48,231 [INFO]     [898/1231] TCGA-LL-A5YN-01A
2026-04-29 09:58:51,515 [INFO]     [899/1231] TCGA-E2-A15F-01A
2026-04-29 09:58:54,757 [INFO]     [900/1231] TCGA-C8-A27A-01A
2026-04-29 09:58:57,791 [INFO]     [901/1231] TCGA-E2-A107-01A
2026-04-29 09:59:01,260 [INFO]     [902/1231] TCGA-B6-A0WW-01A
2026-04-29 09:59:04,403 [INFO]     [903/1231] TCGA-EW-A1J1-01A
2026-04-29 09:59:07,444 [INFO]     [904/1231] TCGA-E2-A109-01A
2026-04-29 09:59:10,776 [INFO]     [905/1231] TCGA-EW-A1P6-01A
2026-04-29 09:59:17,514 [INFO]     [906/1231] TCGA-E2-A2P5-01A
2026-04-29 09:59:20,870 [INFO]     [907/1231] TCGA-BH-A0DK-11A
2026-04-29 09:59:24,011 [INFO]     [908/1231] TCGA-EW-A1PD-01A
2026-04-29 09:59:27,352 [INFO]     [909/1231] TCGA-AN-A0XN-01A
2026-04-29 09:59:30,511 [INFO]     [910/1231] TCGA-E2-A158-11A
2026-04-29 09:59:33,843 [INFO]     [911/1231] TCGA-AO-A03P-01A
2026-04-29 09:59:40,295 [INFO]     [912/1231] TCGA-AR-A0TR-01A
2026-04-29 09:59:44,006 [INFO]     [913/1231] TCGA-GM-A2DL-01A
2026-04-29 09:59:51,469 [INFO]     [914/1231] TCGA-A2-A4RX-01A
2026-04-29 09:59:55,739 [INFO]     [915/1231] TCGA-D8-A1JH-01A
2026-04-29 09:59:59,165 [INFO]     [916/1231] TCGA-E9-A3QA-01A
2026-04-29 10:00:02,637 [INFO]     [917/1231] TCGA-A2-A1G4-01A
2026-04-29 10:00:05,666 [INFO]     [918/1231] TCGA-E2-A106-01A
2026-04-29 10:00:08,888 [INFO]     [919/1231] TCGA-E9-A1NI-01A
2026-04-29 10:00:11,954 [INFO]     [920/1231] TCGA-A1-A0SD-01A
2026-04-29 10:00:15,217 [INFO]     [921/1231] TCGA-D8-A27P-01A
2026-04-29 10:00:18,575 [INFO]     [922/1231] TCGA-E9-A1RF-01A
2026-04-29 10:00:21,619 [INFO]     [923/1231] TCGA-BH-A0AW-01A
2026-04-29 10:00:28,634 [INFO]     [924/1231] TCGA-E9-A1RF-11A
2026-04-29 10:00:31,893 [INFO]     [925/1231] TCGA-OL-A5D7-01A
2026-04-29 10:00:35,514 [INFO]     [926/1231] TCGA-B6-A0RH-01A
2026-04-29 10:00:39,801 [INFO]     [927/1231] TCGA-A2-A0CX-01A
2026-04-29 10:00:43,083 [INFO]     [928/1231] TCGA-A2-A25D-01A
2026-04-29 10:00:46,449 [INFO]     [929/1231] TCGA-BH-A201-01A
2026-04-29 10:00:49,693 [INFO]     [930/1231] TCGA-A8-A085-01A
2026-04-29 10:00:53,149 [INFO]     [931/1231] TCGA-AR-A5QP-01A
2026-04-29 10:00:56,190 [INFO]     [932/1231] TCGA-E9-A1NE-01A
2026-04-29 10:01:03,531 [INFO]     [933/1231] TCGA-E9-A1N8-01A
2026-04-29 10:01:06,668 [INFO]     [934/1231] TCGA-AC-A23C-01A
2026-04-29 10:01:09,931 [INFO]     [935/1231] TCGA-A2-A0YF-01A
2026-04-29 10:01:13,289 [INFO]     [936/1231] TCGA-AN-A0XV-01A
2026-04-29 10:01:16,606 [INFO]     [937/1231] TCGA-BH-A0H6-01A
2026-04-29 10:01:19,740 [INFO]     [938/1231] TCGA-D8-A27V-01A
2026-04-29 10:01:23,001 [INFO]     [939/1231] TCGA-EW-A2FR-01A
2026-04-29 10:01:26,256 [INFO]     [940/1231] TCGA-A2-A0T4-01A
2026-04-29 10:01:29,511 [INFO]     [941/1231] TCGA-Z7-A8R6-01A
2026-04-29 10:01:32,873 [INFO]     [942/1231] TCGA-A2-A0YL-01A
2026-04-29 10:01:38,411 [INFO]     [943/1231] TCGA-C8-A1HE-01A
2026-04-29 10:01:41,576 [INFO]     [944/1231] TCGA-BH-A203-11A
2026-04-29 10:01:47,443 [INFO]     [945/1231] TCGA-E9-A1NH-01A
2026-04-29 10:01:50,691 [INFO]     [946/1231] TCGA-A7-A26I-01B
2026-04-29 10:01:54,167 [INFO]     [947/1231] TCGA-AC-A2FM-01A
2026-04-29 10:01:57,515 [INFO]     [948/1231] TCGA-AC-A2FM-11B
2026-04-29 10:02:00,868 [INFO]     [949/1231] TCGA-E9-A2JT-01A
2026-04-29 10:02:04,121 [INFO]     [950/1231] TCGA-A8-A07B-01A
2026-04-29 10:02:07,377 [INFO]     [951/1231] TCGA-BH-A0HQ-01A
2026-04-29 10:02:11,152 [INFO]     [952/1231] TCGA-A2-A04T-01A
2026-04-29 10:02:14,389 [INFO]     [953/1231] TCGA-E2-A1IL-01A
2026-04-29 10:02:17,551 [INFO]     [954/1231] TCGA-D8-A1XW-01A
2026-04-29 10:02:20,785 [INFO]     [955/1231] TCGA-AN-A03X-01A
2026-04-29 10:02:24,052 [INFO]     [956/1231] TCGA-EW-A2FV-01A
2026-04-29 10:02:27,306 [INFO]     [957/1231] TCGA-C8-A26V-01A
2026-04-29 10:02:30,545 [INFO]     [958/1231] TCGA-AN-A0XR-01A
2026-04-29 10:02:33,794 [INFO]     [959/1231] TCGA-D8-A1JL-01A
2026-04-29 10:02:36,833 [INFO]     [960/1231] TCGA-A2-A25A-01A
2026-04-29 10:02:39,865 [INFO]     [961/1231] TCGA-BH-A18M-01A
2026-04-29 10:02:42,913 [INFO]     [962/1231] TCGA-BH-A18M-11A
2026-04-29 10:02:46,487 [INFO]     [963/1231] TCGA-BH-A1FJ-11B
2026-04-29 10:02:49,829 [INFO]     [964/1231] TCGA-BH-A1FJ-01A
2026-04-29 10:02:53,393 [INFO]     [965/1231] TCGA-AO-A0J6-01A
2026-04-29 10:02:57,178 [INFO]     [966/1231] TCGA-LL-A73Y-01A
2026-04-29 10:03:00,431 [INFO]     [967/1231] TCGA-AO-A12B-01A
2026-04-29 10:03:03,682 [INFO]     [968/1231] TCGA-GM-A5PX-01A
2026-04-29 10:03:07,249 [INFO]     [969/1231] TCGA-E2-A15O-01A
2026-04-29 10:03:10,596 [INFO]     [970/1231] TCGA-AN-A0AR-01A
2026-04-29 10:03:13,960 [INFO]     [971/1231] TCGA-A8-A099-01A
2026-04-29 10:03:17,531 [INFO]     [972/1231] TCGA-LL-A5YM-01A
2026-04-29 10:03:21,409 [INFO]     [973/1231] TCGA-D8-A140-01A
2026-04-29 10:03:24,554 [INFO]     [974/1231] TCGA-E2-A1LG-01A
2026-04-29 10:03:27,691 [INFO]     [975/1231] TCGA-BH-A0EB-01A
2026-04-29 10:03:30,634 [INFO]     [976/1231] TCGA-E9-A1ND-11A
2026-04-29 10:03:34,081 [INFO]     [977/1231] TCGA-E9-A1ND-01A
2026-04-29 10:03:37,443 [INFO]     [978/1231] TCGA-AR-A1AR-01A
2026-04-29 10:03:40,698 [INFO]     [979/1231] TCGA-C8-A27B-01A
2026-04-29 10:03:43,740 [INFO]     [980/1231] TCGA-E2-A1L8-01A
2026-04-29 10:03:46,988 [INFO]     [981/1231] TCGA-BH-A0DK-01A
2026-04-29 10:03:50,119 [INFO]     [982/1231] TCGA-EW-A1P1-01A
2026-04-29 10:03:57,654 [INFO]     [983/1231] TCGA-AC-A3OD-01B
2026-04-29 10:04:00,703 [INFO]     [984/1231] TCGA-AN-A03Y-01A
2026-04-29 10:04:03,741 [INFO]     [985/1231] TCGA-AQ-A1H2-01A
2026-04-29 10:04:07,612 [INFO]     [986/1231] TCGA-BH-A0C1-01B
2026-04-29 10:04:10,878 [INFO]     [987/1231] TCGA-E9-A3Q9-01A
2026-04-29 10:04:14,032 [INFO]     [988/1231] TCGA-BH-A1FU-01A
2026-04-29 10:04:17,468 [INFO]     [989/1231] TCGA-BH-A1FU-11A
2026-04-29 10:04:20,930 [INFO]     [990/1231] TCGA-AR-A0TX-01A
2026-04-29 10:04:24,193 [INFO]     [991/1231] TCGA-A8-A06R-01A
2026-04-29 10:04:27,344 [INFO]     [992/1231] TCGA-A1-A0SE-01A
2026-04-29 10:04:34,011 [INFO]     [993/1231] TCGA-A2-A0SU-01A
2026-04-29 10:04:37,177 [INFO]     [994/1231] TCGA-EW-A1IZ-01A
2026-04-29 10:04:40,401 [INFO]     [995/1231] TCGA-OL-A5D6-01A
2026-04-29 10:04:43,578 [INFO]     [996/1231] TCGA-AC-A2QI-01A
2026-04-29 10:04:46,922 [INFO]     [997/1231] TCGA-AO-A129-01A
2026-04-29 10:04:50,352 [INFO]     [998/1231] TCGA-BH-A0EE-01A
2026-04-29 10:04:53,844 [INFO]     [999/1231] TCGA-B6-A0RQ-01A
2026-04-29 10:04:56,996 [INFO]     [1000/1231] TCGA-AR-A0TZ-01A
2026-04-29 10:05:00,034 [INFO]     [1001/1231] TCGA-A7-A6VY-01A
2026-04-29 10:05:03,387 [INFO]     [1002/1231] TCGA-AC-A3YJ-01A
2026-04-29 10:05:09,664 [INFO]     [1003/1231] TCGA-EW-A1J6-01A
2026-04-29 10:05:12,827 [INFO]     [1004/1231] TCGA-BH-A18J-11A
2026-04-29 10:05:16,289 [INFO]     [1005/1231] TCGA-AO-A126-01A
2026-04-29 10:05:19,651 [INFO]     [1006/1231] TCGA-A7-A13D-01A
2026-04-29 10:05:23,421 [INFO]     [1007/1231] TCGA-A7-A13D-01B
2026-04-29 10:05:26,555 [INFO]     [1008/1231] TCGA-D8-A1X8-01A
2026-04-29 10:05:30,012 [INFO]     [1009/1231] TCGA-A2-A4S1-01A
2026-04-29 10:05:33,789 [INFO]     [1010/1231] TCGA-A2-A0D3-01A
2026-04-29 10:05:37,060 [INFO]     [1011/1231] TCGA-EW-A1PA-01A
2026-04-29 10:05:40,194 [INFO]     [1012/1231] TCGA-AN-A041-01A
2026-04-29 10:05:43,342 [INFO]     [1013/1231] TCGA-E2-A150-01A
2026-04-29 10:05:46,707 [INFO]     [1014/1231] TCGA-A8-A0A6-01A
2026-04-29 10:05:49,846 [INFO]     [1015/1231] TCGA-BH-A1ET-01A
2026-04-29 10:05:53,419 [INFO]     [1016/1231] TCGA-E9-A1RA-01A
2026-04-29 10:05:56,888 [INFO]     [1017/1231] TCGA-PE-A5DE-01A
2026-04-29 10:06:00,337 [INFO]     [1018/1231] TCGA-A7-A4SD-01A
2026-04-29 10:06:03,705 [INFO]     [1019/1231] TCGA-5T-A9QA-01A
2026-04-29 10:06:07,163 [INFO]     [1020/1231] TCGA-D8-A73X-01A
2026-04-29 10:06:10,310 [INFO]     [1021/1231] TCGA-A2-A04U-01A
2026-04-29 10:06:16,590 [INFO]     [1022/1231] TCGA-BH-A0DG-01A
2026-04-29 10:06:19,958 [INFO]     [1023/1231] TCGA-BH-A0DG-11A
2026-04-29 10:06:23,311 [INFO]     [1024/1231] TCGA-BH-A0HB-01A
2026-04-29 10:06:27,865 [INFO]     [1025/1231] TCGA-A8-A097-01A
2026-04-29 10:06:31,051 [INFO]     [1026/1231] TCGA-C8-A1HG-01A
2026-04-29 10:06:34,570 [INFO]     [1027/1231] TCGA-E9-A1R7-01A
2026-04-29 10:06:37,813 [INFO]     [1028/1231] TCGA-BH-A1FN-11A
2026-04-29 10:06:40,968 [INFO]     [1029/1231] TCGA-GM-A3NW-01A
2026-04-29 10:06:44,119 [INFO]     [1030/1231] TCGA-OL-A5D8-01A
2026-04-29 10:06:47,679 [INFO]     [1031/1231] TCGA-E9-A1R7-11A
2026-04-29 10:06:54,494 [INFO]     [1032/1231] TCGA-BH-A1FN-01A
2026-04-29 10:06:57,736 [INFO]     [1033/1231] TCGA-B6-A1KN-01A
2026-04-29 10:07:01,065 [INFO]     [1034/1231] TCGA-A2-A0YH-01A
2026-04-29 10:07:04,245 [INFO]     [1035/1231] TCGA-A2-A0ES-01A
2026-04-29 10:07:07,492 [INFO]     [1036/1231] TCGA-AC-A2FB-01A
2026-04-29 10:07:10,739 [INFO]     [1037/1231] TCGA-A7-A0DA-01A
2026-04-29 10:07:14,090 [INFO]     [1038/1231] TCGA-C8-A274-01A
2026-04-29 10:07:17,378 [INFO]     [1039/1231] TCGA-B6-A0IK-01A
2026-04-29 10:07:21,045 [INFO]     [1040/1231] TCGA-E9-A247-01A
2026-04-29 10:07:24,318 [INFO]     [1041/1231] TCGA-BH-A28O-01A
2026-04-29 10:07:27,564 [INFO]     [1042/1231] TCGA-AC-A2QH-01B
2026-04-29 10:07:30,916 [INFO]     [1043/1231] TCGA-AN-A0AK-01A
2026-04-29 10:07:33,956 [INFO]     [1044/1231] TCGA-A2-A0EP-01A
2026-04-29 10:07:37,414 [INFO]     [1045/1231] TCGA-BH-A0BS-01A
2026-04-29 10:07:40,464 [INFO]     [1046/1231] TCGA-D8-A1XB-01A
2026-04-29 10:07:43,597 [INFO]     [1047/1231] TCGA-C8-A134-01A
2026-04-29 10:07:46,746 [INFO]     [1048/1231] TCGA-A8-A06P-01A
2026-04-29 10:07:50,208 [INFO]     [1049/1231] TCGA-AR-A0TS-01A
2026-04-29 10:07:53,569 [INFO]     [1050/1231] TCGA-BH-A28Q-01A
2026-04-29 10:07:57,141 [INFO]     [1051/1231] TCGA-BH-A0HA-11A
2026-04-29 10:08:00,597 [INFO]     [1052/1231] TCGA-AR-A252-01A
2026-04-29 10:08:03,843 [INFO]     [1053/1231] TCGA-AR-A24T-01A
2026-04-29 10:08:07,192 [INFO]     [1054/1231] TCGA-E2-A572-01A
2026-04-29 10:08:10,446 [INFO]     [1055/1231] TCGA-E2-A15R-01A
2026-04-29 10:08:13,695 [INFO]     [1056/1231] TCGA-A8-A09T-01A
2026-04-29 10:08:16,745 [INFO]     [1057/1231] TCGA-E2-A1IO-01A
2026-04-29 10:08:20,000 [INFO]     [1058/1231] TCGA-E9-A1NA-11A
2026-04-29 10:08:23,024 [INFO]     [1059/1231] TCGA-E9-A1NA-01A
2026-04-29 10:08:26,146 [INFO]     [1060/1231] TCGA-A2-A259-01A
2026-04-29 10:08:29,525 [INFO]     [1061/1231] TCGA-S3-AA11-01A
2026-04-29 10:08:33,089 [INFO]     [1062/1231] TCGA-BH-A0B2-01A
2026-04-29 10:08:39,912 [INFO]     [1063/1231] TCGA-AO-A0JD-01A
2026-04-29 10:08:46,573 [INFO]     [1064/1231] TCGA-AR-A0TW-01A
2026-04-29 10:08:49,974 [INFO]     [1065/1231] TCGA-AN-A0FZ-01A
2026-04-29 10:08:53,126 [INFO]     [1066/1231] TCGA-BH-A0B8-11A
2026-04-29 10:08:56,798 [INFO]     [1067/1231] TCGA-BH-A1FG-11B
2026-04-29 10:09:00,042 [INFO]     [1068/1231] TCGA-A2-A04W-01A
2026-04-29 10:09:03,513 [INFO]     [1069/1231] TCGA-D8-A27N-01A
2026-04-29 10:09:06,645 [INFO]     [1070/1231] TCGA-E2-A1LH-01A
2026-04-29 10:09:12,733 [INFO]     [1071/1231] TCGA-AN-A0AM-01A
2026-04-29 10:09:16,202 [INFO]     [1072/1231] TCGA-LL-A7T0-01A
2026-04-29 10:09:19,251 [INFO]     [1073/1231] TCGA-A8-A096-01A
2026-04-29 10:09:22,487 [INFO]     [1074/1231] TCGA-A7-A26E-01A
2026-04-29 10:09:25,639 [INFO]     [1075/1231] TCGA-E2-A1BC-01A
2026-04-29 10:09:29,000 [INFO]     [1076/1231] TCGA-EW-A1PG-01A
2026-04-29 10:09:32,559 [INFO]     [1077/1231] TCGA-C8-A26Z-01A
2026-04-29 10:09:35,614 [INFO]     [1078/1231] TCGA-E2-A15C-01A
2026-04-29 10:09:38,646 [INFO]     [1079/1231] TCGA-BH-A0HU-01A
2026-04-29 10:09:41,995 [INFO]     [1080/1231] TCGA-D8-A1JS-01A
2026-04-29 10:09:48,604 [INFO]     [1081/1231] TCGA-C8-A8HR-01A
2026-04-29 10:09:52,074 [INFO]     [1082/1231] TCGA-A7-A5ZV-01A
2026-04-29 10:09:55,539 [INFO]     [1083/1231] TCGA-A8-A07Z-01A
2026-04-29 10:09:59,103 [INFO]     [1084/1231] TCGA-B6-A0IQ-01A
2026-04-29 10:10:02,766 [INFO]     [1085/1231] TCGA-E2-A1L7-11A
2026-04-29 10:10:06,138 [INFO]     [1086/1231] TCGA-EW-A2FW-01A
2026-04-29 10:10:09,071 [INFO]     [1087/1231] TCGA-BH-A0C0-11A
2026-04-29 10:10:12,331 [INFO]     [1088/1231] TCGA-AN-A0XW-01A
2026-04-29 10:10:15,351 [INFO]     [1089/1231] TCGA-AC-A2QH-01A
2026-04-29 10:10:18,505 [INFO]     [1090/1231] TCGA-A2-A0D4-01A
2026-04-29 10:10:21,859 [INFO]     [1091/1231] TCGA-AC-A62V-01A
2026-04-29 10:10:25,009 [INFO]     [1092/1231] TCGA-AO-A1KQ-01A
2026-04-29 10:10:28,474 [INFO]     [1093/1231] TCGA-A8-A06Q-01A
2026-04-29 10:10:31,589 [INFO]     [1094/1231] TCGA-A7-A4SB-01A
2026-04-29 10:10:34,864 [INFO]     [1095/1231] TCGA-3C-AAAU-01A
2026-04-29 10:10:38,086 [INFO]     [1096/1231] TCGA-BH-A0BZ-11A
2026-04-29 10:10:41,356 [INFO]     [1097/1231] TCGA-BH-A0BW-01A
2026-04-29 10:10:44,686 [INFO]     [1098/1231] TCGA-B6-A0IA-01A
2026-04-29 10:10:47,930 [INFO]     [1099/1231] TCGA-A1-A0SH-01A
2026-04-29 10:10:51,078 [INFO]     [1100/1231] TCGA-BH-A1EN-11A
2026-04-29 10:10:55,033 [INFO]     [1101/1231] TCGA-AN-A0FL-01A
2026-04-29 10:10:58,722 [INFO]     [1102/1231] TCGA-EW-A1PC-01B
2026-04-29 10:11:01,985 [INFO]     [1103/1231] TCGA-A2-A0EO-01A
2026-04-29 10:11:05,448 [INFO]     [1104/1231] TCGA-A7-A26F-01A
2026-04-29 10:11:08,480 [INFO]     [1105/1231] TCGA-A7-A0CH-01A
2026-04-29 10:11:11,528 [INFO]     [1106/1231] TCGA-GM-A2DI-01A
2026-04-29 10:11:14,975 [INFO]     [1107/1231] TCGA-A7-A3IY-01A
2026-04-29 10:11:18,224 [INFO]     [1108/1231] TCGA-A7-A13G-11A
2026-04-29 10:11:21,871 [INFO]     [1109/1231] TCGA-C8-A12K-01A
2026-04-29 10:11:25,135 [INFO]     [1110/1231] TCGA-BH-A42T-01A
2026-04-29 10:11:28,378 [INFO]     [1111/1231] TCGA-BH-A0H3-01A
2026-04-29 10:11:31,952 [INFO]     [1112/1231] TCGA-V7-A7HQ-01A
2026-04-29 10:11:36,030 [INFO]     [1113/1231] TCGA-D8-A1XS-01A
2026-04-29 10:11:39,064 [INFO]     [1114/1231] TCGA-A8-A091-01A
2026-04-29 10:11:42,228 [INFO]     [1115/1231] TCGA-A8-A06T-01A
2026-04-29 10:11:45,265 [INFO]     [1116/1231] TCGA-AO-A0J5-01A
2026-04-29 10:11:48,515 [INFO]     [1117/1231] TCGA-AO-A0JI-01A
2026-04-29 10:11:51,876 [INFO]     [1118/1231] TCGA-D8-A146-01A
2026-04-29 10:11:55,333 [INFO]     [1119/1231] TCGA-AR-A2LL-01A
2026-04-29 10:11:58,513 [INFO]     [1120/1231] TCGA-E2-A1L7-01A
2026-04-29 10:12:01,864 [INFO]     [1121/1231] TCGA-A8-A07E-01A
2026-04-29 10:12:09,633 [INFO]     [1122/1231] TCGA-EW-A6SD-01A
2026-04-29 10:12:13,056 [INFO]     [1123/1231] TCGA-D8-A1XV-01A
2026-04-29 10:12:16,335 [INFO]     [1124/1231] TCGA-OL-A5RY-01A
2026-04-29 10:12:19,580 [INFO]     [1125/1231] TCGA-E2-A1LE-01A
2026-04-29 10:12:22,726 [INFO]     [1126/1231] TCGA-LL-A442-01A
2026-04-29 10:12:25,969 [INFO]     [1127/1231] TCGA-D8-A1JJ-01A
2026-04-29 10:12:29,138 [INFO]     [1128/1231] TCGA-BH-A1FD-01A
2026-04-29 10:12:32,894 [INFO]     [1129/1231] TCGA-B6-A0X5-01A
2026-04-29 10:12:36,349 [INFO]     [1130/1231] TCGA-E2-A155-01A
2026-04-29 10:12:40,453 [INFO]     [1131/1231] TCGA-A8-A07S-01A
2026-04-29 10:12:43,796 [INFO]     [1132/1231] TCGA-BH-A0BS-11A
2026-04-29 10:12:46,948 [INFO]     [1133/1231] TCGA-BH-A0EI-01A
2026-04-29 10:12:50,212 [INFO]     [1134/1231] TCGA-BH-A0W5-01A
2026-04-29 10:12:53,394 [INFO]     [1135/1231] TCGA-E9-A6HE-01A
2026-04-29 10:12:56,852 [INFO]     [1136/1231] TCGA-A2-A3XW-01A
2026-04-29 10:13:00,205 [INFO]     [1137/1231] TCGA-A2-A0YT-01A
2026-04-29 10:13:03,235 [INFO]     [1138/1231] TCGA-C8-A138-01A
2026-04-29 10:13:06,606 [INFO]     [1139/1231] TCGA-E9-A5UP-01A
2026-04-29 10:13:09,745 [INFO]     [1140/1231] TCGA-C8-A12V-01A
2026-04-29 10:13:12,880 [INFO]     [1141/1231] TCGA-BH-A5J0-01A
2026-04-29 10:13:16,567 [INFO]     [1142/1231] TCGA-E9-A1NF-01A
2026-04-29 10:13:19,702 [INFO]     [1143/1231] TCGA-A8-A084-01A
2026-04-29 10:13:23,379 [INFO]     [1144/1231] TCGA-C8-A1HN-01A
2026-04-29 10:13:26,633 [INFO]     [1145/1231] TCGA-A8-A09E-01A
2026-04-29 10:13:29,774 [INFO]     [1146/1231] TCGA-BH-A0HL-01A
2026-04-29 10:13:32,821 [INFO]     [1147/1231] TCGA-AR-A0U3-01A
2026-04-29 10:13:36,051 [INFO]     [1148/1231] TCGA-GM-A5PV-01A
2026-04-29 10:13:39,112 [INFO]     [1149/1231] TCGA-UL-AAZ6-01A
2026-04-29 10:13:42,258 [INFO]     [1150/1231] TCGA-D8-A1XD-01A
2026-04-29 10:13:45,417 [INFO]     [1151/1231] TCGA-A2-A0CL-01A
2026-04-29 10:13:48,366 [INFO]     [1152/1231] TCGA-A8-A08I-01A
2026-04-29 10:13:54,739 [INFO]     [1153/1231] TCGA-E2-A108-01A
2026-04-29 10:13:58,087 [INFO]     [1154/1231] TCGA-A8-A08J-01A
2026-04-29 10:14:01,457 [INFO]     [1155/1231] TCGA-AC-A2BM-01A
2026-04-29 10:14:05,019 [INFO]     [1156/1231] TCGA-C8-A12M-01A
2026-04-29 10:14:08,072 [INFO]     [1157/1231] TCGA-E9-A1QZ-01A
2026-04-29 10:14:11,845 [INFO]     [1158/1231] TCGA-AO-A0J8-01A
2026-04-29 10:14:15,304 [INFO]     [1159/1231] TCGA-D8-A27W-01A
2026-04-29 10:14:18,343 [INFO]     [1160/1231] TCGA-AC-A23E-01A
2026-04-29 10:14:21,703 [INFO]     [1161/1231] TCGA-BH-A6R8-01A
2026-04-29 10:14:25,160 [INFO]     [1162/1231] TCGA-AC-A3W7-01A
2026-04-29 10:14:28,730 [INFO]     [1163/1231] TCGA-AR-A24K-01A
2026-04-29 10:14:31,962 [INFO]     [1164/1231] TCGA-B6-A0IE-01A
2026-04-29 10:14:35,225 [INFO]     [1165/1231] TCGA-BH-A0H9-11A
2026-04-29 10:14:38,472 [INFO]     [1166/1231] TCGA-BH-A0BF-01A
2026-04-29 10:14:41,836 [INFO]     [1167/1231] TCGA-EW-A1PH-01A
2026-04-29 10:14:45,090 [INFO]     [1168/1231] TCGA-AR-A0U2-01A
2026-04-29 10:14:48,317 [INFO]     [1169/1231] TCGA-AR-A2LN-01A
2026-04-29 10:14:51,470 [INFO]     [1170/1231] TCGA-AR-A1AS-01A
2026-04-29 10:14:54,835 [INFO]     [1171/1231] TCGA-BH-A0BQ-11A
2026-04-29 10:14:58,078 [INFO]     [1172/1231] TCGA-BH-A0DP-11A
2026-04-29 10:15:04,236 [INFO]     [1173/1231] TCGA-BH-A0DP-01A
2026-04-29 10:15:07,165 [INFO]     [1174/1231] TCGA-A1-A0SK-01A
2026-04-29 10:15:10,535 [INFO]     [1175/1231] TCGA-A8-A081-01A
2026-04-29 10:15:14,090 [INFO]     [1176/1231] TCGA-BH-A0B5-11A
2026-04-29 10:15:17,460 [INFO]     [1177/1231] TCGA-BH-A0B5-01A
2026-04-29 10:15:20,711 [INFO]     [1178/1231] TCGA-AC-A62X-01A
2026-04-29 10:15:23,852 [INFO]     [1179/1231] TCGA-AO-A12H-01A
2026-04-29 10:15:26,886 [INFO]     [1180/1231] TCGA-GM-A2DK-01A
2026-04-29 10:15:30,355 [INFO]     [1181/1231] TCGA-AC-A6IV-01A
2026-04-29 10:15:36,320 [INFO]     [1182/1231] TCGA-A2-A0T2-01A
2026-04-29 10:15:39,361 [INFO]     [1183/1231] TCGA-BH-A1F6-01A
2026-04-29 10:15:42,825 [INFO]     [1184/1231] TCGA-A8-A06N-01A
2026-04-29 10:15:45,861 [INFO]     [1185/1231] TCGA-E9-A1NC-01A
2026-04-29 10:15:49,743 [INFO]     [1186/1231] TCGA-D8-A1X6-01A
2026-04-29 10:15:52,998 [INFO]     [1187/1231] TCGA-EW-A1IX-01A
2026-04-29 10:15:56,244 [INFO]     [1188/1231] TCGA-E2-A1L6-01A
2026-04-29 10:15:59,718 [INFO]     [1189/1231] TCGA-E9-A54Y-01A
2026-04-29 10:16:02,953 [INFO]     [1190/1231] TCGA-E2-A1LB-11A
2026-04-29 10:16:06,219 [INFO]     [1191/1231] TCGA-EW-A6SB-01A
2026-04-29 10:16:09,784 [INFO]     [1192/1231] TCGA-E2-A15I-11A
2026-04-29 10:16:12,917 [INFO]     [1193/1231] TCGA-E9-A1N6-01A
2026-04-29 10:16:16,188 [INFO]     [1194/1231] TCGA-E9-A1R5-01A
2026-04-29 10:16:19,531 [INFO]     [1195/1231] TCGA-A2-A04Q-01A
2026-04-29 10:16:23,004 [INFO]     [1196/1231] TCGA-A2-A0SY-01A
2026-04-29 10:16:26,352 [INFO]     [1197/1231] TCGA-BH-A1ES-01A
2026-04-29 10:16:29,510 [INFO]     [1198/1231] TCGA-A8-A07J-01A
2026-04-29 10:16:32,955 [INFO]     [1199/1231] TCGA-OL-A97C-01A
2026-04-29 10:16:36,181 [INFO]     [1200/1231] TCGA-A8-A06X-01A
2026-04-29 10:16:39,530 [INFO]     [1201/1231] TCGA-BH-A0BV-11A
2026-04-29 10:16:42,893 [INFO]     [1202/1231] TCGA-BH-A0BV-01A
2026-04-29 10:16:48,668 [INFO]     [1203/1231] TCGA-A8-A08G-01A
2026-04-29 10:16:51,918 [INFO]     [1204/1231] TCGA-E2-A15A-01A
2026-04-29 10:16:55,154 [INFO]     [1205/1231] TCGA-AR-A0U4-01A
2026-04-29 10:16:58,208 [INFO]     [1206/1231] TCGA-AO-A12C-01A
2026-04-29 10:17:01,446 [INFO]     [1207/1231] TCGA-B6-A408-01A
2026-04-29 10:17:04,802 [INFO]     [1208/1231] TCGA-A2-A04X-01A
2026-04-29 10:17:08,261 [INFO]     [1209/1231] TCGA-AC-A6IX-06A
2026-04-29 10:17:11,523 [INFO]     [1210/1231] TCGA-BH-A0DT-11A
2026-04-29 10:17:14,671 [INFO]     [1211/1231] TCGA-BH-A1EW-11B
2026-04-29 10:17:20,851 [INFO]     [1212/1231] TCGA-A2-A0EX-01A
2026-04-29 10:17:23,985 [INFO]     [1213/1231] TCGA-LL-A441-01A
2026-04-29 10:17:27,352 [INFO]     [1214/1231] TCGA-BH-A1F2-11A
2026-04-29 10:17:30,794 [INFO]     [1215/1231] TCGA-BH-A1F2-01A
2026-04-29 10:17:34,066 [INFO]     [1216/1231] TCGA-C8-A8HQ-01A
2026-04-29 10:17:37,326 [INFO]     [1217/1231] TCGA-A7-A26J-01A
2026-04-29 10:17:40,457 [INFO]     [1218/1231] TCGA-C8-A12W-01A
2026-04-29 10:17:43,603 [INFO]     [1219/1231] TCGA-AR-A24W-01A
2026-04-29 10:17:46,635 [INFO]     [1220/1231] TCGA-A7-A26J-01B
2026-04-29 10:17:49,894 [INFO]     [1221/1231] TCGA-E9-A1N4-01A
2026-04-29 10:17:53,046 [INFO]     [1222/1231] TCGA-BH-A18V-06A
2026-04-29 10:17:56,445 [INFO]     [1223/1231] TCGA-BH-A18V-01A
2026-04-29 10:17:59,590 [INFO]     [1224/1231] TCGA-A7-A13G-01B
2026-04-29 10:18:03,258 [INFO]     [1225/1231] TCGA-A7-A13G-01A
2026-04-29 10:18:06,515 [INFO]     [1226/1231] TCGA-BH-A0E6-01A
2026-04-29 10:18:09,640 [INFO]     [1227/1231] TCGA-GM-A2D9-01A
2026-04-29 10:18:13,015 [INFO]     [1228/1231] TCGA-LL-A5YP-01A
2026-04-29 10:18:16,240 [INFO]     [1229/1231] TCGA-E2-A1II-01A
2026-04-29 10:18:19,099 [INFO]     [1230/1231] TCGA-D8-A1JE-01A
2026-04-29 10:18:22,344 [INFO]     [1231/1231] TCGA-GM-A3XL-01A
2026-04-29 10:18:25,496 [INFO]   Building matrix (1211 samples)...
2026-04-29 10:19:08,659 [INFO]   ✅ Saved: cohort_matrices/TCGA-BRCA_STAR_counts_matrix.csv  (60660 genes × 1211 samples)
2026-04-29 10:19:10,785 [INFO] 
=======================================================
2026-04-29 10:19:10,785 [INFO] COHORT 4/33: TCGA-CESC
2026-04-29 10:19:10,785 [INFO] =======================================================
2026-04-29 10:19:10,785 [INFO]   Fetching file list for TCGA-CESC...
2026-04-29 10:19:11,483 [INFO]     309 / 309 files retrieved...
2026-04-29 10:19:11,483 [INFO]   Total files found for TCGA-CESC: 309
2026-04-29 10:19:11,484 [INFO]   Downloading 309 files for TCGA-CESC...
2026-04-29 10:19:11,484 [INFO]     [1/309] TCGA-EK-A2PI-01A
2026-04-29 10:19:14,433 [INFO]     [2/309] TCGA-C5-A907-01A
2026-04-29 10:19:17,469 [INFO]     [3/309] TCGA-VS-A9UJ-01A
2026-04-29 10:19:20,899 [INFO]     [4/309] TCGA-MY-A5BD-01A
2026-04-29 10:19:24,148 [INFO]     [5/309] TCGA-HM-A3JK-01A
2026-04-29 10:19:27,509 [INFO]     [6/309] TCGA-DS-A7WF-01A
2026-04-29 10:19:30,965 [INFO]     [7/309] TCGA-C5-A8YT-01A
2026-04-29 10:19:33,993 [INFO]     [8/309] TCGA-JW-A852-01A
2026-04-29 10:19:40,707 [INFO]     [9/309] TCGA-HM-A3JJ-01A
2026-04-29 10:19:43,865 [INFO]     [10/309] TCGA-VS-A9UM-01A
2026-04-29 10:19:47,014 [INFO]     [11/309] TCGA-C5-A2LT-01A
2026-04-29 10:19:50,369 [INFO]     [12/309] TCGA-DS-A0VN-01A
2026-04-29 10:19:53,714 [INFO]     [13/309] TCGA-EK-A2RB-01A
2026-04-29 10:19:57,083 [INFO]     [14/309] TCGA-XS-A8TJ-01A
2026-04-29 10:20:00,324 [INFO]     [15/309] TCGA-R2-A69V-01A
2026-04-29 10:20:03,713 [INFO]     [16/309] TCGA-JW-A5VH-01A
2026-04-29 10:20:06,955 [INFO]     [17/309] TCGA-C5-A902-01A
2026-04-29 10:20:10,226 [INFO]     [18/309] TCGA-C5-A1MQ-01A
2026-04-29 10:20:15,977 [INFO]     [19/309] TCGA-C5-A3HF-01A
2026-04-29 10:20:19,249 [INFO]     [20/309] TCGA-ZJ-AAXF-01A
2026-04-29 10:20:22,498 [INFO]     [21/309] TCGA-C5-A3HD-01B
2026-04-29 10:20:25,741 [INFO]     [22/309] TCGA-FU-A770-01A
2026-04-29 10:20:29,099 [INFO]     [23/309] TCGA-VS-A94Y-01A
2026-04-29 10:20:32,461 [INFO]     [24/309] TCGA-LP-A5U3-01A
2026-04-29 10:20:35,598 [INFO]     [25/309] TCGA-C5-A1M8-01A
2026-04-29 10:20:39,037 [INFO]     [26/309] TCGA-VS-A8QA-01A
