cases.0.project.project_id,cases.0.samples.0.sample_id,cases.0.submitter_id,file_id,file_name,id
TCGA-BRCA,9321161b-d568-4d38-aed3-956786a06329,TCGA-BH-A18H,744a6d3d-b666-49aa-8d26-47f34e3d1eb5,94027f46-390c-4dda-ab89-cb1ac0a291cd.rna_seq.augmented_star_gene_counts.tsv,744a6d3d-b666-49aa-8d26-47f34e3d1eb5
TCGA-BRCA,58bfe278-a80f-4722-b286-4d966214d244,TCGA-E2-A14P,4ecc1f1a-8ff4-4552-a5e8-7a9652b6d1d5,df45fb41-4511-4dab-b865-fcdfcda0400a.rna_seq.augmented_star_gene_counts.tsv,4ecc1f1a-8ff4-4552-a5e8-7a9652b6d1d5
TCGA-BRCA,1d8f72b7-8596-40e8-afdf-244dd897758c,TCGA-AN-A04A,1ace2a0c-773d-45b5-8fd6-968c88731bbb,c33ecc28-d5ba-4416-b93d-445b7883b6e8.rna_seq.augmented_star_gene_counts.tsv,1ace2a0c-773d-45b5-8fd6-968c88731bbb
TCGA-KIRP,14f96a1d-5a17-44b1-8c8a-bfabb1413432,TCGA-MH-A855,7db46624-6d07-4f49-b0ff-18bb41375de9,b1f7af2a-a39b-44c7-a077-e1df6b18268a.rna_seq.augmented_star_gene_counts.tsv,7db46624-6d07-4f49-b0ff-18bb41375de9
TCGA-KIRP,6906dc9f-4bf1-43ac-9967-1b23f3de1196,TCGA-P4-A5E6,25e923e1-24ce-44a9-934c-20df73d33686,acfb6bc0-2972-48f8-9926-5a5ef46e8d86.rna_seq.augmented_star_gene_counts.tsv,25e923e1-24ce-44a9-934c-20df73d33686
TCGA-KIRP,45566683-93b3-43f7-8233-94867df73769,TCGA-BQ-5875,5f546050-bd02-4240-a036-8a8cd5b93bbf,45757ee8-9ee6-4b06-96b3-92c4ed342025.rna_seq.augmented_star_gene_counts.tsv,5f546050-bd02-4240-a036-8a8cd5b93bbf
TCGA-KIRP,4eccd73c-9a7b-40a8-a579-7e28b1ff3d69,TCGA-WN-A9G9,dedfc0e5-be63-470d-b6bc-847c10b2cf93,fb7c4c02-0eba-49be-94b6-f9b7943f5925.rna_seq.augmented_star_gene_counts.tsv,dedfc0e5-be63-470d-b6bc-847c10b2cf93
TCGA-KIRP,e8cd0d5d-2af6-444f-b8b9-05b1874edae2,TCGA-HE-A5NH,b30735ec-ab08-4413-9af4-0f70d4b6f7c3,73d434a7-9c39-471f-a5f5-2aebfc1a85ef.rna_seq.augmented_star_gene_counts.tsv,b30735ec-ab08-4413-9af4-0f70d4b6f7c3
TCGA-KIRP,aedc2b0c-d6e0-42b3-b311-0828102b562b,TCGA-F9-A8NY,ccfce8c5-d53e-4538-b201-c697e7a4f851,25baca49-5a22-4a18-a9b4-efae82bea85c.rna_seq.augmented_star_gene_counts.tsv,ccfce8c5-d53e-4538-b201-c697e7a4f851
TCGA-KIRP,4ac25d64-35a6-4ed7-be5b-bf037fbbce80,TCGA-B9-A8YI,7e573139-6180-4ea1-be0b-d5df8d13c448,970a9be7-5ccd-487f-92d9-4e194a97d162.rna_seq.augmented_star_gene_counts.tsv,7e573139-6180-4ea1-be0b-d5df8d13c448
TCGA-KIRP,14821d25-2bff-436e-8b1f-c8f4a1f70dde,TCGA-G7-A4TM,875dd262-d100-47d6-b547-5004105eb8fe,7ebc0aad-868c-4588-a806-e6c0c6b67d9d.rna_seq.augmented_star_gene_counts.tsv,875dd262-d100-47d6-b547-5004105eb8fe
TCGA-KIRP,46718846-b25f-4e30-8ded-6fe8b3d41232,TCGA-B9-A5W9,41d2e95c-1dd1-46f4-8781-6649be8e86ba,e167486d-404e-4159-8e45-6694bf1ffdb6.rna_seq.augmented_star_gene_counts.tsv,41d2e95c-1dd1-46f4-8781-6649be8e86ba
TCGA-KIRP,d74c7152-798f-4913-95d3-67ac834204f0,TCGA-AL-3466,a8064ab6-1b4b-42bb-8505-ec2310066c82,b4c30d0a-a87c-4562-8302-6117a24458e2.rna_seq.augmented_star_gene_counts.tsv,a8064ab6-1b4b-42bb-8505-ec2310066c82
TCGA-KIRP,3ff79014-b22b-4bd6-b2a9-669640696efd,TCGA-IZ-8195,69436444-28b6-41b3-bf49-ae65146b0071,93028cc0-f240-4305-ad18-babfe83bf0e8.rna_seq.augmented_star_gene_counts.tsv,69436444-28b6-41b3-bf49-ae65146b0071
TCGA-KIRP,7df2fab4-3111-4a93-a6ea-c2b701b71438,TCGA-AL-7173,c32d6f98-f752-4665-95f9-aa2fc3b02fd9,2f059ac2-e4fb-412d-b539-ad6be5a55a35.rna_seq.augmented_star_gene_counts.tsv,c32d6f98-f752-4665-95f9-aa2fc3b02fd9
TCGA-KIRP,31769c98-8882-44e9-b61b-417903b3e4f5,TCGA-B9-4115,5669db25-1d5f-49ea-98f2-80da6c6d1205,a4ac4fe0-886f-4bed-a2dd-a118a7303b9c.rna_seq.augmented_star_gene_counts.tsv,5669db25-1d5f-49ea-98f2-80da6c6d1205
TCGA-KIRP,2697d1de-3d7e-4bd6-9ede-7516bd10a701,TCGA-MH-A560,37a10ee4-94f4-411d-b790-8e2871d790ae,5762160c-cce5-4294-ba8d-731b8f67dc53.rna_seq.augmented_star_gene_counts.tsv,37a10ee4-94f4-411d-b790-8e2871d790ae
TCGA-KIRP,7478d32b-a1d4-41cc-845f-450c7332e3d8,TCGA-B9-A69E,c6b73b52-e80a-4af0-b1fd-6636269e6676,2d1c7f8e-ae1f-4f08-9167-d65dbd1ed1f9.rna_seq.augmented_star_gene_counts.tsv,c6b73b52-e80a-4af0-b1fd-6636269e6676
TCGA-KIRP,11ab651d-4d89-4881-bd70-6a47626bb168,TCGA-A4-8518,a4ac446e-4c70-4360-9e88-879641cff075,dca406a5-9351-41b4-8cc6-40ed702103f6.rna_seq.augmented_star_gene_counts.tsv,a4ac446e-4c70-4360-9e88-879641cff075
TCGA-KIRP,5d07e488-c7c6-4073-9c8e-c2c56754e310,TCGA-UZ-A9PJ,5a49dc8a-9a9d-47b2-bbcb-807ea40f951d,817a34d0-4ed3-417c-ae05-54b3174e2039.rna_seq.augmented_star_gene_counts.tsv,5a49dc8a-9a9d-47b2-bbcb-807ea40f951d
TCGA-KIRP,5069d670-b671-4147-a632-05cac22de01b,TCGA-A4-A5DU,6f96d13b-69de-400a-9187-203e7d397613,e3a62efe-9618-4e8c-9f67-f050b4fc99fa.rna_seq.augmented_star_gene_counts.tsv,6f96d13b-69de-400a-9187-203e7d397613
TCGA-KIRP,d7c39c39-0c09-4b82-9436-58e4e8d3db0a,TCGA-Y8-A896,d18fb4cd-b9a1-4b41-9945-6a5f85e49557,d2fbd6d0-30c3-4a7f-8aaf-3ed2dc28ca7f.rna_seq.augmented_star_gene_counts.tsv,d18fb4cd-b9a1-4b41-9945-6a5f85e49557
TCGA-KIRP,a75a6751-bdbf-4221-8886-8f97d25e0a62,TCGA-WN-AB4C,9c2fb2dd-64eb-49e3-af9f-b0433b419b8e,880ab7e2-4710-4729-a928-5c519c47ef77.rna_seq.augmented_star_gene_counts.tsv,9c2fb2dd-64eb-49e3-af9f-b0433b419b8e
TCGA-KIRP,1ccdb444-2f23-42a3-8244-4c21d6312058,TCGA-J7-A8I2,6ccd481f-ca18-45e3-99f3-c341ac358eb8,c44fe389-8b3d-40c5-bfbe-e940a0567e5c.rna_seq.augmented_star_gene_counts.tsv,6ccd481f-ca18-45e3-99f3-c341ac358eb8
TCGA-KIRP,42b4c70b-27d1-43b5-bc73-70d367d5abdb,TCGA-BQ-5879,e23ac747-77e0-4f5f-87ae-cf2d2dde34c7,5ab9398c-22b1-4876-83d8-aada5b2cd155.rna_seq.augmented_star_gene_counts.tsv,e23ac747-77e0-4f5f-87ae-cf2d2dde34c7
TCGA-KIRP,434ebbbf-f4ec-4b98-b85d-7b69d927a1a7,TCGA-5P-A9K8,8268afb5-ef4a-4fe8-b272-099d0ba5d6cc,f499b7d4-8d31-47a3-ae6c-3244291f4e05.rna_seq.augmented_star_gene_counts.tsv,8268afb5-ef4a-4fe8-b272-099d0ba5d6cc
TCGA-KIRP,71439c55-4d37-4a2a-8d8d-20d4df18ec05,TCGA-2Z-A9JD,80ae8587-db0d-495d-ab0f-1dcf55459c99,438aa39d-2663-4730-8e4d-879d3ba12eb7.rna_seq.augmented_star_gene_counts.tsv,80ae8587-db0d-495d-ab0f-1dcf55459c99
TCGA-KIRP,3decc749-1fcf-42c3-b8f8-f7a06e436bf7,TCGA-BQ-5885,731e1916-d211-499e-bf6c-7534b55c5c5f,e07e80b0-2f2a-478a-b470-8698740bc900.rna_seq.augmented_star_gene_counts.tsv,731e1916-d211-499e-bf6c-7534b55c5c5f
TCGA-KIRP,55fb7644-f924-4ee1-b9fa-e82111082a18,TCGA-BQ-5878,03443702-1483-4701-89c9-265a55a0ee68,4b5cf3f4-cd52-4a60-8b52-053922decf1b.rna_seq.augmented_star_gene_counts.tsv,03443702-1483-4701-89c9-265a55a0ee68
TCGA-KIRP,520e4c08-e7c6-407f-94cd-a07681bc24a8,TCGA-HE-A5NI,686ce8e4-7a1a-42ec-b622-eddbbbb96d89,3c16e466-9734-4c78-845b-773aa7ab3651.rna_seq.augmented_star_gene_counts.tsv,686ce8e4-7a1a-42ec-b622-eddbbbb96d89
TCGA-KIRP,ae4a218d-3d84-4f2a-a2ea-fb8b65b988c3,TCGA-A4-7996,13878bfa-7329-4388-8980-7f5534b4c1a0,aabec8df-149e-4600-89a1-1977ce2f2f29.rna_seq.augmented_star_gene_counts.tsv,13878bfa-7329-4388-8980-7f5534b4c1a0
TCGA-KIRP,bdf0d8f7-ad55-4fc2-84dc-169cc665422a,TCGA-2Z-A9J7,4f983f8e-7a9f-4bf9-9392-836ef579d69d,b009bc0d-4f86-4dfa-9c59-2749469f7c9a.rna_seq.augmented_star_gene_counts.tsv,4f983f8e-7a9f-4bf9-9392-836ef579d69d
TCGA-KIRP,343ea814-8992-4730-a5f8-94870d17b586,TCGA-P4-A5E7,55f39f1a-499d-4e6d-9667-4229831d743e,51c7f64d-8c61-4a39-aae3-bb7f9aedf95b.rna_seq.augmented_star_gene_counts.tsv,55f39f1a-499d-4e6d-9667-4229831d743e
TCGA-KIRP,341ea198-c8a2-4675-8077-2c450e9925e1,TCGA-A4-A57E,708b9e5c-d93e-4c53-9f9f-b3ce7f414416,d7d45828-39f6-46f8-8e54-0848e3725aca.rna_seq.augmented_star_gene_counts.tsv,708b9e5c-d93e-4c53-9f9f-b3ce7f414416
TCGA-KIRP,1602fe24-2754-4347-957c-28c7f3afc06a,TCGA-BQ-5891,cf6ad7bc-9392-4f16-b427-69aded849958,943dbfcd-98c2-4377-91f5-47db01d4d62d.rna_seq.augmented_star_gene_counts.tsv,cf6ad7bc-9392-4f16-b427-69aded849958
TCGA-KIRP,ad51ba7d-5f02-47e7-a700-0948f16d86f0,TCGA-SX-A71U,ab5a2794-004e-4be9-a72e-d4852413d843,57d49732-3501-439d-afc5-d4d0c958d64e.rna_seq.augmented_star_gene_counts.tsv,ab5a2794-004e-4be9-a72e-d4852413d843
TCGA-KIRP,5abd1331-6752-49c9-94b7-4a4ce177b345,TCGA-HE-7128,9cf6116f-4d3b-4dc4-b4ca-d1163a407320,107edf95-e01c-4ca3-a6a1-3af3d7e997db.rna_seq.augmented_star_gene_counts.tsv,9cf6116f-4d3b-4dc4-b4ca-d1163a407320
TCGA-KIRP,83a52d66-ecf3-42cf-82e5-2ad2bcdf5c2c,TCGA-UZ-A9PL,a9cc66d2-3518-459f-9d1a-e5133dc1a7d7,9b24ac23-7a2d-43ae-8f42-6b60dd6d0e66.rna_seq.augmented_star_gene_counts.tsv,a9cc66d2-3518-459f-9d1a-e5133dc1a7d7
TCGA-KIRP,4ad8cf4d-a916-40a3-a68e-75d642211ff2,TCGA-G7-6790,91721d32-47e6-45b9-85b2-7c8b224d219e,27589f0a-0e71-41f0-aa28-55468db11cde.rna_seq.augmented_star_gene_counts.tsv,91721d32-47e6-45b9-85b2-7c8b224d219e
TCGA-KIRP,551cb44f-38f6-4c7e-aa9a-a8d95175f2f6,TCGA-B9-A5W7,626273a0-40ea-43d8-bb2b-194d30ccfc90,cc4de259-7f6d-4915-8bb7-4179985bd1f1.rna_seq.augmented_star_gene_counts.tsv,626273a0-40ea-43d8-bb2b-194d30ccfc90
TCGA-KIRP,17e8cc84-87d9-4f9f-8752-fb75af584974,TCGA-A4-8515,85425631-29fe-47fa-baaf-bc23dbc378a9,57931a2d-b5ae-4cbf-b030-c0b4806d820d.rna_seq.augmented_star_gene_counts.tsv,85425631-29fe-47fa-baaf-bc23dbc378a9
TCGA-KIRP,50938aba-5cc5-415b-a3eb-09c9902ae8ae,TCGA-EV-5901,c40c73aa-b2d4-4626-87ee-71b49ab7dbe0,2ec23a96-8205-403d-bd28-fdada96c8303.rna_seq.augmented_star_gene_counts.tsv,c40c73aa-b2d4-4626-87ee-71b49ab7dbe0
TCGA-KIRP,cd981000-76cd-405c-86a3-ef304e186775,TCGA-A4-8630,7df751cc-5848-41d3-973a-a507c979ecd3,61937e37-3d0d-45f8-a39c-5ab0489ca7c1.rna_seq.augmented_star_gene_counts.tsv,7df751cc-5848-41d3-973a-a507c979ecd3
TCGA-KIRP,7eea5c2a-f1a2-432e-88a2-e96b809e15d9,TCGA-AL-3472,ca3c43ac-3e42-4992-bbf9-537eb8d4e74c,67a25803-dde5-4395-95c3-bf19c4e6d4ed.rna_seq.augmented_star_gene_counts.tsv,ca3c43ac-3e42-4992-bbf9-537eb8d4e74c
TCGA-KIRP,019a5483-9bfa-4ac5-826a-4b5ab5a90bfd,TCGA-GL-A9DD,73120e77-b856-4d1b-bfc8-88c112fbf466,9a163421-8e6e-44e4-92cc-31d058bfc733.rna_seq.augmented_star_gene_counts.tsv,73120e77-b856-4d1b-bfc8-88c112fbf466
TCGA-KIRP,853d3a6f-43cb-490a-9215-c5f415dbe33b,TCGA-2Z-A9J9,7f08ee7e-94f1-456c-97bb-abf801f74286,335bca95-d359-470f-a211-68210d9e2ba7.rna_seq.augmented_star_gene_counts.tsv,7f08ee7e-94f1-456c-97bb-abf801f74286
TCGA-KIRP,5adf65eb-e31f-4664-8375-619e4027da74,TCGA-F9-A4JJ,84c9cb87-67df-4dec-8af4-21a67d1661b3,97a4506b-81bd-4c81-9f62-f9502b8e8f3e.rna_seq.augmented_star_gene_counts.tsv,84c9cb87-67df-4dec-8af4-21a67d1661b3
TCGA-KIRP,77417779-6dc1-4e5f-87c5-3051ede9087c,TCGA-UZ-A9PS,424274bb-999a-4791-b416-8b43152fdba2,4ca098a0-e27c-458d-8276-d65372fea8be.rna_seq.augmented_star_gene_counts.tsv,424274bb-999a-4791-b416-8b43152fdba2
TCGA-KIRP,57cfc258-5350-498f-b98f-5e503ec3f683,TCGA-B1-A655,b8659e29-e394-4423-866e-7772179901a8,413a3887-de75-4c38-a60a-3a02eae2f61a.rna_seq.augmented_star_gene_counts.tsv,b8659e29-e394-4423-866e-7772179901a8
TCGA-KIRP,2d5ece93-2155-4cf0-996c-184e42fc4c0f,TCGA-B1-A657,6afb15ba-92a3-4dc0-a091-dba5758362cb,5535ecc3-d385-4c20-b4f5-f71c5782ec60.rna_seq.augmented_star_gene_counts.tsv,6afb15ba-92a3-4dc0-a091-dba5758362cb
TCGA-KIRP,a27ef8c8-8ba2-4319-9ee0-c701fed59fbb,TCGA-F9-A7VF,baf3ce56-0aa2-4e8e-8fa0-fe88e2c0e75d,3dc0f5ff-07aa-4e17-90f5-7434472f0cc4.rna_seq.augmented_star_gene_counts.tsv,baf3ce56-0aa2-4e8e-8fa0-fe88e2c0e75d
TCGA-KIRP,c48ebb8e-59e3-4706-a5b7-0de3710c65bd,TCGA-DZ-6135,9754a8ce-6f71-477f-abd8-4b4c33e5d1dc,ddb3d84c-9e68-40d2-bef8-22bcf0fd201c.rna_seq.augmented_star_gene_counts.tsv,9754a8ce-6f71-477f-abd8-4b4c33e5d1dc
TCGA-KIRP,e490028c-e8f6-4c5d-ae9c-274334a8e86c,TCGA-5P-A9K2,ab780309-bf71-433c-a9e5-d8823aadf3be,f1270243-3813-4e20-a0a8-d5ca020ae5d0.rna_seq.augmented_star_gene_counts.tsv,ab780309-bf71-433c-a9e5-d8823aadf3be
TCGA-KIRP,6f084d86-6ce0-431a-87d7-0e543392ea15,TCGA-GL-A59R,2a0b9c8d-af2f-452a-9d08-3863ce528bf9,63d57102-26d4-48b7-9fd3-bb842f5e5328.rna_seq.augmented_star_gene_counts.tsv,2a0b9c8d-af2f-452a-9d08-3863ce528bf9
TCGA-KIRP,16223531-33c3-4d2c-8715-fa9899cee168,TCGA-B3-3925,68b2e11e-37c9-4e2b-a532-fa8f91424694,e045554d-52a6-4e83-8ca1-0cbb75a2a68b.rna_seq.augmented_star_gene_counts.tsv,68b2e11e-37c9-4e2b-a532-fa8f91424694
TCGA-KIRP,ddb72d04-48f5-4ad5-95a7-8d2614ba0ae0,TCGA-HE-A5NJ,c43bacec-dabb-4478-9303-57dcee5e38fa,7b54d220-229c-421f-8d6d-891a27354951.rna_seq.augmented_star_gene_counts.tsv,c43bacec-dabb-4478-9303-57dcee5e38fa
TCGA-KIRP,e06e821f-ad0c-4f18-ae1f-820966b7caef,TCGA-2Z-A9JR,bdacbe0a-1ba6-4db5-9dc6-912613da12da,1e899b2d-aaca-4c8d-afbd-14b453af8197.rna_seq.augmented_star_gene_counts.tsv,bdacbe0a-1ba6-4db5-9dc6-912613da12da
TCGA-KIRP,da427a6d-bd94-4c26-8b34-38e6fc3ce66f,TCGA-IZ-A6M8,9c1bb02c-d426-4f22-bb6a-135d338d3f6d,9007bcff-ae42-4df1-ae6c-3f78085cd7f1.rna_seq.augmented_star_gene_counts.tsv,9c1bb02c-d426-4f22-bb6a-135d338d3f6d
TCGA-KIRP,460188e7-2a1e-4c3f-9c96-48c59a3fa9a0,TCGA-A4-A4ZT,e0c1cdbb-08ef-449a-8d50-22ab8ca51cb9,b3728f8d-45b0-4fe5-b165-1ec1ec75bde4.rna_seq.augmented_star_gene_counts.tsv,e0c1cdbb-08ef-449a-8d50-22ab8ca51cb9
TCGA-KIRP,f0c9413d-25f6-410f-864c-cb2f4e3998ef,TCGA-G7-A8LB,fc25fc3c-8ede-4135-9baa-5fd41a825396,e10d1489-b3e7-4aca-af63-fe15a285f9ee.rna_seq.augmented_star_gene_counts.tsv,fc25fc3c-8ede-4135-9baa-5fd41a825396
TCGA-KIRP,e50c6204-5b90-43ea-b596-8b759cd1848a,TCGA-4A-A93Y,8d6af558-14e7-4988-bd42-d73dc857fdd5,7b8f80f0-fd85-41f5-b705-973bf60c5c24.rna_seq.augmented_star_gene_counts.tsv,8d6af558-14e7-4988-bd42-d73dc857fdd5
TCGA-KIRP,0c8f79d4-d14d-43f8-9ec7-2caad00f2b3f,TCGA-2Z-A9JE,c6316932-6aa4-42a9-8e17-1be5449f68b7,176e2fa9-8ec3-45a7-bfc9-778f5c9cbc55.rna_seq.augmented_star_gene_counts.tsv,c6316932-6aa4-42a9-8e17-1be5449f68b7
TCGA-KIRP,4192d07e-79a0-40da-b067-c0559d6a35cb,TCGA-G7-7502,4f2e18b6-128d-4270-aee8-4e675a41cd72,5d99eb47-9acf-4d75-a730-2f7c6c1368c9.rna_seq.augmented_star_gene_counts.tsv,4f2e18b6-128d-4270-aee8-4e675a41cd72
TCGA-KIRP,8698e7b3-395f-4626-9dec-65d4fd1f8d4e,TCGA-IA-A83V,8f48636e-ed47-48b0-bf55-3d4b6c1ae917,9270df3e-1219-4a78-ba6e-a12406201682.rna_seq.augmented_star_gene_counts.tsv,8f48636e-ed47-48b0-bf55-3d4b6c1ae917
TCGA-KIRP,1f18a0b2-8265-40af-80e2-7ebddc50b90c,TCGA-5P-A9K6,18f5eb72-cf61-4dea-9801-a89addf8f180,4d25163f-c740-4804-8fbb-182fb43ca8d4.rna_seq.augmented_star_gene_counts.tsv,18f5eb72-cf61-4dea-9801-a89addf8f180
TCGA-KIRP,faed0a97-ba34-48a9-a584-4c61c4358bbb,TCGA-2Z-A9JK,dd9689d8-2668-4c4d-962b-34ccad3c0d8e,27ad1d7f-df4f-4b47-b8f8-ddf10d44076a.rna_seq.augmented_star_gene_counts.tsv,dd9689d8-2668-4c4d-962b-34ccad3c0d8e
TCGA-KIRP,b652d50c-f78a-4d54-81c2-1cb16031a7fc,TCGA-G7-A8LD,508bc893-2adb-471e-8dea-a71ab8af3290,4bba5ba8-e210-4ef3-9377-c692f9484df8.rna_seq.augmented_star_gene_counts.tsv,508bc893-2adb-471e-8dea-a71ab8af3290
TCGA-KIRP,5cc35795-fc4f-4ce6-b0f5-05f3c3d172e8,TCGA-IA-A83T,d59e657f-6780-4e40-9390-4445f02a2f23,8cd48709-0a65-4737-b859-b2367336249b.rna_seq.augmented_star_gene_counts.tsv,d59e657f-6780-4e40-9390-4445f02a2f23
TCGA-KIRP,4a3dcd7e-1e83-48da-8dd4-b34b60d129c1,TCGA-A4-A772,66b68bbb-d8db-4e8b-83b0-fb0e6692f2c4,0b0b8a85-b9eb-4318-ae1f-fb3cd003b610.rna_seq.augmented_star_gene_counts.tsv,66b68bbb-d8db-4e8b-83b0-fb0e6692f2c4
TCGA-KIRP,26f5c99a-b0eb-4694-b834-865bca0fbd4a,TCGA-UZ-A9PU,840009d3-beff-4c76-abda-73f93594b905,f6f29a60-bbc3-4d0a-bd76-0e9c313180a1.rna_seq.augmented_star_gene_counts.tsv,840009d3-beff-4c76-abda-73f93594b905
TCGA-KIRP,45c1e4f9-160e-4bb9-9b04-c8fbba3b1934,TCGA-UZ-A9PQ,efbf11c6-bf20-461c-bc71-6e9480eb475c,cc3ccb82-a9fd-4ad9-ba71-3857d6104871.rna_seq.augmented_star_gene_counts.tsv,efbf11c6-bf20-461c-bc71-6e9480eb475c
TCGA-KIRP,535b880e-19f3-47ab-a09b-21000253e217,TCGA-Y8-A895,5118d0b7-e431-4cc2-be2b-3906bd52c872,6d63029a-3fac-4dcb-beb6-303a0b88a04b.rna_seq.augmented_star_gene_counts.tsv,5118d0b7-e431-4cc2-be2b-3906bd52c872
TCGA-KIRP,4876e119-abc9-4f8a-9bc3-62de74066aab,TCGA-BQ-5890,3941b835-c5e6-4000-b5b9-ad420d012062,93ee4243-f9c0-4946-be6c-5e0372109b23.rna_seq.augmented_star_gene_counts.tsv,3941b835-c5e6-4000-b5b9-ad420d012062
TCGA-KIRP,879f8d45-085d-4370-88fc-7fe65f6a0f14,TCGA-SX-A7SP,6639be4a-2848-4775-afb7-f833d9b97fec,7579fa99-00d1-4eae-ba00-dc075b7e914d.rna_seq.augmented_star_gene_counts.tsv,6639be4a-2848-4775-afb7-f833d9b97fec
TCGA-KIRP,1fc5bf90-235f-411c-ac1d-aedc4df1746f,TCGA-MH-A55Z,e327eb0b-224f-473d-b6d8-b5a435a4669d,dfcad260-9990-47a1-afd6-7929c22e7e3d.rna_seq.augmented_star_gene_counts.tsv,e327eb0b-224f-473d-b6d8-b5a435a4669d
TCGA-KIRP,b82ed39a-e26d-4c02-ba6e-d5456d2c04e0,TCGA-A4-8517,aff1c7a4-ae90-446e-8e29-d6633e52cc01,68983237-d100-4148-9d5c-edb0fea2e01e.rna_seq.augmented_star_gene_counts.tsv,aff1c7a4-ae90-446e-8e29-d6633e52cc01
TCGA-KIRP,494bdcd5-52f4-471b-9d69-a7b106d0be84,TCGA-B9-A5W8,01eec09c-7007-470f-b4ab-7ea329db082e,e8c97501-d59d-43c8-8b2b-6bb31635e929.rna_seq.augmented_star_gene_counts.tsv,01eec09c-7007-470f-b4ab-7ea329db082e
TCGA-KIRP,c5ede5f5-35d2-4059-9f0c-6736abc6f899,TCGA-B1-A47N,76fcefd9-cc17-4ab7-bbee-c4d5cd00b4ea,ebd379f8-3c0a-4bed-83a5-8682bddb098d.rna_seq.augmented_star_gene_counts.tsv,76fcefd9-cc17-4ab7-bbee-c4d5cd00b4ea
TCGA-KIRP,2a7bd965-192d-401f-a9fb-3e4f00cd1562,TCGA-BQ-5888,95169edc-10da-4fad-9175-b0be431767f3,977eb6f8-97b0-4816-992e-ec02913930da.rna_seq.augmented_star_gene_counts.tsv,95169edc-10da-4fad-9175-b0be431767f3
TCGA-KIRP,2263098f-e9dc-4833-8269-6af568804511,TCGA-DW-7837,d51b9b5a-0c65-41a5-942c-71441f514e64,843220fd-e535-472d-865d-4e3b67424479.rna_seq.augmented_star_gene_counts.tsv,d51b9b5a-0c65-41a5-942c-71441f514e64
TCGA-KIRP,b3d63a9e-d6c2-43b8-a7ca-a530cd744ac8,TCGA-DW-7840,b4c0eaa4-6627-45fe-b8c2-ba23bd263b1f,3e094db3-818a-46d2-acad-c1e3af8eea5c.rna_seq.augmented_star_gene_counts.tsv,b4c0eaa4-6627-45fe-b8c2-ba23bd263b1f
TCGA-KIRP,e414502a-3f75-4527-8b1e-402046da6955,TCGA-BQ-7049,746d14a4-555a-4667-912a-9113b7c20aa9,23fbcb6a-5956-42ae-8a14-e43471d6201d.rna_seq.augmented_star_gene_counts.tsv,746d14a4-555a-4667-912a-9113b7c20aa9
TCGA-KIRP,2e825ce0-8121-4d0f-b876-905a1df66d46,TCGA-AL-3468,403bb101-edc8-4ff5-a2e7-7cc6e24af938,ea638d23-a89d-44d2-b223-9fb9ceeaa606.rna_seq.augmented_star_gene_counts.tsv,403bb101-edc8-4ff5-a2e7-7cc6e24af938
TCGA-KIRP,f1e7a305-c9d8-4391-a86a-0bbdb8864508,TCGA-A4-7734,9c36befe-e64e-4102-80a9-60b81adb984b,7ca29e4e-12dc-49ef-acbd-c21b8c991a60.rna_seq.augmented_star_gene_counts.tsv,9c36befe-e64e-4102-80a9-60b81adb984b
TCGA-KIRP,8a115f56-f980-4f34-969a-34e264758c5f,TCGA-BQ-7046,3f54db55-8f97-4338-b406-737858b5d9bf,df254df9-c7a9-40f7-922e-92c121cf1963.rna_seq.augmented_star_gene_counts.tsv,3f54db55-8f97-4338-b406-737858b5d9bf
TCGA-KIRP,4ddc37d4-35b8-4a5d-bbf1-6dbf0548852b,TCGA-A4-A48D,833feb55-db89-4bdd-b23b-8ef0c325c3c1,2b3c2118-b073-4607-895b-eaee36bbd9cf.rna_seq.augmented_star_gene_counts.tsv,833feb55-db89-4bdd-b23b-8ef0c325c3c1
TCGA-KIRP,0a0597ba-8980-442f-a869-af2ca1929a56,TCGA-Q2-A5QZ,4f284142-9418-4dac-a237-e36576403b7d,ef8ab2a3-cc2d-4658-b8fd-394b26c6da0d.rna_seq.augmented_star_gene_counts.tsv,4f284142-9418-4dac-a237-e36576403b7d
TCGA-KIRP,605b6dd3-552b-403c-98d9-c8b441b37a90,TCGA-B9-4617,acf8fce1-2afa-43b2-852e-a5bb5e21efb1,0c509be0-de28-49bf-a5b8-f470ab4abfb2.rna_seq.augmented_star_gene_counts.tsv,acf8fce1-2afa-43b2-852e-a5bb5e21efb1
TCGA-KIRP,21962d32-901e-43b9-be6a-b6974da31e16,TCGA-DW-5560,ef8e0547-f709-4968-9bb3-89b93014bc40,b49a5b0c-c29b-46bf-900e-4cfa46391343.rna_seq.augmented_star_gene_counts.tsv,ef8e0547-f709-4968-9bb3-89b93014bc40
TCGA-KIRP,2d0a17be-c8ff-4768-8e47-84d166bb7244,TCGA-HE-7129,c4560e99-9084-458f-8741-3ec3f20f3989,cf64da64-511a-46c9-bf90-772648dc46b3.rna_seq.augmented_star_gene_counts.tsv,c4560e99-9084-458f-8741-3ec3f20f3989
TCGA-KIRP,08771d29-1b8c-4b0e-8b84-a08664872e62,TCGA-Y8-A898,e4e89cbb-0528-42dd-bcfc-bb03897535c0,905ff6d5-bdbd-40a7-8c6f-85f9cd3add5f.rna_seq.augmented_star_gene_counts.tsv,e4e89cbb-0528-42dd-bcfc-bb03897535c0
TCGA-KIRP,6ca06b4b-33a8-4a65-b6f9-a21bb167f84e,TCGA-5P-A9JW,1052d811-3da4-451b-b02a-d858fc4724ef,0f452e17-8b8a-4f85-958b-b07e3c908aa1.rna_seq.augmented_star_gene_counts.tsv,1052d811-3da4-451b-b02a-d858fc4724ef
TCGA-KIRP,005e785d-ca6b-4230-b90e-de5d9e3049ef,TCGA-MH-A857,5ea4d90b-cdc6-4996-9f7a-2ab701846de4,572fe505-c7fd-47fb-ac0c-2e2195ad8336.rna_seq.augmented_star_gene_counts.tsv,5ea4d90b-cdc6-4996-9f7a-2ab701846de4
TCGA-KIRP,73c8c2ca-c15f-4196-a966-d5630a5dd77f,TCGA-B3-A6W5,f6f837b2-c100-46b7-8422-c5948f464f74,b3a0d253-c047-4bdb-b84f-f228ee59a1cb.rna_seq.augmented_star_gene_counts.tsv,f6f837b2-c100-46b7-8422-c5948f464f74
TCGA-KIRP,18d1571b-5a41-4dd4-97ea-b5440fd735b1,TCGA-A4-7585,221a9c55-9ec6-4ff9-83bd-8976c0e38bd8,efb9fb60-4460-4ff0-ad32-affc7d42fca9.rna_seq.augmented_star_gene_counts.tsv,221a9c55-9ec6-4ff9-83bd-8976c0e38bd8
TCGA-KIRP,f1bf1b39-1990-4fa7-af7d-759b7b59f219,TCGA-A4-A6HP,32e72ee0-c2fa-4623-bd31-23adb327788d,01ea7cb3-5ed8-450a-ab84-6377f654fdb9.rna_seq.augmented_star_gene_counts.tsv,32e72ee0-c2fa-4623-bd31-23adb327788d
TCGA-KIRP,5022dd70-4ed7-4c24-9bf3-8261b48dda44,TCGA-2Z-A9JM,e3ba06be-17f2-45d3-8007-72cf887e1c41,b0b0044a-d7b9-46c0-9877-37141083cf34.rna_seq.augmented_star_gene_counts.tsv,e3ba06be-17f2-45d3-8007-72cf887e1c41
TCGA-KIRP,44d86767-a172-44c2-b0b5-942525dadb48,TCGA-BQ-7055,0695a872-e08d-42bb-8187-2fa7c3076a40,86994e55-f28b-4ce8-b55f-0878bcce4832.rna_seq.augmented_star_gene_counts.tsv,0695a872-e08d-42bb-8187-2fa7c3076a40
TCGA-KIRP,ebade9fd-dce5-4ec9-a483-9f165823d9b6,TCGA-B1-A47O,41c9d266-1aa5-4616-b977-835528eda1ca,9194083f-2f80-4b09-b785-7515963b9be6.rna_seq.augmented_star_gene_counts.tsv,41c9d266-1aa5-4616-b977-835528eda1ca
TCGA-KIRP,d73bdd9e-2765-458d-8498-1cad9dd94ba0,TCGA-DW-7838,a633b21d-43a5-4c59-a7f1-d40e6a0c5b3d,f085f2ef-b1a2-44e6-92eb-dc0c97ce3e7c.rna_seq.augmented_star_gene_counts.tsv,a633b21d-43a5-4c59-a7f1-d40e6a0c5b3d
TCGA-KIRP,647ce39d-2dee-4688-8024-be48e7ec35d1,TCGA-A4-7288,0d7910ae-2cf2-4042-8b52-db0823b86ef6,9fadf229-c49f-4b92-ae15-7c0c61e8e593.rna_seq.augmented_star_gene_counts.tsv,0d7910ae-2cf2-4042-8b52-db0823b86ef6
TCGA-KIRP,0d8c7f3a-2805-4bba-b5fc-e79b3938f9a0,TCGA-DW-5561,c55f52f7-b07b-45ce-b70c-517d4a35b69d,4f42f303-6fc3-4aeb-b982-094e80525953.rna_seq.augmented_star_gene_counts.tsv,c55f52f7-b07b-45ce-b70c-517d4a35b69d
TCGA-KIRP,ef5c7ad6-fa2c-4fca-af06-da05df14d2e9,TCGA-B9-5155,bbcfb994-6e5d-46d9-9141-03087a412637,4cd31c01-4a33-4f89-9ea6-bbb78869a8fb.rna_seq.augmented_star_gene_counts.tsv,bbcfb994-6e5d-46d9-9141-03087a412637
TCGA-KIRP,36308aef-797d-459a-acfa-ed2ad5c65858,TCGA-G7-A8LE,7966d194-931d-4b96-997d-3d2ac736e72a,ea73a9eb-461b-42bb-bfbc-382cd512fb9f.rna_seq.augmented_star_gene_counts.tsv,7966d194-931d-4b96-997d-3d2ac736e72a
TCGA-KIRP,bec61ee1-72c2-4b1c-b491-a565e6e675df,TCGA-DW-7839,914a7bc5-8774-4982-9300-9276afe99bd8,6830695a-1cd6-4a74-b108-2890fd6509d8.rna_seq.augmented_star_gene_counts.tsv,914a7bc5-8774-4982-9300-9276afe99bd8
TCGA-KIRP,bd6b7cbe-57b6-45b9-96f6-4d39b8303407,TCGA-AL-A5DJ,ff05a7c3-8a3b-4ba3-91b7-cc0263e112b8,efe65656-f9e1-43e9-b29a-8db8a6c372f1.rna_seq.augmented_star_gene_counts.tsv,ff05a7c3-8a3b-4ba3-91b7-cc0263e112b8
TCGA-KIRP,84ca8e25-e3b2-40da-8153-6c000ab6c677,TCGA-B1-5398,1daeecbb-d35f-47ec-bf14-7e74ea15c984,eefa0692-7324-4871-a96b-442fb1a5a65c.rna_seq.augmented_star_gene_counts.tsv,1daeecbb-d35f-47ec-bf14-7e74ea15c984
TCGA-KIRP,ad476933-c528-42e4-a1ea-185af5f9aa5f,TCGA-SX-A7SR,b3fa89d0-11c7-492c-87f4-70f72b7bf9fa,19adeada-7103-44e1-8326-7b7f4eae79b6.rna_seq.augmented_star_gene_counts.tsv,b3fa89d0-11c7-492c-87f4-70f72b7bf9fa
TCGA-KIRP,b0e1ee18-56d8-49e9-9e6c-210b67942f05,TCGA-2Z-A9J8,6ec6e2e5-2e6a-49b5-8b99-5c017e2d090d,baa29642-0988-4335-b397-64cc8a740252.rna_seq.augmented_star_gene_counts.tsv,6ec6e2e5-2e6a-49b5-8b99-5c017e2d090d
TCGA-KIRP,3fa99b5c-56df-40e4-a993-0b7ec3165e2b,TCGA-A4-A5XZ,b88c1d7d-4c81-4ab3-86f4-d7dd4383ee13,8dd4472b-2d8d-4a25-b052-a46efebd6240.rna_seq.augmented_star_gene_counts.tsv,b88c1d7d-4c81-4ab3-86f4-d7dd4383ee13
TCGA-KIRP,d9ea2c79-08a4-4ab2-89fd-f3a875cad6b2,TCGA-J7-8537,36b3d5c0-41f0-463c-b7a6-eddf2777e627,fa6ab323-bde2-4c1a-b188-449cf2c8a457.rna_seq.augmented_star_gene_counts.tsv,36b3d5c0-41f0-463c-b7a6-eddf2777e627
TCGA-KIRP,c719e949-fc4c-4ddb-b57d-ece8f4ba0b26,TCGA-G7-6793,02298f54-33c7-4d8b-8a3d-6c94613ab7b0,350e6b12-e28c-41b0-936e-1c7565a4dfde.rna_seq.augmented_star_gene_counts.tsv,02298f54-33c7-4d8b-8a3d-6c94613ab7b0
TCGA-KIRP,a19b42e4-ae61-4dd6-a49b-192b691928ba,TCGA-Y8-A897,3932c6ab-d9a3-4625-8910-f95a1ef5c80f,cfdabeff-7599-40e5-80e6-70289fa8ef17.rna_seq.augmented_star_gene_counts.tsv,3932c6ab-d9a3-4625-8910-f95a1ef5c80f
TCGA-KIRP,7177dbef-522e-460c-bfa3-1095be2f6b3f,TCGA-A4-7997,497d92ae-40cc-4184-9c78-bb6f1ae1fc15,9846ade8-aabc-4df6-9fbd-04c7b82391e0.rna_seq.augmented_star_gene_counts.tsv,497d92ae-40cc-4184-9c78-bb6f1ae1fc15
TCGA-KIRP,f37b6188-7e32-436f-af4a-6f76c1217338,TCGA-UZ-A9PP,392502e8-239b-4dd4-a289-eb7f9c426c71,d8a561d1-7013-42b9-ba4f-4f6b13bae428.rna_seq.augmented_star_gene_counts.tsv,392502e8-239b-4dd4-a289-eb7f9c426c71
TCGA-KIRP,1cb67451-2b22-4c10-8ff0-c3bceb68298b,TCGA-2Z-A9JN,890ce479-8022-417e-843f-4dcba9919124,c5c5d9b3-d252-4fc7-95ca-09b36abf2844.rna_seq.augmented_star_gene_counts.tsv,890ce479-8022-417e-843f-4dcba9919124
TCGA-KIRP,d10ab855-a386-4fb5-8818-8f0ab204e550,TCGA-Y8-A8S1,0867513b-ed83-4714-ac04-626656162c44,9f7dd707-cb05-4b4b-beed-219d4bfad6dc.rna_seq.augmented_star_gene_counts.tsv,0867513b-ed83-4714-ac04-626656162c44
TCGA-KIRP,07c08e8f-4dca-42e4-9954-c62c32fed225,TCGA-B9-A44B,8cdd123b-6a39-45a3-bbd8-924f4e1b8a21,2fae8b47-d595-4df2-b4dd-58b6d18f17f3.rna_seq.augmented_star_gene_counts.tsv,8cdd123b-6a39-45a3-bbd8-924f4e1b8a21
TCGA-KIRP,37aeb687-c442-4ccd-872f-44f9e19bda35,TCGA-A4-8312,d6eb247c-64d6-44e8-9ca3-dbef4ff3d35c,40b656be-4cd1-4c91-86ee-108a707427e5.rna_seq.augmented_star_gene_counts.tsv,d6eb247c-64d6-44e8-9ca3-dbef4ff3d35c
TCGA-KIRP,049e1620-1d75-46c2-a006-67e25b61fe66,TCGA-5P-A9KA,66bf9e5f-ce7a-4f9c-b75d-963dacf4d488,391b1815-6933-4a59-8653-fd7ca2d66f6a.rna_seq.augmented_star_gene_counts.tsv,66bf9e5f-ce7a-4f9c-b75d-963dacf4d488
TCGA-KIRP,4be20cbe-dda5-49a2-8f94-e79eed38893d,TCGA-P4-A5ED,8fc38950-4501-467a-9c0d-82fe974fd998,273ab13f-72d1-4558-a296-dd60bc20938d.rna_seq.augmented_star_gene_counts.tsv,8fc38950-4501-467a-9c0d-82fe974fd998
TCGA-KIRP,474c3b6c-5e0f-4dcc-9c61-70d449420cdb,TCGA-G7-6795,3ac56f77-e674-4963-8a0e-3afe253a1f13,7de92a6c-8ebb-41b4-864a-391f4be28981.rna_seq.augmented_star_gene_counts.tsv,3ac56f77-e674-4963-8a0e-3afe253a1f13
TCGA-KIRP,9000470d-f8c9-43be-9a1c-041aa9239c99,TCGA-BQ-5892,1a70fc30-c323-464e-9d96-3cc86fb34e37,ee0c0e7a-05ec-404d-babd-5d51b71da9c1.rna_seq.augmented_star_gene_counts.tsv,1a70fc30-c323-464e-9d96-3cc86fb34e37
TCGA-KIRP,6a63764d-7de0-4df4-a803-d75431eb092c,TCGA-UZ-A9Q1,8e5a1e22-74b4-4c06-a852-71ae256ea93e,8115dcba-9732-4d81-b4b4-de8b11923ff1.rna_seq.augmented_star_gene_counts.tsv,8e5a1e22-74b4-4c06-a852-71ae256ea93e
TCGA-KIRP,863393ed-42bb-4232-93f4-2b5759d9822c,TCGA-IA-A40X,7ee1541b-c6e4-44ac-a1e6-85af4f7fa02d,4138dd99-c0c2-40b7-b396-6542ec1117aa.rna_seq.augmented_star_gene_counts.tsv,7ee1541b-c6e4-44ac-a1e6-85af4f7fa02d
TCGA-COAD,5e797e09-26d0-42f4-838f-3b05e489e6ec,TCGA-AA-3561,ff710149-0fc6-464a-93cb-e3b9bdcf3525,dfb9c45f-cb52-4e36-b663-1a9e8c7c0b47.rna_seq.augmented_star_gene_counts.tsv,ff710149-0fc6-464a-93cb-e3b9bdcf3525
TCGA-COAD,f1f8ef32-d706-4ac1-929b-f678491f2fd8,TCGA-AZ-4616,9e159c7f-39ac-4051-83db-983d3aeba5a9,d9780581-dfca-4e83-9bb4-4836f22d910e.rna_seq.augmented_star_gene_counts.tsv,9e159c7f-39ac-4051-83db-983d3aeba5a9
TCGA-COAD,4c09ff32-902b-4d36-bdf7-f4d3399c059f,TCGA-AY-A71X,2063302d-2b9d-4550-8426-fb64f5ea89d1,eb67b977-b299-4bbc-b3f6-25d516473405.rna_seq.augmented_star_gene_counts.tsv,2063302d-2b9d-4550-8426-fb64f5ea89d1
TCGA-COAD,5321bcc9-a2a0-4671-875a-b1153ff47e13,TCGA-AZ-6603,31951036-bbb7-4f77-bce9-358a0ecd65ef,de2e0c63-0c2d-43af-a006-7d84557a1c3c.rna_seq.augmented_star_gene_counts.tsv,31951036-bbb7-4f77-bce9-358a0ecd65ef
TCGA-COAD,1e191eed-2238-450e-a384-26df9c569fd0,TCGA-AA-A01C,c5f88d68-c755-403c-97a1-d0863d06a56b,06114a88-396c-4815-8949-910e46345e47.rna_seq.augmented_star_gene_counts.tsv,c5f88d68-c755-403c-97a1-d0863d06a56b
TCGA-COAD,d9dc4eb1-ca9d-4f1a-8db9-46d3ab600210,TCGA-G4-6627,57824d48-ad20-4ed1-a5d4-e458e9a75b46,2eaa09cd-8e3e-4de9-ab96-7a290d780a01.rna_seq.augmented_star_gene_counts.tsv,57824d48-ad20-4ed1-a5d4-e458e9a75b46
TCGA-COAD,d463f9a9-109e-40a8-8ee9-d16545b0c151,TCGA-AZ-6599,290b9234-0d19-4a74-971e-73dad79f7e9a,7bcfb173-3654-42a1-8664-d0d074e4618c.rna_seq.augmented_star_gene_counts.tsv,290b9234-0d19-4a74-971e-73dad79f7e9a
TCGA-COAD,1aba77ba-8c2c-4060-83e8-fb3bdd2270aa,TCGA-F4-6809,e2a9c773-efc2-46a3-a043-bb2985dc83e2,89fa1644-e0e3-4d75-9250-b5eb4fb67593.rna_seq.augmented_star_gene_counts.tsv,e2a9c773-efc2-46a3-a043-bb2985dc83e2
TCGA-COAD,54cf4c36-eb20-41da-990a-2f6230d62cbf,TCGA-5M-AAT6,dde6631e-ef66-4db4-a7cb-be94f4b9c4fd,7e314d4a-7158-4d60-a431-013abe183071.rna_seq.augmented_star_gene_counts.tsv,dde6631e-ef66-4db4-a7cb-be94f4b9c4fd
TCGA-COAD,082def2f-4d99-4270-83e7-5a9a5c049c23,TCGA-AA-A01D,785ff3a1-fff1-41fb-8c1e-21e530e407f5,3d97737f-01a1-43f1-ba35-ee7cc84dc7ff.rna_seq.augmented_star_gene_counts.tsv,785ff3a1-fff1-41fb-8c1e-21e530e407f5
TCGA-COAD,bfdf24b7-f635-414f-8ba4-5eb58c8c4577,TCGA-A6-6653,08c9b174-59f5-4d74-8f01-99fbd2531f20,fec205e8-388c-47a2-9400-ec9fe2e0fab1.rna_seq.augmented_star_gene_counts.tsv,08c9b174-59f5-4d74-8f01-99fbd2531f20
TCGA-COAD,3f3abf12-32b0-493f-abea-d885f4aa0f34,TCGA-AA-3819,c4ac41f0-1880-4fc0-a9e9-69856a6c373d,bd844a66-bb61-4ba1-9301-1bdeec35620f.rna_seq.augmented_star_gene_counts.tsv,c4ac41f0-1880-4fc0-a9e9-69856a6c373d
TCGA-COAD,37ad61ea-96d1-40f1-b77a-56408e4243ea,TCGA-AZ-4684,8116cc59-d87d-4af5-9d62-05721ff9b340,349c48ca-ced2-42db-8a50-ea3293116623.rna_seq.augmented_star_gene_counts.tsv,8116cc59-d87d-4af5-9d62-05721ff9b340
TCGA-COAD,a73684e4-7cf1-4e9d-83b8-a6ebebd51101,TCGA-D5-6534,fbf0b466-f383-441f-84ff-2513b6792b90,2cec663c-00c8-48b5-967b-f2a53c0fb409.rna_seq.augmented_star_gene_counts.tsv,fbf0b466-f383-441f-84ff-2513b6792b90
TCGA-COAD,f7c33a3a-f7e2-4827-97ea-b0a2921dec08,TCGA-DM-A1D8,21b76e1c-1129-4c97-8c87-a7fc5d251e5f,425dc52d-fb29-45d5-8d94-aab524136a83.rna_seq.augmented_star_gene_counts.tsv,21b76e1c-1129-4c97-8c87-a7fc5d251e5f
TCGA-COAD,d8dce266-1073-4bf2-a714-748e7e942635,TCGA-QG-A5YW,b064b6be-4152-4737-8158-caa0454cf41b,f279a2fa-6d1b-476c-b91b-598f5c1bbc34.rna_seq.augmented_star_gene_counts.tsv,b064b6be-4152-4737-8158-caa0454cf41b
TCGA-COAD,806186aa-fe7d-448a-9f59-c7acbe044621,TCGA-AA-3837,1083930a-42f7-49dc-a448-f8cafa7313e5,8f45c6c4-b98d-4e0b-9bb0-b5be3894076d.rna_seq.augmented_star_gene_counts.tsv,1083930a-42f7-49dc-a448-f8cafa7313e5
TCGA-COAD,2913b2f9-5f05-4e40-a1e7-7d5f1e17d6ab,TCGA-G4-6626,ab6d59e0-21c2-4273-b094-3596d1b8b825,085e4228-8ed7-44d7-9ab5-8a096434b650.rna_seq.augmented_star_gene_counts.tsv,ab6d59e0-21c2-4273-b094-3596d1b8b825
TCGA-COAD,f2bd44d3-a53c-4a10-9ae1-a93e762f174c,TCGA-A6-3810,cd10bd5e-b75b-4d47-a103-9c259dcf1a19,c874c481-cff8-4e2d-99b1-3b5aeaaecb8e.rna_seq.augmented_star_gene_counts.tsv,cd10bd5e-b75b-4d47-a103-9c259dcf1a19
TCGA-COAD,a1d1c0a9-8f09-4a3b-8e3a-b898bae89a77,TCGA-AA-3854,a77adf63-487b-476e-bd33-903005c1dba9,12b633ae-2a36-40b0-a4a3-c1d5f021fa23.rna_seq.augmented_star_gene_counts.tsv,a77adf63-487b-476e-bd33-903005c1dba9
TCGA-COAD,8983e29e-9354-4ce3-8f59-702032f1c25c,TCGA-CM-5868,00cdff29-697a-4a17-ba67-cf55c006b827,0f35c851-1cb8-4f75-a661-eae9111b7362.rna_seq.augmented_star_gene_counts.tsv,00cdff29-697a-4a17-ba67-cf55c006b827
TCGA-COAD,a3d5af60-a1f3-4345-ace3-c000367aecc0,TCGA-D5-6926,ea26486f-efa5-427f-ba0c-e1868773dcb6,66e5440a-6b08-43cc-b007-82ac3f5221d1.rna_seq.augmented_star_gene_counts.tsv,ea26486f-efa5-427f-ba0c-e1868773dcb6
TCGA-KIRP,50209bf7-dd86-4cb9-947f-fb7da3502aea,TCGA-Y8-A8RZ,201df94a-df6d-46db-9c31-04c2592213f4,50aee903-a3d0-474d-8bba-42d2eb14dece.rna_seq.augmented_star_gene_counts.tsv,201df94a-df6d-46db-9c31-04c2592213f4
TCGA-KIRP,0626e96b-7f8a-4ac4-b613-f16e9ee22f19,TCGA-A4-7828,c531be40-eb5d-41c0-a804-15db47091bb8,8393cac6-6d45-4d76-b222-c24dd0be48fe.rna_seq.augmented_star_gene_counts.tsv,c531be40-eb5d-41c0-a804-15db47091bb8
TCGA-KIRP,4306e07d-6fc1-4c69-acb8-00a1dc78cad8,TCGA-MH-A562,08dbb735-a59f-4fa3-acb6-1cb93882a6da,3a770603-105c-45ef-9b26-49918dd7bc8e.rna_seq.augmented_star_gene_counts.tsv,08dbb735-a59f-4fa3-acb6-1cb93882a6da
TCGA-KIRP,c3e266d0-9908-4ed1-8c93-caad6293bd49,TCGA-5P-A9JY,fbb15e20-1508-4de6-a0fb-9927932d192f,2971bce8-3a02-4100-a6eb-b8c62240c05e.rna_seq.augmented_star_gene_counts.tsv,fbb15e20-1508-4de6-a0fb-9927932d192f
TCGA-KIRP,2e4dfa77-839a-445d-beef-60b6396adf0c,TCGA-IA-A83W,3d63a0f4-fe4c-48a1-8fcf-00b6978466c9,16db46a2-7e93-4842-94f5-46c4fed34806.rna_seq.augmented_star_gene_counts.tsv,3d63a0f4-fe4c-48a1-8fcf-00b6978466c9
TCGA-KIRP,cc7c1a4a-a05c-430f-8b48-293373e2f1c2,TCGA-BQ-5883,0ed533db-d680-4aea-8a97-2d1aec402773,37333883-1fbf-43ae-a840-7abb65d9458d.rna_seq.augmented_star_gene_counts.tsv,0ed533db-d680-4aea-8a97-2d1aec402773
TCGA-KIRP,0381903f-d6e0-4603-a805-5d52f6dd7a66,TCGA-V9-A7HT,718cb9f9-5ade-4c76-86d1-76d1f2fd5ac5,ae8bd02a-8f3a-4c7d-b780-decc3f50a676.rna_seq.augmented_star_gene_counts.tsv,718cb9f9-5ade-4c76-86d1-76d1f2fd5ac5
TCGA-KIRP,f8990767-1caf-4461-900a-f4af9d02510e,TCGA-SX-A7SM,aa1412b1-79ce-4f51-adab-58c66451ee6f,a57a7caf-1bd4-4fa6-b4e0-2a6d01a8556c.rna_seq.augmented_star_gene_counts.tsv,aa1412b1-79ce-4f51-adab-58c66451ee6f
TCGA-KIRP,3a341121-4a2f-4c85-8d00-668e466116a6,TCGA-A4-7732,37b4dee3-9925-4c40-abc0-65adffa14f6f,8b9493e8-614c-48a7-8868-feb3061e56f6.rna_seq.augmented_star_gene_counts.tsv,37b4dee3-9925-4c40-abc0-65adffa14f6f
TCGA-KIRP,eec5864b-017a-4c59-910e-5904610eaf07,TCGA-IZ-8196,b18c2e62-fe1f-4255-91a1-9887b14a3297,b88e27b6-8275-48a6-9288-575da556599a.rna_seq.augmented_star_gene_counts.tsv,b18c2e62-fe1f-4255-91a1-9887b14a3297
TCGA-KIRP,a31ddfee-3a4e-4728-b84c-051058ac1a5e,TCGA-UZ-A9PO,224b8901-fe2c-47f3-8eb2-fed9e1ccf05b,abf0f556-60d7-4a12-8ce6-26d7eb8cdd81.rna_seq.augmented_star_gene_counts.tsv,224b8901-fe2c-47f3-8eb2-fed9e1ccf05b
TCGA-KIRP,2aee61b4-b0e5-4e6f-8068-fc5bde6b3da8,TCGA-P4-AAVK,e2d69625-1c8e-478b-afd8-e776a591ee15,20517c89-044b-48c0-996c-163dbac6aadc.rna_seq.augmented_star_gene_counts.tsv,e2d69625-1c8e-478b-afd8-e776a591ee15
TCGA-KIRP,288022b3-c1ab-46ad-a062-a61b692deab1,TCGA-BQ-7050,dce3aee4-656b-4f1f-b636-9a1bdb9ccd29,d9a0dac4-b234-4e1b-8dd7-773459780d2e.rna_seq.augmented_star_gene_counts.tsv,dce3aee4-656b-4f1f-b636-9a1bdb9ccd29
TCGA-KIRP,6371dc54-a948-48d3-a087-ae812ea65a87,TCGA-MH-A856,3c2cba22-2cec-4d69-b1fb-8d8c071c33ae,4507ebe5-e15a-46eb-bd0d-49f8220d8975.rna_seq.augmented_star_gene_counts.tsv,3c2cba22-2cec-4d69-b1fb-8d8c071c33ae
TCGA-KIRP,94bb7d0c-2020-4a8d-a6f1-63cd9d605043,TCGA-DZ-6131,47741512-f2a0-42a3-b58a-53b34bd1cd3a,e9a0930f-1144-4238-8115-94c57af16747.rna_seq.augmented_star_gene_counts.tsv,47741512-f2a0-42a3-b58a-53b34bd1cd3a
TCGA-KIRP,c3399573-f223-42ac-be49-e748bf580168,TCGA-SX-A71W,ec47bf8b-d7b3-49e3-af9f-64757da2a3c0,c6b97d40-cccd-4dad-b712-a21873031aaa.rna_seq.augmented_star_gene_counts.tsv,ec47bf8b-d7b3-49e3-af9f-64757da2a3c0
TCGA-KIRP,96eab042-d121-4879-a6ce-87ca5d25f4af,TCGA-2Z-A9JT,d02263a1-b71a-4792-981b-d6d442861975,49095b76-c3d5-48b7-b8e1-55d522767a4a.rna_seq.augmented_star_gene_counts.tsv,d02263a1-b71a-4792-981b-d6d442861975
TCGA-KIRP,5f1c43cb-a40e-453a-ad7d-f193f8ee977a,TCGA-BQ-5893,35b844f9-d209-4cee-90a1-db34dddb2cf8,9bb1fa8e-96b6-42b6-a349-3f7fdf9c095c.rna_seq.augmented_star_gene_counts.tsv,35b844f9-d209-4cee-90a1-db34dddb2cf8
TCGA-KIRP,c14e6cfd-dd86-4003-b4a9-1bf14e9ccb98,TCGA-G7-6789,cee11d01-1b79-46df-a882-3c8add30101d,75c1f581-2d4e-409e-8880-aa38926d0088.rna_seq.augmented_star_gene_counts.tsv,cee11d01-1b79-46df-a882-3c8add30101d
TCGA-KIRP,c463b18a-d616-48ed-804a-1b6ecfa9e804,TCGA-SX-A7SN,86c7d3f7-e12b-44de-a1ff-22ec446f2cdb,2d050c57-46a9-4e05-8818-f71a6020b278.rna_seq.augmented_star_gene_counts.tsv,86c7d3f7-e12b-44de-a1ff-22ec446f2cdb
TCGA-KIRP,72a5cc0b-0035-489e-949c-e7e085df36e2,TCGA-DZ-6132,76ff803d-63d2-45c5-bfd4-f3614eb2cd6f,0f72f785-41cd-4f4a-b42d-d83b0da33600.rna_seq.augmented_star_gene_counts.tsv,76ff803d-63d2-45c5-bfd4-f3614eb2cd6f
TCGA-KIRP,389966bb-e84a-4776-a9c0-50f38261a52f,TCGA-A4-7286,8a8eac40-545f-4d0a-8da5-5c9d21d43637,48b6f184-9167-4878-8e63-221eeb1fb184.rna_seq.augmented_star_gene_counts.tsv,8a8eac40-545f-4d0a-8da5-5c9d21d43637
TCGA-KIRP,5a9c4d75-5fa7-4806-8cc6-73717d1378f0,TCGA-BQ-5882,442a19bb-59b0-4c5a-841f-2e31ccd0ef1f,84ba4843-7c05-445e-a2eb-e056163507d6.rna_seq.augmented_star_gene_counts.tsv,442a19bb-59b0-4c5a-841f-2e31ccd0ef1f
TCGA-KIRP,b9092897-63c6-486d-95a4-4a3f1a348ae6,TCGA-5P-A9KF,7bce3c9b-4398-47cc-97e7-d5dffaa528d9,8dd91142-7ee1-4500-9ac9-7418c749cf33.rna_seq.augmented_star_gene_counts.tsv,7bce3c9b-4398-47cc-97e7-d5dffaa528d9
TCGA-KIRP,6df7dbc0-ef81-4ff2-9d02-09d10613ad9e,TCGA-UZ-A9PK,4ea31cd1-630a-44e7-9889-95c9431aa19d,91df3235-8661-4b27-9bef-14f34aa398d6.rna_seq.augmented_star_gene_counts.tsv,4ea31cd1-630a-44e7-9889-95c9431aa19d
TCGA-KIRP,76a7a00a-b2a0-4297-b2f7-c147e3285bd5,TCGA-5P-A9K4,17fe826b-ec7c-46f0-8e01-54674c02c42d,f56ee11a-7821-434d-84c6-0e9ea3142392.rna_seq.augmented_star_gene_counts.tsv,17fe826b-ec7c-46f0-8e01-54674c02c42d
TCGA-KIRP,5858c402-3749-4ca7-954e-9b9bcce64bfc,TCGA-B9-7268,a4de05ab-6988-496c-863c-50c5acc0fe55,60cdd97c-5c95-404a-835b-b0e096d0ea26.rna_seq.augmented_star_gene_counts.tsv,a4de05ab-6988-496c-863c-50c5acc0fe55
TCGA-KIRP,e2e191f9-0df7-4be6-9318-1a979d45faa2,TCGA-A4-7287,4c4a2272-fd94-4243-8515-d407a06be7ad,248de51e-a601-4a4c-93b0-59a4ba1506e1.rna_seq.augmented_star_gene_counts.tsv,4c4a2272-fd94-4243-8515-d407a06be7ad
TCGA-KIRP,d00b36ec-cc5a-45c8-b967-a74bcbdce365,TCGA-2Z-A9JS,e5cd7b52-d3c7-4681-87e5-5fab51e51715,8146225c-592c-4cca-b3ef-ebcca309a154.rna_seq.augmented_star_gene_counts.tsv,e5cd7b52-d3c7-4681-87e5-5fab51e51715
TCGA-KIRP,85c79420-bd2b-444d-a805-eb6bc49408e6,TCGA-GL-7966,202d21e3-7005-46ca-b6e4-007166741cba,3383af4a-8e8c-4c8a-86ee-925b37d7dc5c.rna_seq.augmented_star_gene_counts.tsv,202d21e3-7005-46ca-b6e4-007166741cba
TCGA-KIRP,3a051e8b-aafd-4760-8b1f-09cdb09162e7,TCGA-IZ-A6M9,33932214-f1ab-44ce-933c-f07753df838c,1266a7f7-952a-4d0a-bf61-c65deb394009.rna_seq.augmented_star_gene_counts.tsv,33932214-f1ab-44ce-933c-f07753df838c
TCGA-KIRP,3c5359ef-7c74-4064-a013-59b35be99746,TCGA-BQ-5884,d949f70e-1716-4949-833c-cead873b975a,8eb9d579-9aad-437b-9f15-dc6dde7cc7c8.rna_seq.augmented_star_gene_counts.tsv,d949f70e-1716-4949-833c-cead873b975a
TCGA-KIRP,a3edb023-35b4-4fb5-98a0-ff51c0348187,TCGA-HE-A5NK,fe54a115-5e04-47cd-ab9f-8da9e6ded1fe,026cfcf0-5489-4ba5-9575-afdebb2e0d2a.rna_seq.augmented_star_gene_counts.tsv,fe54a115-5e04-47cd-ab9f-8da9e6ded1fe
TCGA-KIRP,de5497d5-fea3-446b-bd81-9323c6895fed,TCGA-5P-A9K9,74b2ed96-b0d3-4ac5-8fa0-52f3f34ba07f,9abd5b81-836b-49c8-a442-8479ebf63eb5.rna_seq.augmented_star_gene_counts.tsv,74b2ed96-b0d3-4ac5-8fa0-52f3f34ba07f
TCGA-KIRP,10e3b9b3-ea85-4696-901a-18911f271bf6,TCGA-2Z-A9JL,4d6b4657-a413-4cdc-a524-1d0237d8f23d,f7aa3846-f31c-4f2d-9fda-c3086967342b.rna_seq.augmented_star_gene_counts.tsv,4d6b4657-a413-4cdc-a524-1d0237d8f23d
TCGA-KIRP,338dc141-827c-47dc-9713-910a14826098,TCGA-SX-A71S,5730a95f-ed26-4638-b262-7de00c374ffb,688a7b3e-3275-416c-aa73-85c7de6f4af2.rna_seq.augmented_star_gene_counts.tsv,5730a95f-ed26-4638-b262-7de00c374ffb
TCGA-KIRP,9261fd37-5eec-4d5f-851e-3ad4d6d5a21f,TCGA-O9-A75Z,7f752d80-9c8e-48b8-bcf5-293cd596d167,56febc78-023e-4f45-8b7e-67a12f96c6c4.rna_seq.augmented_star_gene_counts.tsv,7f752d80-9c8e-48b8-bcf5-293cd596d167
TCGA-KIRP,75658edd-12f1-4bb3-bea2-01c154cb6ae9,TCGA-B1-A47M,20d2462a-fb40-451f-b555-22bd9ec41d52,c863c768-d9ec-4408-bcb1-a80f2c5257fd.rna_seq.augmented_star_gene_counts.tsv,20d2462a-fb40-451f-b555-22bd9ec41d52
TCGA-KIRP,f13a2145-57cb-4848-b303-af80639efc7a,TCGA-BQ-7056,82c6a99e-86b3-4e6d-a541-9fec2b65b50e,ff0ade21-b72b-45e5-a00c-8e40ece2f64b.rna_seq.augmented_star_gene_counts.tsv,82c6a99e-86b3-4e6d-a541-9fec2b65b50e
TCGA-KIRP,07f14d3e-52fc-4ca2-9930-e3fe4410ae1a,TCGA-DW-7842,c8dd6a43-3127-4856-86d7-8a7ca8192e79,f8f8289c-d2ab-431c-ade3-30aec29fa93a.rna_seq.augmented_star_gene_counts.tsv,c8dd6a43-3127-4856-86d7-8a7ca8192e79
TCGA-KIRP,632e81b1-fdf6-426b-8879-7abab98f7400,TCGA-BQ-7058,459da1a3-90a4-44ab-b305-f53f0721e4cb,ad4e3ae3-c266-4392-b51f-8e229ca588c2.rna_seq.augmented_star_gene_counts.tsv,459da1a3-90a4-44ab-b305-f53f0721e4cb
TCGA-KIRP,4b1f5b01-cc9e-4e49-99ff-e07238b7858f,TCGA-A4-7584,bab3845a-ad5f-4a7b-b68c-d766945415f7,69e90cae-b660-4d51-b6e0-5418441748e8.rna_seq.augmented_star_gene_counts.tsv,bab3845a-ad5f-4a7b-b68c-d766945415f7
TCGA-KIRP,f97765f8-6641-4cfd-be61-8024f6947898,TCGA-DZ-6134,dc31c049-e03f-45d9-b60a-342035d8194c,81507dfb-defd-4e93-a844-ac4488792aea.rna_seq.augmented_star_gene_counts.tsv,dc31c049-e03f-45d9-b60a-342035d8194c
TCGA-KIRP,77454149-8f6b-4cc7-9fb2-be0fad840d8f,TCGA-DW-7834,22b1f2ca-5751-4df9-ab7a-a6d67bb8fa3f,b05ad932-30ff-4c88-9304-f581bf55cac0.rna_seq.augmented_star_gene_counts.tsv,22b1f2ca-5751-4df9-ab7a-a6d67bb8fa3f
TCGA-KIRP,f8b793d2-0b40-4e9c-a446-a2f22ef9736e,TCGA-MH-A854,c848939a-c85f-4e54-aa87-cddbe65caf5f,0bec06ba-8bc9-45de-bab8-0cae5452aad7.rna_seq.augmented_star_gene_counts.tsv,c848939a-c85f-4e54-aa87-cddbe65caf5f
TCGA-KIRP,59a1b285-3d5a-4967-b29f-9b0826e3d85d,TCGA-DW-7841,347040ad-b9d1-4234-b4f1-54e319494a3f,e8903645-a516-4e44-b802-128eeffce68f.rna_seq.augmented_star_gene_counts.tsv,347040ad-b9d1-4234-b4f1-54e319494a3f
TCGA-KIRP,dfada2cb-5807-4178-b808-dc550557de5e,TCGA-A4-A7UZ,2096fa41-98f6-4015-bcfe-11157ada7034,39997004-4038-4fa0-a523-ad22f86d50c1.rna_seq.augmented_star_gene_counts.tsv,2096fa41-98f6-4015-bcfe-11157ada7034
TCGA-KIRP,bcea7140-f9a8-4993-bf0a-9d7c0b1ec2e4,TCGA-GL-A9DC,a50151b4-6655-4124-b987-a864ce41fbb0,c627ecf5-7a1c-4491-8159-e9e9b7f1cd02.rna_seq.augmented_star_gene_counts.tsv,a50151b4-6655-4124-b987-a864ce41fbb0
TCGA-KIRP,b9f5702e-a986-4ceb-ac66-05336e12254c,TCGA-G7-A8LC,116f4bad-d358-48aa-b748-755644f7ca44,ff4e9865-4bbb-4ca1-a9d1-941527d43857.rna_seq.augmented_star_gene_counts.tsv,116f4bad-d358-48aa-b748-755644f7ca44
TCGA-KIRP,7ef088b6-bf95-4a00-81c6-f4789a4dc468,TCGA-BQ-5880,0b4ce49c-2c26-4a99-b7d8-7b29348c79a3,ed00fd94-9534-4bde-bf77-6f40ecbd4caa.rna_seq.augmented_star_gene_counts.tsv,0b4ce49c-2c26-4a99-b7d8-7b29348c79a3
TCGA-KIRP,d91057e3-ee03-40b4-bade-576f0573cb36,TCGA-GL-A59T,ae01d866-898c-4521-8278-e0990f9d1a95,b41dddca-13bf-48eb-92a4-2504bbf192a3.rna_seq.augmented_star_gene_counts.tsv,ae01d866-898c-4521-8278-e0990f9d1a95
TCGA-KIRP,64b6fdb6-d56f-47d1-99ed-9b1feb041a98,TCGA-BQ-5894,47bc8206-8d3d-47f3-b991-a688262a5725,af132346-65d1-4e0b-850d-fbfb486e9e25.rna_seq.augmented_star_gene_counts.tsv,47bc8206-8d3d-47f3-b991-a688262a5725
TCGA-KIRP,75a658b1-ee91-4161-95d7-ce63ccc9b23f,TCGA-PJ-A5Z9,986a8890-65eb-4fc6-bd57-c137d63567b4,0a47c453-b617-4cc1-9ce6-5c403e430d9b.rna_seq.augmented_star_gene_counts.tsv,986a8890-65eb-4fc6-bd57-c137d63567b4
TCGA-KIRP,c426d9cc-26b0-48ff-ad91-fcb1c44c1bb6,TCGA-B9-5156,aeb93252-cec4-434a-9320-a7288e1bbae1,bd7e0009-8ab5-4d68-8b48-a0fdeffad5b2.rna_seq.augmented_star_gene_counts.tsv,aeb93252-cec4-434a-9320-a7288e1bbae1
TCGA-KIRP,8d270416-eb11-4cc2-88c5-94b0cc2ee278,TCGA-BQ-5886,4f107826-fb89-4a83-a54f-e4f503b242e3,b0699b56-9990-4192-b444-e83bf960ce56.rna_seq.augmented_star_gene_counts.tsv,4f107826-fb89-4a83-a54f-e4f503b242e3
TCGA-KIRP,fe301870-6d04-4bfd-8c6d-e4b355fccaaf,TCGA-BQ-5887,50d4b3a0-b87d-4b2a-9c0f-187b2fd1f1fb,465c7080-be77-4695-9103-d51ac51e170f.rna_seq.augmented_star_gene_counts.tsv,50d4b3a0-b87d-4b2a-9c0f-187b2fd1f1fb
TCGA-KIRP,ad642ae4-7845-4f49-91ce-75a94e3bcbc2,TCGA-DW-7836,4dc48f0a-f6d1-47b8-8ade-f383de249f29,ff60bb1e-19b0-4c5a-b753-1beac14f1554.rna_seq.augmented_star_gene_counts.tsv,4dc48f0a-f6d1-47b8-8ade-f383de249f29
TCGA-KIRP,8d950b8a-984b-4c4f-8d8a-769b8d2d4a78,TCGA-P4-AAVO,a8d2c087-ab97-42e3-bcb4-9135c23765f0,3c00a8d9-3b61-4176-9794-1d8979b7d935.rna_seq.augmented_star_gene_counts.tsv,a8d2c087-ab97-42e3-bcb4-9135c23765f0
TCGA-KIRP,466a1f7c-d33f-48ed-8583-67650d3d4eed,TCGA-BQ-7044,ffccf6fa-b5c8-4fd8-a215-42e34fa97e2a,55593f28-69c1-43fe-bdd1-b846b321ccb0.rna_seq.augmented_star_gene_counts.tsv,ffccf6fa-b5c8-4fd8-a215-42e34fa97e2a
TCGA-KIRP,91247abc-c294-4840-a99e-5c69c11feebc,TCGA-BQ-5876,cadb84e9-3498-47c9-90bb-e1a3a71eb685,c70c5e83-8907-4816-ba59-58c7b14d95c9.rna_seq.augmented_star_gene_counts.tsv,cadb84e9-3498-47c9-90bb-e1a3a71eb685
TCGA-KIRP,821e2e70-9ac5-48da-95e3-4c404823e817,TCGA-P4-A5EA,34da9d95-5730-4a03-8bd3-27c21bfb6130,6bdcf6a5-b644-41b9-893c-0e5df97b422d.rna_seq.augmented_star_gene_counts.tsv,34da9d95-5730-4a03-8bd3-27c21bfb6130
TCGA-KIRP,60bae107-9e70-4dd8-89ea-4b660dfbd366,TCGA-G7-7501,205f0869-3738-4b53-9aaf-fadc3fbebcb0,0293e8bc-a048-48de-b3d9-3052521e8265.rna_seq.augmented_star_gene_counts.tsv,205f0869-3738-4b53-9aaf-fadc3fbebcb0
TCGA-KIRP,456e428b-3aa2-4faa-b608-df0fe17189ef,TCGA-G7-6792,34bea5b8-7a47-4cb3-a1f1-716f3320d4ea,66a7ba04-e173-4c5d-ad4c-41a9b85ac8d5.rna_seq.augmented_star_gene_counts.tsv,34bea5b8-7a47-4cb3-a1f1-716f3320d4ea
TCGA-KIRP,ca294343-b497-4423-96d7-21337e9b3395,TCGA-2Z-A9J3,8c7eebe8-1ce4-4fcc-a5e4-9d730ff399c1,8a4ab2ed-837f-426f-aad9-68af7b81085a.rna_seq.augmented_star_gene_counts.tsv,8c7eebe8-1ce4-4fcc-a5e4-9d730ff399c1
TCGA-KIRP,637cde0f-929c-429c-a62c-c3ad6bb0d8ce,TCGA-GL-6846,16865783-98a7-462f-81ab-35e19f5b3346,6440b680-65cf-4368-a66d-ded2a11a12fd.rna_seq.augmented_star_gene_counts.tsv,16865783-98a7-462f-81ab-35e19f5b3346
TCGA-KIRP,70e32971-74e6-4c92-8424-d10541d39360,TCGA-AL-3467,f6aa87e9-4e25-46f4-862b-0b78aec95b93,81573ecd-46dd-4bab-83e6-5d0d0d083809.rna_seq.augmented_star_gene_counts.tsv,f6aa87e9-4e25-46f4-862b-0b78aec95b93
TCGA-KIRP,0ca25367-d070-4dd0-bba5-27868a34b7c0,TCGA-2Z-A9J6,ae792ff5-43f6-4cc7-aee5-6e52775ce439,52ef4b67-ae00-4a20-8da1-4f5e1a8f692f.rna_seq.augmented_star_gene_counts.tsv,ae792ff5-43f6-4cc7-aee5-6e52775ce439
TCGA-KIRP,041f0bb9-c512-449e-b9e0-c310c8ef2ed2,TCGA-2Z-A9JJ,9bf9fb78-97e9-43b6-a01a-1c2ef76df2b0,43c5f7bc-6e7a-43eb-a94d-46145d82b4e6.rna_seq.augmented_star_gene_counts.tsv,9bf9fb78-97e9-43b6-a01a-1c2ef76df2b0
TCGA-KIRP,dac245c0-39a0-40d3-8fe1-e33f97b95d27,TCGA-B9-4116,9f42e30b-fb32-44d3-b00d-8e6c48e30415,82215367-5f02-47bc-b9d1-8a0e94e17a4f.rna_seq.augmented_star_gene_counts.tsv,9f42e30b-fb32-44d3-b00d-8e6c48e30415
TCGA-KIRP,dddc5575-d88f-4f4e-b591-96f11403184b,TCGA-B9-4113,f406bd53-3f55-4d39-a905-febf31447ab9,4a1dc15b-a910-4349-8290-dca495cadabc.rna_seq.augmented_star_gene_counts.tsv,f406bd53-3f55-4d39-a905-febf31447ab9
TCGA-KIRP,c27551a9-e0bd-4d67-803b-1074c12a8def,TCGA-DW-7963,4b0010e4-97d0-4abd-a716-181948860156,d1e555a5-d6e3-48b6-9d2c-60db04e1849d.rna_seq.augmented_star_gene_counts.tsv,4b0010e4-97d0-4abd-a716-181948860156
TCGA-KIRP,003897fd-fd1b-472e-a26d-ee743545233f,TCGA-GL-A9DE,51dd6001-89ce-40ef-ac7e-a30b7ba7cd4f,c91ed804-c077-45de-9b11-96f7336366b5.rna_seq.augmented_star_gene_counts.tsv,51dd6001-89ce-40ef-ac7e-a30b7ba7cd4f
TCGA-KIRP,1230e512-b8ce-4fe7-b48c-3f312281f290,TCGA-2Z-A9JO,291e65a5-74be-49ed-ab3b-87804468f564,5eb80d55-31d7-45c6-8d1e-c5ee6cad5f87.rna_seq.augmented_star_gene_counts.tsv,291e65a5-74be-49ed-ab3b-87804468f564
TCGA-KIRP,40a4f5f0-46c3-48ce-bc0c-a82e949ef519,TCGA-IA-A40U,d92be685-11ea-4205-a01b-84b98d699610,d1cc642c-aa42-4704-ac4f-dc652b4f915e.rna_seq.augmented_star_gene_counts.tsv,d92be685-11ea-4205-a01b-84b98d699610
TCGA-KIRP,20129e9e-cbaf-4bbe-a5f7-8cf3faad5da3,TCGA-BQ-5889,428a206a-0c72-49f3-9a63-9ad4b6e4210b,52a4e9af-aafc-45ef-909a-7fe7b24c1840.rna_seq.augmented_star_gene_counts.tsv,428a206a-0c72-49f3-9a63-9ad4b6e4210b
TCGA-KIRP,7b14fefd-12e2-4720-b16c-a6ddfed0e615,TCGA-KV-A74V,26431443-bd82-4e6b-b4e0-80090ad7e14b,65eac442-936f-47e2-987b-a9a40b3d33fa.rna_seq.augmented_star_gene_counts.tsv,26431443-bd82-4e6b-b4e0-80090ad7e14b
TCGA-KIRP,f3871637-192d-4324-9c59-cecfff436356,TCGA-B9-4117,dede1728-3402-41de-bdb5-f27c8ae6d8a1,32bcbc9f-1e48-4257-b262-8707efbdc464.rna_seq.augmented_star_gene_counts.tsv,dede1728-3402-41de-bdb5-f27c8ae6d8a1
TCGA-KIRP,f42bf3a0-6943-492d-9d81-11c15ecf6dd9,TCGA-IA-A83S,449f38f3-6239-426c-a548-0ffd75c30a6d,83917448-7f94-478b-8630-75ca0dd7e32d.rna_seq.augmented_star_gene_counts.tsv,449f38f3-6239-426c-a548-0ffd75c30a6d
TCGA-KIRP,b3ca6d5e-1b4b-403e-8bf3-1ebb1b85b4ff,TCGA-GL-7773,b0ef1586-4afe-4993-b9b0-19181d462749,a8ade0b2-b99e-44f8-b6b9-fa8f8cf32840.rna_seq.augmented_star_gene_counts.tsv,b0ef1586-4afe-4993-b9b0-19181d462749
TCGA-KIRP,f3ba25a1-b420-4f0e-aa97-8877c7f23457,TCGA-BQ-7062,c0be8069-8e65-4441-930a-bb8178445e3b,36532c8b-643c-4271-bb66-06a42e47914d.rna_seq.augmented_star_gene_counts.tsv,c0be8069-8e65-4441-930a-bb8178445e3b
TCGA-KIRP,5b5bb094-794f-45a9-8199-e3c910b1ec15,TCGA-2K-A9WE,fa5e8d87-03b2-4890-b326-b6231e00d3b4,1f6d184f-9dfa-4f54-87a1-489bbd7d8f6b.rna_seq.augmented_star_gene_counts.tsv,fa5e8d87-03b2-4890-b326-b6231e00d3b4
TCGA-KIRP,c3034c16-3113-456a-bf07-65eb1e0efae1,TCGA-4A-A93W,d1950ff9-7e70-49d1-a73d-9bab077eb522,7306343d-28f1-45a2-b81a-5ac2db97e0ec.rna_seq.augmented_star_gene_counts.tsv,d1950ff9-7e70-49d1-a73d-9bab077eb522
TCGA-KIRP,30736fee-1798-460f-966e-ca33198f993b,TCGA-A4-8310,3ab7689a-6da2-4bd3-8e6a-fc35baacac01,09d74172-1617-4028-bca8-90cbdd638ef5.rna_seq.augmented_star_gene_counts.tsv,3ab7689a-6da2-4bd3-8e6a-fc35baacac01
TCGA-KIRP,0e2b710b-8b86-4f89-92a7-51bf950d67ba,TCGA-F9-A97G,3579dc25-4a89-47ce-8822-ac2eae81fbbc,6bb2e2e8-ea63-4bec-9a42-cdff0abf5392.rna_seq.augmented_star_gene_counts.tsv,3579dc25-4a89-47ce-8822-ac2eae81fbbc
TCGA-KIRP,7e6f9d8d-5e6e-40b1-a674-76f34efa63d1,TCGA-B1-A656,3c77130a-f708-4f9d-b27e-581f080a08f5,82a06ec4-c14e-423b-aa32-1b8cae079e62.rna_seq.augmented_star_gene_counts.tsv,3c77130a-f708-4f9d-b27e-581f080a08f5
TCGA-KIRP,edcdacdc-a551-47d9-8b77-206c13ebbf18,TCGA-SX-A71V,71f89df3-dd3c-422a-9074-55c4f1da9d68,4cfdbd36-72ce-4c3e-966b-34f351ef4421.rna_seq.augmented_star_gene_counts.tsv,71f89df3-dd3c-422a-9074-55c4f1da9d68
TCGA-KIRP,394fcb2a-dbc7-4f1c-96fe-bd4320fb0b0b,TCGA-PJ-A5Z8,14cc8f1d-b851-447d-86b8-5f3161959bea,912b3c23-2376-47e0-b4af-789313f6fc66.rna_seq.augmented_star_gene_counts.tsv,14cc8f1d-b851-447d-86b8-5f3161959bea
TCGA-KIRP,27edd073-2142-4d91-8d71-ee9425dd62eb,TCGA-5P-A9K3,0cf256ab-9787-47c9-ac95-767e004453da,324fbc0f-fd39-43ea-b83f-f41875661383.rna_seq.augmented_star_gene_counts.tsv,0cf256ab-9787-47c9-ac95-767e004453da
TCGA-KIRP,5d077d15-3673-42d0-b6c0-3c71ece70381,TCGA-P4-AAVM,a61cad78-3716-484f-ba93-0707821cbc79,4d2bb141-a0b7-4ced-8ee2-07823d2874a7.rna_seq.augmented_star_gene_counts.tsv,a61cad78-3716-484f-ba93-0707821cbc79
TCGA-KIRP,7f3861c9-54ec-4b0a-9324-63759cb689ce,TCGA-Y8-A894,a6ab131c-8c30-40b4-b114-19914cfba35b,f2408467-1945-4632-8397-4dc927673b6d.rna_seq.augmented_star_gene_counts.tsv,a6ab131c-8c30-40b4-b114-19914cfba35b
TCGA-KIRP,63cff3ed-5e17-465c-b983-28d55b6249da,TCGA-G7-6796,66307ac0-eef9-4547-b9f4-bd625ca14608,c8aad382-88c4-4c76-bd85-e0bb766b9a0c.rna_seq.augmented_star_gene_counts.tsv,66307ac0-eef9-4547-b9f4-bd625ca14608
TCGA-KIRP,321cf874-bcb9-441f-aba9-14dc9bb026b6,TCGA-5P-A9KH,7f9500fc-9d6a-4873-a2e4-665fab159568,5e760bd4-6f5a-4626-9839-330415e54080.rna_seq.augmented_star_gene_counts.tsv,7f9500fc-9d6a-4873-a2e4-665fab159568
TCGA-KIRP,96344345-6daf-4b8b-a047-114d5d37205c,TCGA-BQ-7061,668aa8c5-9d33-4efb-a664-9facc4631d91,8bad636e-76fd-497d-88b2-da3b17e39db8.rna_seq.augmented_star_gene_counts.tsv,668aa8c5-9d33-4efb-a664-9facc4631d91
TCGA-KIRP,4492e748-56d7-4110-b277-3616ff70324b,TCGA-BQ-5877,dcb89df3-3699-45fb-a636-9bff204ff377,e47989a4-a2f7-46b7-9244-c91e0ae0ee0f.rna_seq.augmented_star_gene_counts.tsv,dcb89df3-3699-45fb-a636-9bff204ff377
TCGA-KIRP,6be35b9d-c799-41f6-b151-0f8bb4d77a97,TCGA-UZ-A9PV,5584b3a4-d04f-41b5-83bf-8e3282bdd350,7a5f5a7f-21de-4e90-844a-849e34eeb5fc.rna_seq.augmented_star_gene_counts.tsv,5584b3a4-d04f-41b5-83bf-8e3282bdd350
TCGA-KIRP,659bf47f-4915-4b12-b6a0-f3ae8bd8a70d,TCGA-A4-A5Y1,f3d0c700-b29c-4567-a9f8-86e0b3c4d86c,6c9e099b-e5b9-46cd-8072-0bce2e4ffba8.rna_seq.augmented_star_gene_counts.tsv,f3d0c700-b29c-4567-a9f8-86e0b3c4d86c
TCGA-KIRP,109e44cd-45a5-4216-bd80-e935d7133141,TCGA-BQ-7060,e454b54e-857c-4653-9909-4beaf83dbcb8,856b8cf2-10c8-4821-a2d8-1fd249503f20.rna_seq.augmented_star_gene_counts.tsv,e454b54e-857c-4653-9909-4beaf83dbcb8
TCGA-KIRP,b9342b22-6e30-4930-a3cc-c2ef2afbbff9,TCGA-SX-A7SO,3d32f846-0f92-43f9-8ae7-e0e03000e2f2,f0146da2-6dbd-4f0d-8056-5a40d0fb7495.rna_seq.augmented_star_gene_counts.tsv,3d32f846-0f92-43f9-8ae7-e0e03000e2f2
TCGA-KIRP,62ea2890-dda1-4758-8915-f7626087651f,TCGA-A4-7915,ca060cf4-14f8-4135-a4ce-0ce98b40339b,19e451ba-df66-438e-b51c-c406c768d15d.rna_seq.augmented_star_gene_counts.tsv,ca060cf4-14f8-4135-a4ce-0ce98b40339b
TCGA-KIRP,dfc0f2ac-cedb-40d9-aaa7-53fa7fe0ac8d,TCGA-BQ-7053,a0dcc98a-2a34-4012-8591-9fc899059f1c,7b357410-b2eb-46ac-8046-09c95f2d2d39.rna_seq.augmented_star_gene_counts.tsv,a0dcc98a-2a34-4012-8591-9fc899059f1c
TCGA-KIRP,66a7bfdb-3332-475f-92ff-88858c2ff2fe,TCGA-5P-A9JV,34603996-d29c-4032-8189-61c7a320b535,51e74e5c-1d24-42db-921d-72c5eb5be544.rna_seq.augmented_star_gene_counts.tsv,34603996-d29c-4032-8189-61c7a320b535
TCGA-KIRP,3893b520-0c20-4b15-87a3-38719619d62a,TCGA-P4-A5E8,e11ca045-0b8e-4631-ab61-afbe9738cde0,7a5f90d5-d9b3-4ddd-b182-24c4574b40ce.rna_seq.augmented_star_gene_counts.tsv,e11ca045-0b8e-4631-ab61-afbe9738cde0
TCGA-KIRP,d66bd244-daab-41d6-9d56-1687ba5ac590,TCGA-UN-AAZ9,0bd6c26a-892c-40c7-8094-c323fd589e32,01f1cd8f-90da-4f54-9efe-a4ea78a037b7.rna_seq.augmented_star_gene_counts.tsv,0bd6c26a-892c-40c7-8094-c323fd589e32
TCGA-KIRP,32a5d8d7-2181-4d1b-b675-62670fbd16ff,TCGA-2Z-A9J1,3c9aeb43-4b82-49a5-a860-08df26da5616,ee576868-7c56-4149-9300-44fc7a0a3d4e.rna_seq.augmented_star_gene_counts.tsv,3c9aeb43-4b82-49a5-a860-08df26da5616
TCGA-KIRP,e09ee1af-d8ec-4e27-8567-198ac8bf8996,TCGA-2Z-A9J2,9053121e-5749-4a3e-851e-27fb0234162d,578e154b-2796-42e9-8d09-5950808a78d0.rna_seq.augmented_star_gene_counts.tsv,9053121e-5749-4a3e-851e-27fb0234162d
TCGA-KIRP,f26c6a5a-8f45-4b97-830f-2fd10714412b,TCGA-SX-A7SS,45008b79-fdba-4846-88e2-b588416f51f2,16ffcf18-691e-4523-a245-82aa10f2062a.rna_seq.augmented_star_gene_counts.tsv,45008b79-fdba-4846-88e2-b588416f51f2
TCGA-KIRP,53c94602-1d80-4ad0-8398-2625e5b404d4,TCGA-SX-A7SQ,fb506e86-b1b1-4118-b07a-2e9f67597144,c1b56c49-0daa-4d12-a2ef-db2c6f6e12c6.rna_seq.augmented_star_gene_counts.tsv,fb506e86-b1b1-4118-b07a-2e9f67597144
TCGA-KIRP,5ae9e66b-7b63-4383-8d30-e82b567c55fb,TCGA-A4-8098,56866732-466d-4893-9a20-f0f41b70902d,207cfcb7-fee6-4db5-810f-6060596af712.rna_seq.augmented_star_gene_counts.tsv,56866732-466d-4893-9a20-f0f41b70902d
TCGA-KIRP,fec3a20b-2aab-4005-b81d-aca0ee9d7b78,TCGA-BQ-7051,72768520-c92d-43a3-a003-e018e0249551,76cd1f5f-f269-4520-9b24-1516d4380fe6.rna_seq.augmented_star_gene_counts.tsv,72768520-c92d-43a3-a003-e018e0249551
TCGA-KIRP,de88a41b-8a32-40d6-9c0b-1fe2303d8ad2,TCGA-AL-3473,f3b1cbe4-0673-4705-a7ed-2f16f749a8ae,22a51d06-3716-48ef-a1f5-cbebf459aa3d.rna_seq.augmented_star_gene_counts.tsv,f3b1cbe4-0673-4705-a7ed-2f16f749a8ae
TCGA-KIRP,5aca4724-a433-4128-9c77-7899fc058f5b,TCGA-SX-A71R,bed78f69-8e9b-465d-9ae8-1a55eae70e33,7e3744cb-135a-4e08-8fc2-f5407a5e31c0.rna_seq.augmented_star_gene_counts.tsv,bed78f69-8e9b-465d-9ae8-1a55eae70e33
TCGA-KIRP,61f86b3e-89fd-4f42-9c28-08750b0fdb24,TCGA-Y8-A8RY,fa6b09ba-8342-4a27-b7b2-030325cc851c,716861cc-8ea1-4670-804c-f9fb1964d44b.rna_seq.augmented_star_gene_counts.tsv,fa6b09ba-8342-4a27-b7b2-030325cc851c
TCGA-KIRP,3b9edbcf-f79e-433d-8927-19f5a7d9757f,TCGA-5P-A9JZ,2d385783-5b11-4998-9adf-244937b92a60,433bca36-a3d5-427b-815f-9b1985a67fad.rna_seq.augmented_star_gene_counts.tsv,2d385783-5b11-4998-9adf-244937b92a60
TCGA-KIRP,f64d8f52-7cb5-4e2b-899d-88924a59a167,TCGA-P4-A5EB,cb25f89f-dbdb-471b-9b3c-2d8cfdeaf789,9df9578b-ec5f-45f1-8c3e-2321340179aa.rna_seq.augmented_star_gene_counts.tsv,cb25f89f-dbdb-471b-9b3c-2d8cfdeaf789
TCGA-KIRP,0597d65b-b50f-427d-bb23-a2d092e03d69,TCGA-DZ-6133,c462505f-3220-4c70-9bf8-2da1af314658,fb3ccb91-c718-467f-9e95-9867eff027fb.rna_seq.augmented_star_gene_counts.tsv,c462505f-3220-4c70-9bf8-2da1af314658
TCGA-KIRP,0ea3dfcd-479b-4d6e-ae46-22725f73be94,TCGA-BQ-7048,cbf2086d-a4e8-4bd9-a815-b9fe1169bc02,fcfc91d4-55c7-4017-bfc0-84e709ab4399.rna_seq.augmented_star_gene_counts.tsv,cbf2086d-a4e8-4bd9-a815-b9fe1169bc02
TCGA-KIRP,494e160c-ba73-4b36-b147-05cd84136b2a,TCGA-Y8-A8S0,85ae46cd-3930-4363-b5bc-0899072e5e8e,0c8dc985-bf38-4cb8-9b37-650730eb4b1e.rna_seq.augmented_star_gene_counts.tsv,85ae46cd-3930-4363-b5bc-0899072e5e8e
TCGA-KIRP,497aca75-1efb-40c2-81e8-0b51414fde4a,TCGA-A4-7583,cb757aba-a7a2-41c2-8207-2eb24b3a7f2d,b6d40b6e-7fa9-4290-8146-3c2b33876132.rna_seq.augmented_star_gene_counts.tsv,cb757aba-a7a2-41c2-8207-2eb24b3a7f2d
TCGA-KIRP,27c7c522-7614-4512-ab39-a246f98aa217,TCGA-UZ-A9PZ,ea1eda77-09f3-4de9-8a9b-cf80fbea65de,c683441d-c5ea-4409-8c26-af272edf8032.rna_seq.augmented_star_gene_counts.tsv,ea1eda77-09f3-4de9-8a9b-cf80fbea65de
TCGA-KIRP,975df2f7-26db-4812-856a-a3c410d34d60,TCGA-2Z-A9JG,c92b6bdc-412d-42de-bfa3-efebaea70640,1d8bc558-8eec-45ce-aa50-14561d771bc2.rna_seq.augmented_star_gene_counts.tsv,c92b6bdc-412d-42de-bfa3-efebaea70640
TCGA-KIRP,80b459f7-41df-4fb8-bf7d-6744bbf97e69,TCGA-2Z-A9J5,efb5f844-8850-43b2-acb3-7ac29ff25b47,b0df9ffd-4a37-4a38-90b6-a18314606ebb.rna_seq.augmented_star_gene_counts.tsv,efb5f844-8850-43b2-acb3-7ac29ff25b47
TCGA-KIRP,0b93663b-43fe-4c88-94bc-bc097056bd0c,TCGA-2Z-A9JP,f7e45c36-3cba-41e8-af1d-34967c4804ba,71c804fc-13a8-444a-9332-cbdb2b7dcf86.rna_seq.augmented_star_gene_counts.tsv,f7e45c36-3cba-41e8-af1d-34967c4804ba
TCGA-KIRP,ff8c41d0-b82d-4f53-9e5b-a3ab9d6fe045,TCGA-KV-A6GE,ff05071c-633c-4f12-b153-dbc5ae520ddd,f2ead4ac-cb05-445a-b582-05f4ecd3c5f4.rna_seq.augmented_star_gene_counts.tsv,ff05071c-633c-4f12-b153-dbc5ae520ddd
TCGA-KIRP,11e2648e-f821-4f64-bdfd-e153b66660ba,TCGA-4A-A93X,505aa6f3-3344-4355-ba6a-e210878771c9,bc68e63d-8c3d-4f55-bac7-f7fdf9e7faaf.rna_seq.augmented_star_gene_counts.tsv,505aa6f3-3344-4355-ba6a-e210878771c9
TCGA-KIRP,bb0efb98-db70-499d-bc72-56af138c419c,TCGA-B3-4104,2a521f2c-2d25-4594-9fd2-2dc68179e88d,705aae46-c28d-4935-8bb1-dbfa08a2b315.rna_seq.augmented_star_gene_counts.tsv,2a521f2c-2d25-4594-9fd2-2dc68179e88d
TCGA-KIRP,a780530f-ab0b-45c8-ab7d-29bf2dd19c9f,TCGA-B9-4114,fcc2766d-6db4-4676-ae26-bc98b94e04fd,a469c61b-83bc-4989-bf3b-2e415d53287d.rna_seq.augmented_star_gene_counts.tsv,fcc2766d-6db4-4676-ae26-bc98b94e04fd
TCGA-KIRP,c898b603-3d89-4583-81f6-3fa9e27f0712,TCGA-A4-8311,5b2b6e0b-6089-4fae-8f5e-962e0ba1be4a,5786bca2-90a7-42c5-b846-58dcab939883.rna_seq.augmented_star_gene_counts.tsv,5b2b6e0b-6089-4fae-8f5e-962e0ba1be4a
TCGA-KIRP,21b630be-466d-46a3-801a-7eb593bdddb6,TCGA-HE-A5NL,a3304779-2c5f-4878-9507-afd4e7974ae9,185aa50a-9180-4453-a507-baf5e10c94ba.rna_seq.augmented_star_gene_counts.tsv,a3304779-2c5f-4878-9507-afd4e7974ae9
TCGA-KIRP,55cb6b44-38f6-4882-9457-9bd73911c9e0,TCGA-EV-5902,3e78c402-cb22-4e65-b89e-9a760541656d,07a5352f-f6ae-42a6-a41c-812c8aa372c9.rna_seq.augmented_star_gene_counts.tsv,3e78c402-cb22-4e65-b89e-9a760541656d
TCGA-KIRP,fbca0ccd-965c-489a-8de7-f78d64b0abf5,TCGA-KV-A6GD,13dd0325-f024-4e09-9f05-b3b04510395e,8a09b166-e5ab-447c-9c6e-2330b186ea6a.rna_seq.augmented_star_gene_counts.tsv,13dd0325-f024-4e09-9f05-b3b04510395e
TCGA-KIRP,9e93686e-d150-404a-bd88-1dd4d2999ed3,TCGA-MH-A561,fb394f0a-8909-49b9-8474-f5369785b8a7,fb17a2f3-8918-4feb-a9a1-ed3c9644dfed.rna_seq.augmented_star_gene_counts.tsv,fb394f0a-8909-49b9-8474-f5369785b8a7
TCGA-KIRP,73d58251-83b4-4dd2-85c0-e38fe3044d42,TCGA-AL-3471,fd477075-4f97-4922-9ac7-cc4c22ede82b,32ca71fa-3a7f-4e57-a634-cc5b3d16af61.rna_seq.augmented_star_gene_counts.tsv,fd477075-4f97-4922-9ac7-cc4c22ede82b
TCGA-KIRP,0ee5431a-e282-4f81-80a8-5473f948aadb,TCGA-UZ-A9PX,a1c0883a-b60a-45ce-86c3-8cb5f638f370,0181bca8-b347-4106-8084-a32f87253dc9.rna_seq.augmented_star_gene_counts.tsv,a1c0883a-b60a-45ce-86c3-8cb5f638f370
TCGA-KIRP,f63cef6d-12a4-457c-ada4-774024f6b988,TCGA-B3-8121,f50158f0-094a-4b16-aa46-07552fc3dc55,0c79ae09-f423-4bed-8588-30437a247721.rna_seq.augmented_star_gene_counts.tsv,f50158f0-094a-4b16-aa46-07552fc3dc55
TCGA-COAD,9e071449-9392-4384-b38f-26722d2d5c51,TCGA-AA-3688,2c73d8ac-84b9-4094-9f5e-fbd6c2e8eabf,c8c7600d-2c13-4df1-b058-2d02432bd49e.rna_seq.augmented_star_gene_counts.tsv,2c73d8ac-84b9-4094-9f5e-fbd6c2e8eabf
TCGA-COAD,a12a7d70-ce5f-4f6d-8ead-d17ba92431f5,TCGA-AA-3543,676943d6-aa9b-4576-abb1-eeaf56850b0b,526e2e75-cc0e-4c03-916c-908fbc271854.rna_seq.augmented_star_gene_counts.tsv,676943d6-aa9b-4576-abb1-eeaf56850b0b
TCGA-COAD,83b624fe-acc8-4777-b606-e4cacdc11a82,TCGA-G4-6298,7389dfaa-fa36-431f-a3b9-960b4fb9d836,20ed86b0-2e3d-44ec-88cd-eac5486fe15c.rna_seq.augmented_star_gene_counts.tsv,7389dfaa-fa36-431f-a3b9-960b4fb9d836
TCGA-COAD,ca5eefe8-5841-4745-a5e5-2745fb77b74f,TCGA-AA-3972,6c26af65-bb77-411b-9d85-308b109764f9,16072816-2afe-4204-9abf-70a38e62db6f.rna_seq.augmented_star_gene_counts.tsv,6c26af65-bb77-411b-9d85-308b109764f9
TCGA-COAD,f6ce2f9b-b631-47e7-a32b-eaeaed4cf008,TCGA-AZ-6608,b2c13f06-0588-4d2f-b869-91ea5d80b8fb,a8ce7460-8ccd-4638-a854-55c4068af6ec.rna_seq.augmented_star_gene_counts.tsv,b2c13f06-0588-4d2f-b869-91ea5d80b8fb
TCGA-COAD,4f4d9529-09e0-4a0d-8a9f-0060b643444d,TCGA-G4-6294,f22b9830-6c68-4680-91d8-ed37f042ca4e,0357aa51-9436-4923-9b1e-eb22bdf647df.rna_seq.augmented_star_gene_counts.tsv,f22b9830-6c68-4680-91d8-ed37f042ca4e
TCGA-COAD,139cd85f-9a93-421f-8782-78ac917b97e6,TCGA-G4-6625,228b425f-ddc8-46e4-b246-41f4389b7a97,cfbdbfeb-7550-46dc-bd3b-bf85c4a14443.rna_seq.augmented_star_gene_counts.tsv,228b425f-ddc8-46e4-b246-41f4389b7a97
TCGA-COAD,59eff44d-c532-4ea4-b8e4-e4478f5b12de,TCGA-AA-3506,73ba2db0-55f1-41ef-a9c3-e480caab4edd,b83a1cf6-50a6-44fa-834d-8b3df88149fa.rna_seq.augmented_star_gene_counts.tsv,73ba2db0-55f1-41ef-a9c3-e480caab4edd
TCGA-COAD,9fa268c0-9e08-436b-a18b-fa9db1794296,TCGA-AA-A00L,82aa9226-61c4-4cd7-9138-5199e7c85e6a,e0c9f612-91a0-4b84-b3d5-665514324cb6.rna_seq.augmented_star_gene_counts.tsv,82aa9226-61c4-4cd7-9138-5199e7c85e6a
TCGA-COAD,aec31f5d-022d-4833-b0ce-a9c5cb1f6650,TCGA-A6-2677,78e565d9-4c8c-44b1-8d58-473381e92c52,e7f9aa2a-9c1b-4c63-953b-4922fafd9150.rna_seq.augmented_star_gene_counts.tsv,78e565d9-4c8c-44b1-8d58-473381e92c52
TCGA-COAD,aec31f5d-022d-4833-b0ce-a9c5cb1f6650,TCGA-A6-2677,c834cb75-259c-40bd-93cc-48f9756cc47a,bbeadeec-bb57-4762-8828-3bd1696748fb.rna_seq.augmented_star_gene_counts.tsv,c834cb75-259c-40bd-93cc-48f9756cc47a
TCGA-COAD,cc8bda91-9a72-47dd-97c6-ca5e09fca229,TCGA-G4-6321,3836f766-08fc-4496-8470-3f9e51b14b3c,0429cf04-6e5c-41dd-b4a9-4f7ad15d15bc.rna_seq.augmented_star_gene_counts.tsv,3836f766-08fc-4496-8470-3f9e51b14b3c
TCGA-COAD,6171db74-fe5a-4495-8b6a-724be0cba79e,TCGA-AZ-4681,2831af62-6269-4f8c-b142-f8ff2c6f897d,4613d81b-e9ba-4c36-96a5-d7c9667b83ec.rna_seq.augmented_star_gene_counts.tsv,2831af62-6269-4f8c-b142-f8ff2c6f897d
TCGA-COAD,6f6820c0-beed-4944-a241-d65f58bddf9a,TCGA-AA-3950,a3205a5c-e22a-4a1d-91eb-48d2d4e51e97,be297c26-df4c-4ae2-a117-a8c6d1cfb421.rna_seq.augmented_star_gene_counts.tsv,a3205a5c-e22a-4a1d-91eb-48d2d4e51e97
TCGA-COAD,475f161c-2f7f-43a2-b187-de6038752f39,TCGA-AZ-4313,bb24863f-4b09-46ac-aacc-4073cad3a7d8,8c76ce45-f110-4f6a-b413-13a1a1aeddef.rna_seq.augmented_star_gene_counts.tsv,bb24863f-4b09-46ac-aacc-4073cad3a7d8
TCGA-COAD,11890703-2c2f-4663-aa57-cc9ff6504284,TCGA-AA-3842,e119e5f6-aac4-4ccb-9cf1-78085f1821a9,0e1c98de-b4e2-4f42-beca-9948f867a46b.rna_seq.augmented_star_gene_counts.tsv,e119e5f6-aac4-4ccb-9cf1-78085f1821a9
TCGA-COAD,463d4b1e-2068-45dd-9631-fb9c7268fe6c,TCGA-CM-4750,359bacfe-23d1-4d3b-870e-8f98982540ce,48128da3-329b-45c5-be65-c8cbeccddb97.rna_seq.augmented_star_gene_counts.tsv,359bacfe-23d1-4d3b-870e-8f98982540ce
TCGA-COAD,35aad6ca-2675-42b3-8847-e83f7f840c2b,TCGA-AA-A029,a666a0f3-e5ed-40b5-b425-5fe0190d30dd,3d6b96fa-5efa-4c8a-9a12-2718304252d4.rna_seq.augmented_star_gene_counts.tsv,a666a0f3-e5ed-40b5-b425-5fe0190d30dd
TCGA-COAD,496316ba-00b4-49ff-9b67-02273fbfa945,TCGA-AA-3672,d77dfe53-77dd-46c9-80a4-19d343e8ee36,d6b7de60-321d-4f6d-82e7-3d5e9598462c.rna_seq.augmented_star_gene_counts.tsv,d77dfe53-77dd-46c9-80a4-19d343e8ee36
TCGA-COAD,5ab15b14-d6c2-4900-add7-24e3b8df2680,TCGA-DM-A28A,72579862-a9da-4565-a077-269af17f9249,f755bd47-f8ff-4847-9b8e-7d36b7b84155.rna_seq.augmented_star_gene_counts.tsv,72579862-a9da-4565-a077-269af17f9249
TCGA-COAD,22996dd0-8d03-49f2-8395-738c0599339b,TCGA-3L-AA1B,33b4cb11-fada-4d2b-b7ce-61077f94f0e9,d2995480-5ae0-42e1-9a21-25e1435201ee.rna_seq.augmented_star_gene_counts.tsv,33b4cb11-fada-4d2b-b7ce-61077f94f0e9
TCGA-COAD,8f80047b-a700-413c-b228-6d170648e168,TCGA-DM-A0XF,cca7879a-744d-488a-a2e9-67dd4a40946d,26596228-9935-4e5d-8e41-d10f51e0f364.rna_seq.augmented_star_gene_counts.tsv,cca7879a-744d-488a-a2e9-67dd4a40946d
TCGA-COAD,4e728ecb-3169-48fd-9f80-2a5dff2db506,TCGA-AA-3552,f82830d3-3399-41a8-806e-974fb3255d67,6e0c14ea-3eb3-424a-bc12-fb127ac1a777.rna_seq.augmented_star_gene_counts.tsv,f82830d3-3399-41a8-806e-974fb3255d67
TCGA-COAD,3e51f010-457d-465e-b7b3-7f65761cd28c,TCGA-AA-3544,580959a1-736e-4dde-a794-b6f9dbc7e252,cddceb59-733b-48d1-9b75-46c9949f7794.rna_seq.augmented_star_gene_counts.tsv,580959a1-736e-4dde-a794-b6f9dbc7e252
TCGA-COAD,47839ff7-7da3-4160-bf1f-d8516a34bbe5,TCGA-AA-3975,85adb9cd-3a7f-452c-8804-8e0a0fc499a1,9176b038-65e3-469d-a867-d99bc732e45d.rna_seq.augmented_star_gene_counts.tsv,85adb9cd-3a7f-452c-8804-8e0a0fc499a1
TCGA-COAD,72930683-b2dc-4cd8-8a0b-0cf57c77b1a9,TCGA-AD-6895,54f615f0-aa45-43a1-8ad8-098868fab3c3,270a14bb-8ae5-4372-a66b-b3d71bf217f7.rna_seq.augmented_star_gene_counts.tsv,54f615f0-aa45-43a1-8ad8-098868fab3c3
TCGA-COAD,095b4b7f-be2f-4a76-85d7-f7cc8a6d572a,TCGA-AA-3560,7cba9b28-fd44-4211-b772-e3f1649f21b6,131a9973-dfc9-4897-8c19-d5c43cecba0a.rna_seq.augmented_star_gene_counts.tsv,7cba9b28-fd44-4211-b772-e3f1649f21b6
TCGA-COAD,b083e3cb-0af1-44ea-854d-85fd99b75ad5,TCGA-AA-3529,526975f3-cec3-42d1-aa19-8df2d7f9fb5d,fcb06f2b-bc4d-406d-82c3-76802c77a75b.rna_seq.augmented_star_gene_counts.tsv,526975f3-cec3-42d1-aa19-8df2d7f9fb5d
TCGA-COAD,9195e450-b568-49e9-b977-7241aeed04b9,TCGA-AA-3866,b1b311b9-aae9-4f5d-b9df-60acd9f43c0b,ad16ffcf-fd80-4008-9309-c4fe1e757507.rna_seq.augmented_star_gene_counts.tsv,b1b311b9-aae9-4f5d-b9df-60acd9f43c0b
TCGA-COAD,844a005f-471c-45d5-86de-956951d6b7d1,TCGA-A6-6782,2d7e6bc2-b313-41a4-9c5e-3e05d3be0f1f,d4211058-4fb9-470e-9dfe-5e4be33564ff.rna_seq.augmented_star_gene_counts.tsv,2d7e6bc2-b313-41a4-9c5e-3e05d3be0f1f
TCGA-COAD,9ef79e62-54d7-406b-9a15-893b2871929f,TCGA-AA-A022,23d33ac1-a9db-463b-9f86-06603e02f357,1a7b3a4d-bf0b-4ddc-b23c-1d4c4590ee1a.rna_seq.augmented_star_gene_counts.tsv,23d33ac1-a9db-463b-9f86-06603e02f357
TCGA-COAD,4410c7ed-286b-4452-bf3e-782673177b97,TCGA-A6-6138,c6688171-4c26-4e27-baa5-34c51fb1fc48,c7a22797-676e-4f10-a51d-e3ee91a29a21.rna_seq.augmented_star_gene_counts.tsv,c6688171-4c26-4e27-baa5-34c51fb1fc48
TCGA-COAD,e2843875-a4de-4d90-bda2-0fbbc929757f,TCGA-AA-3693,0e6df121-536a-4bb2-8197-4e8891c24181,df4e44f9-ee22-43d3-911e-fd4bd826ec0c.rna_seq.augmented_star_gene_counts.tsv,0e6df121-536a-4bb2-8197-4e8891c24181
TCGA-COAD,fb550b01-76b0-4465-bcf5-b72a7e9a378c,TCGA-AA-3844,91a95c38-5ab7-4166-b4e7-64454cb3d06c,7b98348a-13f8-404a-9a1e-280ae481b6b0.rna_seq.augmented_star_gene_counts.tsv,91a95c38-5ab7-4166-b4e7-64454cb3d06c
TCGA-COAD,88b3045c-bb2e-4ad6-adbb-b52fabb7b917,TCGA-CK-4952,8b7acbfc-5614-45dc-99b6-bbcb34dfc32f,c58c72c3-3152-461a-b55a-9bcccc0b71f4.rna_seq.augmented_star_gene_counts.tsv,8b7acbfc-5614-45dc-99b6-bbcb34dfc32f
TCGA-COAD,77204666-6ad8-40b2-b121-601fd18bffdb,TCGA-AD-6890,0ab52521-ed65-49f9-8508-e90062281352,f139697f-e8aa-4ed3-aed3-b36ae0493d40.rna_seq.augmented_star_gene_counts.tsv,0ab52521-ed65-49f9-8508-e90062281352
TCGA-COAD,fb1ebc1d-d580-4754-8f48-1dfb7a1054a4,TCGA-AA-3848,66b73eaa-d174-4086-8286-9db6eeba1990,ea9f5a96-93d4-4724-bc4b-2813fa8a35ae.rna_seq.augmented_star_gene_counts.tsv,66b73eaa-d174-4086-8286-9db6eeba1990
TCGA-COAD,2fc854d7-4f80-4c39-bd92-397e94fee4a0,TCGA-AA-A00U,21a0b137-e939-4866-aa76-90baecea1826,e255e8fa-b1c7-42bf-9934-4ea44bed860f.rna_seq.augmented_star_gene_counts.tsv,21a0b137-e939-4866-aa76-90baecea1826
TCGA-COAD,86158696-60a3-45b7-8351-d800f57ef23b,TCGA-AA-3549,a7affc28-aba2-41ab-8f5c-be859ae055dc,3ef878b7-f7c7-4ce5-ae5b-dac3f70155e7.rna_seq.augmented_star_gene_counts.tsv,a7affc28-aba2-41ab-8f5c-be859ae055dc
TCGA-COAD,8c74f301-7976-4c15-952d-660d53f1215d,TCGA-AD-6901,66905cb5-6459-48fd-b04c-bc69ac477228,40b98f15-43cb-426b-880c-951a4b28c3e2.rna_seq.augmented_star_gene_counts.tsv,66905cb5-6459-48fd-b04c-bc69ac477228
TCGA-COAD,89fc5db9-edff-480f-8fc4-addd28c6d615,TCGA-AA-A00Q,a31c742c-328b-47a7-bcd4-6958706afe87,a528e2fc-f91a-4835-a0f6-0a49400a40a2.rna_seq.augmented_star_gene_counts.tsv,a31c742c-328b-47a7-bcd4-6958706afe87
TCGA-COAD,a08a26d6-153c-4e79-a4cc-dbbe1620dc8f,TCGA-CM-4751,951959ef-f8c3-4d93-b480-1dfac47aa64c,6d4df71e-cbf8-49e7-a511-8c8c1ea780e8.rna_seq.augmented_star_gene_counts.tsv,951959ef-f8c3-4d93-b480-1dfac47aa64c
TCGA-COAD,18c55689-4c2e-4592-867a-d7e0ba752ed7,TCGA-CM-6674,f29d3d45-b381-4fe5-af7a-eab8a4d010f4,49df6599-2159-457c-a94f-980cab788dbf.rna_seq.augmented_star_gene_counts.tsv,f29d3d45-b381-4fe5-af7a-eab8a4d010f4
TCGA-COAD,b9e4c00a-fb0a-4727-992b-01bf4be1e73e,TCGA-AA-3872,d6cff9b4-6b57-4ad9-8325-92d1232c7f39,7c6f92ab-6cf8-4293-b676-2619c40f6ee6.rna_seq.augmented_star_gene_counts.tsv,d6cff9b4-6b57-4ad9-8325-92d1232c7f39
TCGA-COAD,41192387-8da9-4bd2-be0f-f74157e7bab9,TCGA-AA-3655,08239799-b042-41c2-90cd-6a0dad35e54d,798dbd1d-9df6-42ab-8fe9-c48e416b3ec1.rna_seq.augmented_star_gene_counts.tsv,08239799-b042-41c2-90cd-6a0dad35e54d
TCGA-COAD,f4337307-e3c2-46f5-aa59-e77e6e64d734,TCGA-A6-5665,985d5043-cf68-4f4b-bba1-1aa621ab20c9,ec48e2b8-ca0a-40fe-a87b-f0e955466840.rna_seq.augmented_star_gene_counts.tsv,985d5043-cf68-4f4b-bba1-1aa621ab20c9
TCGA-COAD,ef88e2b5-41f4-4d62-ac3d-d10ec8192778,TCGA-G4-6317,f8c9f623-fea7-4608-ac73-342e1c349647,513fb61a-1339-45d2-8963-6337e3aff5df.rna_seq.augmented_star_gene_counts.tsv,f8c9f623-fea7-4608-ac73-342e1c349647
TCGA-COAD,45c8544c-ec60-447e-91ee-62e41e72a82f,TCGA-G4-6317,adcab898-861a-42f8-aa50-7b111222c019,9f9dec84-0c2c-4f85-8024-b8fb1de1eb81.rna_seq.augmented_star_gene_counts.tsv,adcab898-861a-42f8-aa50-7b111222c019
TCGA-COAD,73f2fc25-c775-4567-8ca1-5732aa0dd156,TCGA-AD-6899,822091c7-86c2-4315-b6bb-d022149296d5,d342d71a-e556-401d-b17f-802d0d39e8c9.rna_seq.augmented_star_gene_counts.tsv,822091c7-86c2-4315-b6bb-d022149296d5
TCGA-COAD,849016dc-fea2-4d92-9bee-24f41fa625e0,TCGA-D5-6537,cc7b8015-fab8-444e-92d4-df119de11a05,78699d1d-aa39-473a-b3ea-24164d3a443c.rna_seq.augmented_star_gene_counts.tsv,cc7b8015-fab8-444e-92d4-df119de11a05
TCGA-COAD,41933a62-1325-4089-80b5-06e3ebb238da,TCGA-AA-3994,6484ba83-32ed-492e-99c9-8f78f7b530e1,4d347bfa-eb25-4e9d-9594-4e1d99545678.rna_seq.augmented_star_gene_counts.tsv,6484ba83-32ed-492e-99c9-8f78f7b530e1
TCGA-COAD,f2bd44d3-a53c-4a10-9ae1-a93e762f174c,TCGA-A6-3810,0d6ba88c-ba7a-4e82-96b0-67e2b084b088,802f1041-19bc-4bec-8452-5e4b19a8100e.rna_seq.augmented_star_gene_counts.tsv,0d6ba88c-ba7a-4e82-96b0-67e2b084b088
TCGA-COAD,9f9961f0-4ee2-4471-ae4a-a0122d630a28,TCGA-AA-3555,b168cdcd-5516-4d22-a0cf-57a2d7c274ec,852508b0-5a5e-4730-8c70-6aabc0aa88be.rna_seq.augmented_star_gene_counts.tsv,b168cdcd-5516-4d22-a0cf-57a2d7c274ec
TCGA-COAD,1a4601f8-e4d6-4c3d-a846-e3186295c137,TCGA-AA-3949,be636d1c-edb1-427b-8c42-cbb8cc819f34,f5174c29-918d-4ad9-bd44-c94463396414.rna_seq.augmented_star_gene_counts.tsv,be636d1c-edb1-427b-8c42-cbb8cc819f34
TCGA-COAD,ebb1c63f-0862-4859-8ad1-5f1b86050635,TCGA-A6-2672,9a6cef0c-1db2-4ec8-9918-b261ce6f5a86,34b0602a-c93d-4734-b860-a2cb66091e2e.rna_seq.augmented_star_gene_counts.tsv,9a6cef0c-1db2-4ec8-9918-b261ce6f5a86
TCGA-COAD,9110e2e7-fa66-476c-9421-c849d875fcb6,TCGA-AA-3542,4ee68361-8f6e-4cbd-abc0-1b0092de2460,f844415e-ca2a-4837-b050-06775fdb2ed5.rna_seq.augmented_star_gene_counts.tsv,4ee68361-8f6e-4cbd-abc0-1b0092de2460
TCGA-LIHC,3df80a55-0381-48a9-acb0-58bcf702e209,TCGA-DD-AACI,b2646119-db5e-4591-827d-ad38195b822e,3664c072-bf3f-42ac-9927-89b15993c72e.rna_seq.augmented_star_gene_counts.tsv,b2646119-db5e-4591-827d-ad38195b822e
TCGA-LIHC,04a89fe8-95fd-4c44-95ef-7953a6aaf304,TCGA-UB-AA0V,417b01fc-a6ad-4cff-b36d-99a6e4f349a1,5e8476a1-5aa4-48d6-b4a8-d76e52a18d43.rna_seq.augmented_star_gene_counts.tsv,417b01fc-a6ad-4cff-b36d-99a6e4f349a1
TCGA-LIHC,b0d2fd7c-04e8-459b-80ee-e7f786f163d1,TCGA-G3-AAV3,00fb4b52-e6a4-4ad9-bbed-584e25851aca,ba056a7d-5370-4fe9-af1e-2e3de42e205f.rna_seq.augmented_star_gene_counts.tsv,00fb4b52-e6a4-4ad9-bbed-584e25851aca
TCGA-LIHC,253da6ee-8786-4a20-a0dc-58816a8a9c39,TCGA-EP-A3RK,2a986418-6f8a-4c4c-93a1-5e1abf69057b,5d220ed4-22c2-4ff1-b597-3822204d57e7.rna_seq.augmented_star_gene_counts.tsv,2a986418-6f8a-4c4c-93a1-5e1abf69057b
TCGA-LIHC,42d4cda4-bf55-41b5-9b91-04132a081e13,TCGA-2Y-A9H9,0cb37227-b328-4083-8c3c-fb8a850fc5bf,fda7f242-9bc2-477e-8603-8495d2e9f225.rna_seq.augmented_star_gene_counts.tsv,0cb37227-b328-4083-8c3c-fb8a850fc5bf
TCGA-LIHC,637339c3-46aa-4e37-82c8-09ef2b18cf9c,TCGA-MI-A75H,bb642fb4-07dd-44b3-b5b5-3f3d6976d677,ac4ec2c7-9dcb-4863-9e27-00dabfa7c747.rna_seq.augmented_star_gene_counts.tsv,bb642fb4-07dd-44b3-b5b5-3f3d6976d677
TCGA-LIHC,4218932d-170a-41f0-89ec-92a71a7b13dd,TCGA-BC-A8YO,4a39b419-4c93-4c65-bdc3-075c1c067a41,69044cff-0eaa-4acc-a163-4b9ab15a7595.rna_seq.augmented_star_gene_counts.tsv,4a39b419-4c93-4c65-bdc3-075c1c067a41
TCGA-LIHC,fe863395-3ebb-45c5-aab9-b0181906c89c,TCGA-GJ-A3OU,5460eb0c-4844-4c74-95c7-519184822a5a,55bda25f-fb6d-461e-a4c7-4e834eafeca4.rna_seq.augmented_star_gene_counts.tsv,5460eb0c-4844-4c74-95c7-519184822a5a
TCGA-LIHC,ad535210-07ee-41a5-b9f7-8548e41df779,TCGA-G3-AAV1,2157c1f3-890e-4f10-a48d-dbe80e021ecc,b2dfe637-d3a5-4400-88db-5d60f0a167d5.rna_seq.augmented_star_gene_counts.tsv,2157c1f3-890e-4f10-a48d-dbe80e021ecc
TCGA-LIHC,a89b7843-1c53-4d0c-977f-9674bfa717f1,TCGA-DD-AAEB,5a1259f8-620d-42be-900f-65aacb6a6b43,2de83d09-9782-42f1-9434-8df1f3bab7fd.rna_seq.augmented_star_gene_counts.tsv,5a1259f8-620d-42be-900f-65aacb6a6b43
TCGA-LIHC,d70c86b2-d403-4cb3-a381-076819b5b414,TCGA-RC-A7S9,ec255ed5-156b-4e5b-bbb7-d7841395fefe,79b50c00-e9f0-4be7-9cc4-b798a9f75702.rna_seq.augmented_star_gene_counts.tsv,ec255ed5-156b-4e5b-bbb7-d7841395fefe
TCGA-LIHC,634ab666-0845-4b62-a2a1-abd408d8b829,TCGA-G3-A25V,2fa3c211-314a-4a2d-a15a-02335262bbc4,1f6baf69-b0e9-44e7-bb0a-0818adda7b09.rna_seq.augmented_star_gene_counts.tsv,2fa3c211-314a-4a2d-a15a-02335262bbc4
TCGA-LIHC,729ca3a4-1c6b-4c84-b4ce-150bb21d631d,TCGA-CC-A9FS,9a764e34-3125-4e05-876a-0b7ca4ce4e62,c1224885-8e33-45f5-a9ee-431c9b79fb9e.rna_seq.augmented_star_gene_counts.tsv,9a764e34-3125-4e05-876a-0b7ca4ce4e62
TCGA-LIHC,208fa54c-b09d-421b-bacd-fe9e91fca556,TCGA-UB-A7MC,c585dac6-771a-4663-a7d6-5c7d7ccae32a,7c1d65f0-c157-4502-a8ed-c88578d4eade.rna_seq.augmented_star_gene_counts.tsv,c585dac6-771a-4663-a7d6-5c7d7ccae32a
TCGA-LIHC,5cdd976b-bb2b-47a9-a745-ad446797ac34,TCGA-G3-AAV7,08b01615-a73a-4dcb-98ec-c110b34867c3,b9dea4f2-2847-496f-a08e-5253c9ea6743.rna_seq.augmented_star_gene_counts.tsv,08b01615-a73a-4dcb-98ec-c110b34867c3
TCGA-LIHC,06ba5a5e-1718-4208-9811-8a157a520645,TCGA-BC-A10Y,d4426c56-9349-4770-b13c-17a2173015a0,96038519-51a9-4188-bc3c-5e5a4d219a77.rna_seq.augmented_star_gene_counts.tsv,d4426c56-9349-4770-b13c-17a2173015a0
TCGA-LIHC,b6104862-f135-46a7-86a4-1e12b96386e6,TCGA-DD-AACB,5a9a239f-82d6-4875-970e-bc57558691b4,1d974cac-fb5e-4737-a6b0-d22d398fea59.rna_seq.augmented_star_gene_counts.tsv,5a9a239f-82d6-4875-970e-bc57558691b4
TCGA-LIHC,e5587496-5655-4b18-82e3-e00593a1c64c,TCGA-CC-5259,ad30a245-b70d-44de-b3bf-b4dc4cbc2d18,bf31551a-22a7-4840-b734-748efb6301c4.rna_seq.augmented_star_gene_counts.tsv,ad30a245-b70d-44de-b3bf-b4dc4cbc2d18
TCGA-LIHC,d928ac5d-960f-4ebe-8826-0e03b55dc34e,TCGA-CC-5258,1e65110a-b37b-42e6-8f99-b96116fdac71,1dc8062e-ec15-4146-a586-112cf061e620.rna_seq.augmented_star_gene_counts.tsv,1e65110a-b37b-42e6-8f99-b96116fdac71
TCGA-LIHC,7b9c40bf-6ad0-491e-84fc-f835fe3589c5,TCGA-BC-A5W4,fe9e4c81-7149-4cfd-b1a2-60884268988b,8f7fc4d6-30f6-4361-94f3-48ef923cc9ec.rna_seq.augmented_star_gene_counts.tsv,fe9e4c81-7149-4cfd-b1a2-60884268988b
TCGA-LIHC,a758e425-e4f9-4b71-86f0-f82f4331055d,TCGA-BC-A10Z,b242b4fc-5d69-42c7-9a07-bdd47f4668cf,72e8b0e1-ff24-4ecf-82d2-24b96b885521.rna_seq.augmented_star_gene_counts.tsv,b242b4fc-5d69-42c7-9a07-bdd47f4668cf
TCGA-LIHC,4ef18704-c08f-4f69-a5ae-09ade360650e,TCGA-DD-A4NO,741f648e-87f2-4c61-b1d5-41579841aa58,402a5fcc-3fd0-4061-93e7-1565bdc84a99.rna_seq.augmented_star_gene_counts.tsv,741f648e-87f2-4c61-b1d5-41579841aa58
TCGA-LIHC,f178cc5c-525a-418b-a868-fa6e7c50947c,TCGA-KR-A7K7,64b69a94-60cb-4888-b5a8-1076aaad827f,aa678196-590c-4fdd-beab-0a1a1942c5b0.rna_seq.augmented_star_gene_counts.tsv,64b69a94-60cb-4888-b5a8-1076aaad827f
TCGA-LIHC,2953eefa-b97d-4328-90e1-5f991e2c2713,TCGA-O8-A75V,6e42eeef-4aa8-4e27-8f2d-57c3d8401602,3ab4bb66-d6cd-4df8-9e0b-c3ce0c06c0e7.rna_seq.augmented_star_gene_counts.tsv,6e42eeef-4aa8-4e27-8f2d-57c3d8401602
TCGA-LIHC,38507edd-dfb4-4931-9895-2c0482bd4555,TCGA-DD-A4NG,e20b808b-81cd-41ce-98eb-e2dc3db7fece,33e24624-f59a-4d50-b12b-28136db9f57d.rna_seq.augmented_star_gene_counts.tsv,e20b808b-81cd-41ce-98eb-e2dc3db7fece
TCGA-LIHC,00c2eeb7-b822-4dbd-a127-98aad0c0f184,TCGA-G3-A6UC,4c9f5934-7014-4f10-bacb-758d02cd6584,8b6bb4a3-2bd0-4221-a4d7-9641c24b0681.rna_seq.augmented_star_gene_counts.tsv,4c9f5934-7014-4f10-bacb-758d02cd6584
TCGA-LIHC,3319fcfb-a070-403e-bb86-cfd0d6da68e6,TCGA-CC-A3M9,7d22b54a-47ae-49de-bc78-909ac1bf4c63,84e50732-46c9-46c4-9619-1bb14f5205ae.rna_seq.augmented_star_gene_counts.tsv,7d22b54a-47ae-49de-bc78-909ac1bf4c63
TCGA-LIHC,49b874c4-a313-4678-ab43-3e4fa8bf97b7,TCGA-DD-AADI,5a0d958d-f9c1-41ef-93cc-bfffb8df1f1b,5935a99a-35f6-49b8-a1b1-401f17c8ec0e.rna_seq.augmented_star_gene_counts.tsv,5a0d958d-f9c1-41ef-93cc-bfffb8df1f1b
TCGA-LIHC,dff1bb71-01ee-480e-83c9-98abafe60d2e,TCGA-DD-AADO,86170815-fb54-494b-95e7-4657946f2d17,81d97d2b-4f2a-4f50-b37b-7ca91a1d19e9.rna_seq.augmented_star_gene_counts.tsv,86170815-fb54-494b-95e7-4657946f2d17
TCGA-LIHC,efa9f768-cc58-4ce4-a47a-ed598797adc8,TCGA-CC-5263,71eec830-b5e6-4a18-8b28-c8961fef01c9,79c7fd6b-6178-4857-815f-84e0286cb439.rna_seq.augmented_star_gene_counts.tsv,71eec830-b5e6-4a18-8b28-c8961fef01c9
TCGA-LIHC,db785f76-45d8-49b5-af40-57b01eebcc1b,TCGA-MI-A75C,d3fff383-01ff-4a06-9b7c-7f3542e5f24b,8f9e712f-e4e8-44b2-96be-fa87b630428c.rna_seq.augmented_star_gene_counts.tsv,d3fff383-01ff-4a06-9b7c-7f3542e5f24b
TCGA-LIHC,4282039e-396b-44d8-b4ec-ac14c46ddef6,TCGA-DD-A4ND,3a826c9e-9966-4bbf-8ddb-e34f3c71381f,2cdf0703-60ea-4ffb-aa2f-808a40d4815a.rna_seq.augmented_star_gene_counts.tsv,3a826c9e-9966-4bbf-8ddb-e34f3c71381f
TCGA-LIHC,f268bd70-c419-4c38-8513-787aae53f337,TCGA-CC-A9FV,32168e04-7f7d-4be9-9e68-cd6d04bcebd6,85f6b345-ab15-4095-9686-b434221b66e6.rna_seq.augmented_star_gene_counts.tsv,32168e04-7f7d-4be9-9e68-cd6d04bcebd6
TCGA-LIHC,c8ffe03a-62c3-4b47-9dea-cb3377f59abb,TCGA-BW-A5NQ,8956b891-ff72-4207-a509-866e7bb62cce,1a7e9700-1994-4624-bfe9-e94f33ee3989.rna_seq.augmented_star_gene_counts.tsv,8956b891-ff72-4207-a509-866e7bb62cce
TCGA-LIHC,44c98b82-adcb-4597-a9db-83e7d2a0e2f9,TCGA-DD-A1EH,67078084-0785-4601-993d-b76631d58a88,a0a44a0c-be1a-4cfe-a305-9ce2d4cee68d.rna_seq.augmented_star_gene_counts.tsv,67078084-0785-4601-993d-b76631d58a88
TCGA-LIHC,cbdaac78-7866-47b0-bbde-62e1b84b96d7,TCGA-ED-A7XP,9055c145-8bca-4056-b43e-7899539333f6,77005fc3-4d4e-419e-93b1-9dfe6999f587.rna_seq.augmented_star_gene_counts.tsv,9055c145-8bca-4056-b43e-7899539333f6
TCGA-LIHC,10eb3f76-4d00-4b1d-8697-ee5306f2cc8e,TCGA-2Y-A9H2,9a37d6a0-6635-4746-928e-78e0d92fd060,00be7d10-fd2d-4483-a712-72f24846610f.rna_seq.augmented_star_gene_counts.tsv,9a37d6a0-6635-4746-928e-78e0d92fd060
TCGA-LIHC,9ae951fb-97e7-42d2-bb74-a490e22583ee,TCGA-CC-A7IK,e9c3fdc0-ea70-491c-8370-c86f37ff815f,1b8a76cc-0a8b-422b-901e-2c1a45fb9486.rna_seq.augmented_star_gene_counts.tsv,e9c3fdc0-ea70-491c-8370-c86f37ff815f
TCGA-LIHC,40f9f3b1-545d-4743-912c-9c92aac5f396,TCGA-CC-A7IH,ac431eeb-97c7-4c44-aabe-350bda67d59d,7e019662-154e-4eca-b85c-ac01411fabea.rna_seq.augmented_star_gene_counts.tsv,ac431eeb-97c7-4c44-aabe-350bda67d59d
TCGA-LIHC,8566dfb0-570b-4540-b4cd-eaec48cc27fd,TCGA-DD-AADU,79a6beab-c0ad-41b1-b264-e8869e284b26,7f812fa1-53dc-4ebe-97b3-9b633af148ce.rna_seq.augmented_star_gene_counts.tsv,79a6beab-c0ad-41b1-b264-e8869e284b26
TCGA-LIHC,cb3afdac-4a19-4d95-bd96-42a1fa5be795,TCGA-2Y-A9GV,e86ffb5d-3328-48f1-8311-bfba3d21c85d,129a524f-97d3-4433-a63d-18e807af3f04.rna_seq.augmented_star_gene_counts.tsv,e86ffb5d-3328-48f1-8311-bfba3d21c85d
TCGA-LIHC,4b868f02-7246-49b7-b0bb-4efdded82daa,TCGA-5R-AA1D,9ebb875a-484b-4b77-aa66-2f727cb3eb7a,26be3fb3-4d31-4707-8af2-e21220262bb3.rna_seq.augmented_star_gene_counts.tsv,9ebb875a-484b-4b77-aa66-2f727cb3eb7a
TCGA-LIHC,a0096af4-abd3-4f6e-a6ac-2cf2e57c7bd9,TCGA-FV-A2QQ,b01c07c1-bb94-41fe-8bab-f00b40105709,ec3aac56-028a-4869-8d68-019a58774640.rna_seq.augmented_star_gene_counts.tsv,b01c07c1-bb94-41fe-8bab-f00b40105709
TCGA-LIHC,85bf24dd-ed33-4b46-9739-1994ae3a2c91,TCGA-CC-A7IF,8336ea51-7b0f-4fc5-b684-94c03d640da9,46622c50-de5b-4dde-a9c7-386d571817d8.rna_seq.augmented_star_gene_counts.tsv,8336ea51-7b0f-4fc5-b684-94c03d640da9
TCGA-LIHC,d4fcbd8f-0b83-4b9d-ac2c-ce8c47412cc3,TCGA-DD-A73E,03e3e614-324f-4471-89fc-6b134605f364,07ba0ffd-9a39-498d-b289-a8896d1c3caf.rna_seq.augmented_star_gene_counts.tsv,03e3e614-324f-4471-89fc-6b134605f364
TCGA-BRCA,a31dec9b-3626-4cb0-8265-1425d5ce1c1e,TCGA-5L-AAT1,2d5b0962-b5c4-4482-9f28-47e4dcdb6df6,602e3d24-a45d-4fe4-9b70-a679d93f470d.rna_seq.augmented_star_gene_counts.tsv,2d5b0962-b5c4-4482-9f28-47e4dcdb6df6
TCGA-BRCA,f5675b71-ed1b-4fdb-be07-d627dc98ed88,TCGA-AQ-A0Y5,c2515ef2-5cfc-4cc2-9541-ae072616d361,f8ff90c6-3554-4e19-ae56-18f30f51f9b5.rna_seq.augmented_star_gene_counts.tsv,c2515ef2-5cfc-4cc2-9541-ae072616d361
TCGA-BRCA,0d2e50fa-daef-45a3-97b2-5d71ab03cfbf,TCGA-A8-A07I,61647238-a8c4-4156-af15-c32947983cfd,4c6cb929-293d-452e-b7f8-d535b48cf073.rna_seq.augmented_star_gene_counts.tsv,61647238-a8c4-4156-af15-c32947983cfd
TCGA-BRCA,ea78a749-5aee-44e6-9592-b2e20eeb7ff9,TCGA-E9-A1R4,488399aa-ef3c-42d7-817f-9db11b9902dd,a8e0466b-d106-44b7-b846-c4fb666715f5.rna_seq.augmented_star_gene_counts.tsv,488399aa-ef3c-42d7-817f-9db11b9902dd
TCGA-BRCA,c32e8a89-bc6b-4e8a-8719-4509412b5729,TCGA-AC-A8OP,3d0b3b80-92ae-44dc-89fc-2ead925b81a2,eb44c266-8b8f-4012-ad67-f4ac40698391.rna_seq.augmented_star_gene_counts.tsv,3d0b3b80-92ae-44dc-89fc-2ead925b81a2
TCGA-BRCA,9ff22b6b-ec23-41f5-a887-a59da1639858,TCGA-AR-A24Q,5cce30f3-99ae-4959-987a-0d280dc2ec44,2dd0b954-db3e-402d-9c06-6160e199dedb.rna_seq.augmented_star_gene_counts.tsv,5cce30f3-99ae-4959-987a-0d280dc2ec44
TCGA-BRCA,4fbe5e67-d18a-48d5-bd88-19a2f4c01c8d,TCGA-D8-A1XU,ddeb1445-08ae-441c-9f2a-4647df1b4ed6,5cc4350c-416e-4f2c-be73-12af68ad1ee4.rna_seq.augmented_star_gene_counts.tsv,ddeb1445-08ae-441c-9f2a-4647df1b4ed6
TCGA-BRCA,06b3e3ca-24b9-4e19-9e59-b51cc6d6735b,TCGA-AO-A03N,5c0579f7-6184-4afa-805c-7aeec4a4c5d2,7c9a2493-5667-48ec-8998-81e13722b4ab.rna_seq.augmented_star_gene_counts.tsv,5c0579f7-6184-4afa-805c-7aeec4a4c5d2
TCGA-BRCA,62d2a36e-feb1-4084-8111-7ea38a4e3049,TCGA-A1-A0SN,9c00a43c-1da0-4e3b-b7e2-54a48d29ecae,c2e73efe-8112-48fc-9dbd-29b4b5b89ad0.rna_seq.augmented_star_gene_counts.tsv,9c00a43c-1da0-4e3b-b7e2-54a48d29ecae
TCGA-BRCA,bdc13064-e554-4a1e-9037-03187bcb3507,TCGA-D8-A1JP,6ce774a5-2636-4a01-ab6e-737f89a4bd4f,28f1b708-bd3c-4ae7-935f-3282f75304a7.rna_seq.augmented_star_gene_counts.tsv,6ce774a5-2636-4a01-ab6e-737f89a4bd4f
TCGA-BRCA,e5053de2-2a3b-4559-a166-35df5386d644,TCGA-D8-A1XL,fed0a382-2eee-4acc-af00-53a9fdcd2a61,2c1b1cbb-6e9f-4416-8faa-abb31d6b4e0e.rna_seq.augmented_star_gene_counts.tsv,fed0a382-2eee-4acc-af00-53a9fdcd2a61
TCGA-BRCA,a6b12e25-7b2d-460c-876f-02a75a82d7d2,TCGA-B6-A1KI,80d565a0-59f6-409e-8850-5d4e2b5b996d,9da89066-8d82-4ace-80e1-889d3c73c8eb.rna_seq.augmented_star_gene_counts.tsv,80d565a0-59f6-409e-8850-5d4e2b5b996d
TCGA-BRCA,6b1c8010-d4fe-40e7-8e09-7a7dbdde6616,TCGA-B6-A0IP,263123b0-ec68-47cd-96dd-4f0795503d89,fb49b14e-d40f-4270-98b3-458ce60f2cde.rna_seq.augmented_star_gene_counts.tsv,263123b0-ec68-47cd-96dd-4f0795503d89
TCGA-BRCA,74f23f3b-989c-441b-8715-505378d175e3,TCGA-B6-A0IM,f205f47f-bd57-42bf-a702-4a17d4391411,3f32cdec-5a60-4147-b313-7c9a9dfefc78.rna_seq.augmented_star_gene_counts.tsv,f205f47f-bd57-42bf-a702-4a17d4391411
TCGA-BRCA,f66358d4-9319-4c23-983d-ab5056daacf1,TCGA-A1-A0SB,0e0df72c-33c0-4e4f-939c-a4d45a6e1ea3,36125e17-48fd-4eea-874c-ed2e2e218402.rna_seq.augmented_star_gene_counts.tsv,0e0df72c-33c0-4e4f-939c-a4d45a6e1ea3
TCGA-BRCA,1964addf-c524-4c72-b596-009235bad133,TCGA-A8-A08B,111b2865-e7dc-45c9-b206-20b5713714bc,6798cbfe-7aca-4f33-b4fc-162bf579a303.rna_seq.augmented_star_gene_counts.tsv,111b2865-e7dc-45c9-b206-20b5713714bc
TCGA-BRCA,439d2ec5-1059-4556-b886-60b42b6db1d7,TCGA-AN-A0FD,9a1c9a5a-7b3f-463b-bc9c-e06107b2aeb7,ecdac97e-eec5-4753-a572-8aff707178e5.rna_seq.augmented_star_gene_counts.tsv,9a1c9a5a-7b3f-463b-bc9c-e06107b2aeb7
TCGA-BRCA,e355913a-6e4c-4d63-8a53-8be4c5b003b8,TCGA-3C-AALJ,931442ba-af81-4b68-beca-7285fc44b1df,f2dda955-5a39-43c1-93a2-83953b2b91d1.rna_seq.augmented_star_gene_counts.tsv,931442ba-af81-4b68-beca-7285fc44b1df
TCGA-BRCA,2bd0e061-f49d-4f0c-a76d-1a647860e0d0,TCGA-AC-A4ZE,eff9c23b-fc85-403c-8e88-86b4def8ced1,e7c2b898-cd11-42a1-b309-b4de1ab01965.rna_seq.augmented_star_gene_counts.tsv,eff9c23b-fc85-403c-8e88-86b4def8ced1
TCGA-BRCA,2f4d3cea-30c8-4cf0-a610-33b3e20241e8,TCGA-AO-A124,a63cca36-139d-4054-9d99-9b04ddae7ec2,3d05d072-d042-4c02-aaf6-ee2e589003d6.rna_seq.augmented_star_gene_counts.tsv,a63cca36-139d-4054-9d99-9b04ddae7ec2
TCGA-BRCA,5754d368-87b9-40e5-9a56-bd48ad9a80e3,TCGA-AR-A24M,5645320f-820e-45b7-b4cf-ea05085f53e3,bb06ad3a-4d73-4f88-8f3c-954dce2b38ef.rna_seq.augmented_star_gene_counts.tsv,5645320f-820e-45b7-b4cf-ea05085f53e3
TCGA-BRCA,0f0cca8e-770c-45df-a6cc-466cc9328637,TCGA-E9-A22A,f9432d83-a322-4f5b-9c45-7dad736005a4,c1f95e8e-aaaa-4090-8f64-c619aa543d1b.rna_seq.augmented_star_gene_counts.tsv,f9432d83-a322-4f5b-9c45-7dad736005a4
TCGA-BRCA,55906ee0-a385-4ec9-8515-90ab613eca35,TCGA-BH-A0BZ,3d075fc4-5a01-47ce-bef0-a77acf71061d,707fad7d-f284-456a-abfa-17289b40579f.rna_seq.augmented_star_gene_counts.tsv,3d075fc4-5a01-47ce-bef0-a77acf71061d
TCGA-BRCA,f411d1ba-697f-4759-afb1-89eaa56e6da7,TCGA-A8-A07F,fc0e74d2-ab94-48b1-8e31-808bde7a3fe6,3f3b6a7b-94f0-40a3-9f16-32bab2854678.rna_seq.augmented_star_gene_counts.tsv,fc0e74d2-ab94-48b1-8e31-808bde7a3fe6
TCGA-BRCA,1940c04b-a08a-4cce-9915-483656d5b4c3,TCGA-B6-A0WT,7ff8696e-3809-4b96-9259-be654631d952,db01aba1-3a00-4bf9-9f24-8fba144144f3.rna_seq.augmented_star_gene_counts.tsv,7ff8696e-3809-4b96-9259-be654631d952
TCGA-BRCA,d9de9f71-2b39-4d21-9c93-8e199080c011,TCGA-C8-A12Y,73edea85-f978-4c99-b9c3-fda3ffc6a065,f8efdeb0-a8f8-4e2d-a52e-43d033e4ce6f.rna_seq.augmented_star_gene_counts.tsv,73edea85-f978-4c99-b9c3-fda3ffc6a065
TCGA-BRCA,d78ecfd3-1a99-47e6-bb5f-a13c57148a76,TCGA-AN-A0FF,c00ad8a9-ed1d-4289-aa62-3e64cb574205,b47b2efb-02e1-4729-95ad-de05fb551bc7.rna_seq.augmented_star_gene_counts.tsv,c00ad8a9-ed1d-4289-aa62-3e64cb574205
TCGA-BRCA,5cd62b0e-902e-492c-843d-5d8aa6964dc5,TCGA-BH-A1F5,d657ed9a-fd92-493c-ae10-120c8b0c58d7,57730033-1db5-4e48-81ff-b6ee4f3c0ab4.rna_seq.augmented_star_gene_counts.tsv,d657ed9a-fd92-493c-ae10-120c8b0c58d7
TCGA-BRCA,4c6bdfb2-3438-4216-b76d-d87c386bfa96,TCGA-D8-A1Y2,d5586fdb-d796-4176-84e3-11a72124b41f,f7efa9c4-e7e2-406a-98e5-596f787c810e.rna_seq.augmented_star_gene_counts.tsv,d5586fdb-d796-4176-84e3-11a72124b41f
TCGA-BRCA,930b82a6-a039-4f8f-8487-b0abb4fe7aba,TCGA-BH-A0B6,81801e72-d293-42e0-8871-5468e33b6d89,08ccd8d6-3e9d-4ece-a421-98acaf272569.rna_seq.augmented_star_gene_counts.tsv,81801e72-d293-42e0-8871-5468e33b6d89
TCGA-BRCA,7b2cc917-cd91-486b-bb9b-4c57cf4e86e0,TCGA-A8-A093,56be281f-e85c-4dcb-9d75-cd9ae3430bbe,92e7a9c0-ea88-419e-9afa-e7db5c8967b5.rna_seq.augmented_star_gene_counts.tsv,56be281f-e85c-4dcb-9d75-cd9ae3430bbe
TCGA-BRCA,1cb37b69-c0a9-4b5c-baf5-4107d0e029ad,TCGA-E2-A1B1,0e62a6d0-87a7-4efc-922f-753328694458,c5d4a1ed-8fd3-4435-96f5-ea5e56326f20.rna_seq.augmented_star_gene_counts.tsv,0e62a6d0-87a7-4efc-922f-753328694458
TCGA-BRCA,f9029956-e7fb-447a-9b6a-ea3dd2acadf4,TCGA-AR-A255,be65c37e-7aa8-466d-a1fe-102e8e25e2e9,35120b68-e618-46a1-9641-1e635f633372.rna_seq.augmented_star_gene_counts.tsv,be65c37e-7aa8-466d-a1fe-102e8e25e2e9
TCGA-BRCA,7daa9124-2878-4708-ae74-28b17ef4898c,TCGA-B6-A0WX,f2a4b38d-bfc0-4363-9a58-b5fa2af26ff3,4665ff5e-adb6-4b88-8a42-cb25c4fda0a0.rna_seq.augmented_star_gene_counts.tsv,f2a4b38d-bfc0-4363-9a58-b5fa2af26ff3
TCGA-BRCA,2556d93d-9252-4248-a044-91deaa7f02df,TCGA-EW-A1J2,71ea0cc0-d979-4efd-a670-1e8e8a329aca,0394cdb2-85e8-4cea-b572-4cb4ed779774.rna_seq.augmented_star_gene_counts.tsv,71ea0cc0-d979-4efd-a670-1e8e8a329aca
TCGA-BRCA,c0c04ba3-7fdf-47f3-8750-a487639a76df,TCGA-A1-A0SP,222b562a-3ef7-4e69-a60d-54aac5104102,e0527b4b-de23-4b9f-8871-13f64f6976cd.rna_seq.augmented_star_gene_counts.tsv,222b562a-3ef7-4e69-a60d-54aac5104102
TCGA-BRCA,7e598a8a-9fb8-4c2d-94e7-ae1921addcd1,TCGA-BH-A1F8,3ce988e2-61c5-4f53-b9c8-cfc280649c1f,8d2f240f-43c3-4e0d-a6cc-79f6b174dace.rna_seq.augmented_star_gene_counts.tsv,3ce988e2-61c5-4f53-b9c8-cfc280649c1f
TCGA-BRCA,96e71b7b-d32b-48bc-858d-20f7c8b7812d,TCGA-AC-A3HN,2e6baa15-85d7-43b0-8a89-a0dc169ae16a,c62cda08-6134-47c6-8796-9da0788d9717.rna_seq.augmented_star_gene_counts.tsv,2e6baa15-85d7-43b0-8a89-a0dc169ae16a
TCGA-BRCA,c2300b5b-43a7-43b8-8cd1-22ff7e89a21a,TCGA-B6-A0RT,08b0fe4c-ee3c-4510-b75a-6d240cb038cc,e5bcd6f9-680e-4d57-81f3-c8e6b40bb2af.rna_seq.augmented_star_gene_counts.tsv,08b0fe4c-ee3c-4510-b75a-6d240cb038cc
TCGA-BRCA,3de1ba17-00fc-462f-92a4-096e8112fd89,TCGA-A8-A08P,dbe79158-b616-4c7b-94d7-5f127b3013ff,2dc9eaca-6dfc-4e7f-a12b-1495986e1ad4.rna_seq.augmented_star_gene_counts.tsv,dbe79158-b616-4c7b-94d7-5f127b3013ff
TCGA-BRCA,c837bc65-d01d-4539-a5d4-6d9871b3bba4,TCGA-BH-A0HN,a436c52a-e63f-4d61-bc60-eb497c196489,ff0feb3e-6d14-4297-ac23-1eb397663ec3.rna_seq.augmented_star_gene_counts.tsv,a436c52a-e63f-4d61-bc60-eb497c196489
TCGA-BRCA,93a3fc8a-1b50-4da3-9dbb-cf9f582fc22e,TCGA-BH-A0H0,e4086c26-d200-4e42-8249-ed8cbeec0951,99d31369-3db2-4631-bc62-1aa6927476ad.rna_seq.augmented_star_gene_counts.tsv,e4086c26-d200-4e42-8249-ed8cbeec0951
TCGA-BRCA,50233285-5aef-412a-a225-3ed14eaa69d8,TCGA-BH-A18T,08837ae7-6f4f-4aa1-8722-7c404b66ed75,828c9648-f725-4d7e-ad37-e33692e2c67f.rna_seq.augmented_star_gene_counts.tsv,08837ae7-6f4f-4aa1-8722-7c404b66ed75
TCGA-BRCA,4a7c76a9-c3a2-4b57-a57a-de055152dcf8,TCGA-BH-A0H9,ad4b2d76-b4bb-457d-903f-823630a4d37b,0940092b-46da-4975-bde7-f205fe12707b.rna_seq.augmented_star_gene_counts.tsv,ad4b2d76-b4bb-457d-903f-823630a4d37b
TCGA-BRCA,2b795cb0-4f14-4312-b96b-4adfbf9f4124,TCGA-E2-A14S,1f9a9190-4157-457e-9794-a9217d2aa2f8,cf4160bb-9ef4-43c1-ac83-f6ca897101ee.rna_seq.augmented_star_gene_counts.tsv,1f9a9190-4157-457e-9794-a9217d2aa2f8
TCGA-BRCA,f0cf4acd-6b09-4538-b58c-e86c623b6c71,TCGA-A7-A26G,cd417f4e-c065-4e73-a7c7-955b2fe71add,d05914c2-e76a-4050-b0bf-db3a08c1892e.rna_seq.augmented_star_gene_counts.tsv,cd417f4e-c065-4e73-a7c7-955b2fe71add
TCGA-BRCA,ad431126-be1f-483f-9333-fa30b2354f43,TCGA-W8-A86G,90cb5f76-ec86-4532-8352-e6622ef24980,01900aab-4c12-4198-b41f-ff638e5abe3b.rna_seq.augmented_star_gene_counts.tsv,90cb5f76-ec86-4532-8352-e6622ef24980
TCGA-BRCA,5ac66414-2c9e-45d0-837a-f620898a86e0,TCGA-B6-A0IH,c71bfebf-e152-4706-bd72-07103f936a85,b35a11fb-548c-4b6c-99e7-c4114be6411a.rna_seq.augmented_star_gene_counts.tsv,c71bfebf-e152-4706-bd72-07103f936a85
TCGA-BRCA,cc3a7053-34f6-412f-85b8-de4c8b481d7e,TCGA-E2-A574,ef227e3c-7a6d-4c43-945f-c1c7b410d50b,dbb2f12c-e200-412a-9023-0126d6d69a52.rna_seq.augmented_star_gene_counts.tsv,ef227e3c-7a6d-4c43-945f-c1c7b410d50b
TCGA-BRCA,6bfd7e43-77e4-4666-9b28-c5d4cdcd6ad7,TCGA-A1-A0SG,76367cee-b571-49e5-8121-9e69f906c230,370e6381-c31a-475b-b2c7-2c5de9e2c8ec.rna_seq.augmented_star_gene_counts.tsv,76367cee-b571-49e5-8121-9e69f906c230
TCGA-BRCA,0c8df249-80de-4675-93e5-d06ad8ea3001,TCGA-AO-A0J9,537ec810-35bc-47d8-8242-72ef91cd63e0,3ee530ee-274d-44de-9793-a75433ddf938.rna_seq.augmented_star_gene_counts.tsv,537ec810-35bc-47d8-8242-72ef91cd63e0
TCGA-BRCA,401d075c-d443-4592-8c03-e675caad2b50,TCGA-A2-A3KD,5599b7dd-7c2a-4037-ad77-11a0b4ddcb54,6cbfdf8b-fd71-4b6a-b360-1573ee5241a1.rna_seq.augmented_star_gene_counts.tsv,5599b7dd-7c2a-4037-ad77-11a0b4ddcb54
TCGA-BRCA,ca263104-9c70-4b9f-95d1-7a886587eebd,TCGA-C8-A1HK,2040d4e4-0ecb-4081-9478-9d2707833a1b,10376443-40df-451a-91e5-6be34850558c.rna_seq.augmented_star_gene_counts.tsv,2040d4e4-0ecb-4081-9478-9d2707833a1b
TCGA-BRCA,bf055644-7bca-43b6-8f5a-e21c42f7cf88,TCGA-EW-A1P8,c15e9ead-0373-486e-a99b-26b96bd3ccc4,27c65ed6-9e9d-4a9d-9b6f-76d2a12f7699.rna_seq.augmented_star_gene_counts.tsv,c15e9ead-0373-486e-a99b-26b96bd3ccc4
TCGA-BRCA,481cdbff-1f84-4508-ad9f-21a61009d68a,TCGA-BH-A0B4,280141da-fd54-4901-bc15-5d106c56fb23,aad82145-5742-4ef6-9de3-2c57e84642fc.rna_seq.augmented_star_gene_counts.tsv,280141da-fd54-4901-bc15-5d106c56fb23
TCGA-BRCA,79af2c1a-1da2-4207-8ce8-b5d3d418066d,TCGA-AO-A03M,81f86e31-55db-4483-b6e0-55451ffbd1db,a31cd337-8f1a-451d-9b90-b722590d3105.rna_seq.augmented_star_gene_counts.tsv,81f86e31-55db-4483-b6e0-55451ffbd1db
TCGA-BRCA,b22a4adb-8d8a-490a-a6f4-cc091b41f56f,TCGA-EW-A424,845def46-3502-40a8-aff1-8d021906cee5,4abffa72-e45a-405a-b53b-73900d48253d.rna_seq.augmented_star_gene_counts.tsv,845def46-3502-40a8-aff1-8d021906cee5
TCGA-BRCA,e11dab7d-dc9c-416c-8200-ebdf8a64e3ea,TCGA-BH-A0BL,8a7fe670-bcef-4fcb-9759-9892ff5f4f61,a7428d3b-f84b-4c2f-a996-14a11af6b6df.rna_seq.augmented_star_gene_counts.tsv,8a7fe670-bcef-4fcb-9759-9892ff5f4f61
TCGA-BRCA,1142b1cf-ebf3-485b-aae2-dcf4d8793212,TCGA-BH-A0GZ,1c74a1ed-8000-4dc0-970f-03831ca5e167,9935bf3a-de25-401c-bf1b-5225a62b24f7.rna_seq.augmented_star_gene_counts.tsv,1c74a1ed-8000-4dc0-970f-03831ca5e167
TCGA-BRCA,8867f07e-0993-4c9a-96df-18e24801ba80,TCGA-C8-A12Q,2faa9332-e577-4884-94e4-b895827db8b6,8b5be676-9118-4038-9d54-6b80b14e43dc.rna_seq.augmented_star_gene_counts.tsv,2faa9332-e577-4884-94e4-b895827db8b6
TCGA-BRCA,be694dea-a16a-4841-9588-89bba1b37dc6,TCGA-D8-A27I,0c0ddcd7-8b4c-4489-b642-e48c4ab4602a,d1ad6c3b-4e2a-40cd-b3e6-098b845d59cb.rna_seq.augmented_star_gene_counts.tsv,0c0ddcd7-8b4c-4489-b642-e48c4ab4602a
TCGA-BRCA,4dda3f93-216c-41d5-b1c0-85ee571d7759,TCGA-EW-A6S9,ca6e4602-bcd4-4299-bd31-37f585658b8a,1c3dbd2f-1c07-48cb-a844-0b1b3eb14e0d.rna_seq.augmented_star_gene_counts.tsv,ca6e4602-bcd4-4299-bd31-37f585658b8a
TCGA-BRCA,c7f97f19-47ae-48d3-a90a-0162d3975747,TCGA-AR-A24H,f2bf29d2-4c33-4810-90e8-88f37ea47bc8,139b1f70-02f6-4f5e-84b3-81d3677b3f8c.rna_seq.augmented_star_gene_counts.tsv,f2bf29d2-4c33-4810-90e8-88f37ea47bc8
TCGA-BRCA,1422b157-eec7-460e-96c8-9121847d283b,TCGA-XX-A89A,e25bb12b-f88b-41c5-951e-a36d4b94008f,73e13f2d-a557-47f2-85e2-7bb8e3a48ef9.rna_seq.augmented_star_gene_counts.tsv,e25bb12b-f88b-41c5-951e-a36d4b94008f
TCGA-BRCA,ece822af-ea84-419b-99f1-6ce53e4c1e8a,TCGA-E9-A5UO,71175258-a00a-4035-8f33-eb48bf04066f,c98940e5-aff4-4eec-9cd7-708584356a5f.rna_seq.augmented_star_gene_counts.tsv,71175258-a00a-4035-8f33-eb48bf04066f
TCGA-BRCA,3b999df5-526b-4270-a29d-a627eb64c727,TCGA-BH-A18G,ff1f2f31-8607-4627-b487-c5e39e7c30f5,deb7967f-9339-4bb1-ae0b-81a72a472bba.rna_seq.augmented_star_gene_counts.tsv,ff1f2f31-8607-4627-b487-c5e39e7c30f5
TCGA-BRCA,26f9a1ab-fa60-47f3-ac29-96acaa68fb4a,TCGA-E2-A1LB,63454d5d-a654-4be0-b812-dd5c98d07ea1,c63e3277-327a-4259-84f2-13d9a2c2d68a.rna_seq.augmented_star_gene_counts.tsv,63454d5d-a654-4be0-b812-dd5c98d07ea1
TCGA-BRCA,81bebbeb-bdb8-43f4-8113-b8f53425b725,TCGA-B6-A0IC,e2a43c17-8973-49bc-a1f3-30afa26ef5f1,4ac28e68-1f0c-4e95-bdb3-4afc7dcfc34c.rna_seq.augmented_star_gene_counts.tsv,e2a43c17-8973-49bc-a1f3-30afa26ef5f1
TCGA-BRCA,0ac12a02-8fe3-4c1b-a885-848aa924a339,TCGA-E2-A15S,064215bd-9ec9-4a16-8ea2-9c6604156398,af83a9af-a11f-4c29-a61f-8f0d2b5868c1.rna_seq.augmented_star_gene_counts.tsv,064215bd-9ec9-4a16-8ea2-9c6604156398
TCGA-BRCA,a172db3e-b6d5-4153-adec-9e772d6c1971,TCGA-GM-A3XG,fc1ea7f7-814a-43c5-a841-fb0c11734603,10ce58cf-c9ee-4be2-899d-4c20c788effc.rna_seq.augmented_star_gene_counts.tsv,fc1ea7f7-814a-43c5-a841-fb0c11734603
TCGA-BRCA,d79df987-e362-43f5-acbd-b19522bace7d,TCGA-AR-A24S,2abc5233-1389-4efb-ba21-de05251ab25a,b31c9e1c-be79-4264-81a3-40b67f1f0bde.rna_seq.augmented_star_gene_counts.tsv,2abc5233-1389-4efb-ba21-de05251ab25a
TCGA-BRCA,93ce6743-424b-4a1e-8748-e11756399b2b,TCGA-Z7-A8R5,ee447251-5c90-426f-a0c7-bd2041189761,06a03e45-7315-4a8d-9fef-d841a4a8043c.rna_seq.augmented_star_gene_counts.tsv,ee447251-5c90-426f-a0c7-bd2041189761
TCGA-BRCA,4ab470ca-b87c-448e-b4c6-48db22e39a39,TCGA-C8-A12X,9684fb22-becb-44dc-8d84-4c8540507c8c,13295142-1853-417f-a798-60c41fd90166.rna_seq.augmented_star_gene_counts.tsv,9684fb22-becb-44dc-8d84-4c8540507c8c
TCGA-BRCA,7bd968be-14ae-4a63-96d5-814d16072818,TCGA-A8-A07U,ad67e3a9-1751-4e6f-a962-2175f824f96d,68503654-dd77-48f1-abab-aca55258dca4.rna_seq.augmented_star_gene_counts.tsv,ad67e3a9-1751-4e6f-a962-2175f824f96d
TCGA-BRCA,bf0f55ac-2f35-4f8b-a1d9-c4e283fc7365,TCGA-A2-A0EV,75d5bcb2-3055-4b6a-822c-1aa37a9f1337,b8542fa9-5521-48bc-ae1b-4e12a1744e0d.rna_seq.augmented_star_gene_counts.tsv,75d5bcb2-3055-4b6a-822c-1aa37a9f1337
TCGA-BRCA,ea0b870f-324e-4d12-be78-1737ef7f80b5,TCGA-C8-A12T,befa225f-9fe9-412f-a503-449874cf52d8,9fb65d01-d51d-4cbb-99f3-a09f5d6c206b.rna_seq.augmented_star_gene_counts.tsv,befa225f-9fe9-412f-a503-449874cf52d8
TCGA-BRCA,5c703f38-38a5-4543-a964-88cf1d5ba2f1,TCGA-A2-A0ER,92fc6274-1d0f-4e1c-a124-9e5135753d99,52df14ea-5feb-481a-855e-0a6176744a73.rna_seq.augmented_star_gene_counts.tsv,92fc6274-1d0f-4e1c-a124-9e5135753d99
TCGA-BRCA,f549267b-0932-45f0-b7e6-c4a42cac50c8,TCGA-A2-A0YI,6d488c27-ae90-41d4-8ddb-01a8eb731f0e,619785ac-0041-4b26-a887-d8ca021eaab1.rna_seq.augmented_star_gene_counts.tsv,6d488c27-ae90-41d4-8ddb-01a8eb731f0e
TCGA-BRCA,4068463b-8568-4bdb-8db0-19390ec0c7f8,TCGA-D8-A1XA,26415014-f0fe-4b7c-b9dc-2a6f85d47a5e,231b4ae3-8543-47f4-a9f6-0ac26210b26d.rna_seq.augmented_star_gene_counts.tsv,26415014-f0fe-4b7c-b9dc-2a6f85d47a5e
TCGA-BRCA,72439e36-3c17-4a90-b3e1-8f6ccfd3dcd4,TCGA-A2-A0D2,64bfe46f-8152-4c70-b69d-ea412a4dfcff,b25117ce-5a14-4b43-bbfe-513b957464d0.rna_seq.augmented_star_gene_counts.tsv,64bfe46f-8152-4c70-b69d-ea412a4dfcff
TCGA-BRCA,caa51a8b-eadc-4d87-b0f8-f6ffc17723b5,TCGA-E2-A14N,0648c6fc-df6d-450a-a5a0-e5655febbdf1,f532a6be-de3e-420c-960a-23627589e7ad.rna_seq.augmented_star_gene_counts.tsv,0648c6fc-df6d-450a-a5a0-e5655febbdf1
TCGA-BRCA,7cd3890a-bac7-42d0-a615-4b0f862200b8,TCGA-A2-A04Y,59980021-265a-4817-b7ea-02908a52cbcb,2973fc8f-d20c-4cf3-b183-2ac32df73ae7.rna_seq.augmented_star_gene_counts.tsv,59980021-265a-4817-b7ea-02908a52cbcb
TCGA-BRCA,4584c7e2-8011-4231-a5e6-26a264f6d1b1,TCGA-D8-A1JA,4c9005a5-2cca-4cc3-9a6d-09eb76d780ab,fb9c23f2-8694-41ca-a126-a5a131abeac1.rna_seq.augmented_star_gene_counts.tsv,4c9005a5-2cca-4cc3-9a6d-09eb76d780ab
TCGA-BRCA,91202959-0b44-43ba-961c-58c9de842d76,TCGA-E9-A24A,b6bbcd01-c1a3-42b8-afe7-c17b987903b0,a3624554-07c8-41d7-9b6b-f4cbf9de9301.rna_seq.augmented_star_gene_counts.tsv,b6bbcd01-c1a3-42b8-afe7-c17b987903b0
TCGA-BRCA,cb389c7a-50d4-4f2d-9c5c-c1fff17e442a,TCGA-PL-A8LY,1a4e1855-911d-4eb4-bc77-547bc3b8e063,ce76e826-0792-4dec-ace7-7efa3bb8db94.rna_seq.augmented_star_gene_counts.tsv,1a4e1855-911d-4eb4-bc77-547bc3b8e063
TCGA-BRCA,f7622b8a-b57c-42f0-bad1-c85edd41f034,TCGA-BH-A18I,3690d431-165d-40bb-af61-cfda445b3be8,0e8857f9-6f8b-46c5-a019-9c69bdc50525.rna_seq.augmented_star_gene_counts.tsv,3690d431-165d-40bb-af61-cfda445b3be8
TCGA-BRCA,cec6ad5e-a8d3-43cd-8a74-2199899f2422,TCGA-AR-A5QM,cba08218-0a7b-4425-8776-b240fac9b6cf,fd71e0e9-e77a-465b-b118-b1f9665d5797.rna_seq.augmented_star_gene_counts.tsv,cba08218-0a7b-4425-8776-b240fac9b6cf
TCGA-BRCA,633ef184-2257-4cbd-90e8-64e92d91abb2,TCGA-D8-A1XO,0019c951-16c5-48d0-85c8-58d96b12d330,ba295155-272e-43eb-9d6a-e4c9c392e68b.rna_seq.augmented_star_gene_counts.tsv,0019c951-16c5-48d0-85c8-58d96b12d330
TCGA-BRCA,710257f0-ac05-4fee-b6a3-9c48ecc65b0e,TCGA-A1-A0SO,2e753306-2df6-4666-b1ce-06992d109d02,3a6cc4be-eff8-4725-a416-46ed35316192.rna_seq.augmented_star_gene_counts.tsv,2e753306-2df6-4666-b1ce-06992d109d02
TCGA-BRCA,0190a751-0a1f-4911-b5dd-26964b7fa5a5,TCGA-D8-A27E,e5393dc3-65d0-4d65-bb75-2fed770af595,d636f6ce-e820-4e8a-969f-c3ac2d46b191.rna_seq.augmented_star_gene_counts.tsv,e5393dc3-65d0-4d65-bb75-2fed770af595
TCGA-BRCA,dba36215-670e-400f-864e-a46702d49240,TCGA-BH-A18N,97dd05b6-58a9-43ab-9e03-faa105d2a700,40a4fc74-f345-4940-be5c-249013782e4f.rna_seq.augmented_star_gene_counts.tsv,97dd05b6-58a9-43ab-9e03-faa105d2a700
TCGA-BRCA,3ee32152-2834-4137-a6e8-254f3cca6b6e,TCGA-A8-A06O,7f2773df-bece-43e0-94ff-46ba7dcf713e,948f1e9e-702b-4f42-a766-fb6b4976b14d.rna_seq.augmented_star_gene_counts.tsv,7f2773df-bece-43e0-94ff-46ba7dcf713e
TCGA-BRCA,e958ea52-21bc-43ce-9a24-72acda04e48d,TCGA-A2-A4S2,bab81011-81b1-4fa4-bda1-fddec99245f5,c07f871d-fea0-401a-b0c5-ec5685c311d7.rna_seq.augmented_star_gene_counts.tsv,bab81011-81b1-4fa4-bda1-fddec99245f5
TCGA-BRCA,c94232f8-2e37-46d0-b12a-b8e920e659d9,TCGA-B6-A0RU,9bb406c8-2b8e-410e-8bca-02a778312056,4152a167-7b5f-4415-81f8-b22732cc6ef7.rna_seq.augmented_star_gene_counts.tsv,9bb406c8-2b8e-410e-8bca-02a778312056
TCGA-BRCA,31a140ce-bcb7-46b4-8105-626c9db1e183,TCGA-A7-A26J,23ac8b84-f000-45ea-ad35-a46323d3670a,df6189e5-bd61-4be2-9d31-efef56cb4739.rna_seq.augmented_star_gene_counts.tsv,23ac8b84-f000-45ea-ad35-a46323d3670a
TCGA-BRCA,4ee0389f-33ec-4a69-bc02-1c458d812cb2,TCGA-AC-A3TM,a853d2bb-b696-493a-9451-59dcedde5f20,d078b2ae-790a-4220-98a0-18d311996ed5.rna_seq.augmented_star_gene_counts.tsv,a853d2bb-b696-493a-9451-59dcedde5f20
TCGA-BRCA,f4f60d69-6c0d-4a73-90fa-ee369de95fdd,TCGA-A8-A08F,385ddd6f-c126-4c4f-acde-1ef2d74d3639,616b6b60-8c4a-4d85-9a24-f47df6ad497e.rna_seq.augmented_star_gene_counts.tsv,385ddd6f-c126-4c4f-acde-1ef2d74d3639
TCGA-BRCA,69886602-a4f1-4ad4-ba56-a0e031c2e295,TCGA-A7-A0CD,79bfddcc-1d7b-43a7-9221-8f230eca31d8,0a9e33db-2527-4cc3-8669-a7c10fed7a7f.rna_seq.augmented_star_gene_counts.tsv,79bfddcc-1d7b-43a7-9221-8f230eca31d8
TCGA-BRCA,6871927f-1488-4366-8545-439557a377aa,TCGA-A8-A09K,9dcf3c95-cc67-4a83-a2c8-12cbce82b9c4,4ab26a32-f816-4aee-9130-12a0b3604db0.rna_seq.augmented_star_gene_counts.tsv,9dcf3c95-cc67-4a83-a2c8-12cbce82b9c4
TCGA-BRCA,9f55d4c8-5e41-4ffe-b819-1d8bfd06927b,TCGA-AR-A2LR,7acdca8d-6231-4077-b7ac-eec857c43092,17efe3f1-a97a-4e26-b28a-98702fd3c42b.rna_seq.augmented_star_gene_counts.tsv,7acdca8d-6231-4077-b7ac-eec857c43092
TCGA-BRCA,4a21e922-a294-43f0-89cb-862dabed4f8c,TCGA-GI-A2C8,db921dd3-3d39-4b42-b2ff-dbe0f6c9f093,93f26994-d3de-4c8a-bfde-86af8d85b01a.rna_seq.augmented_star_gene_counts.tsv,db921dd3-3d39-4b42-b2ff-dbe0f6c9f093
TCGA-BRCA,018b2eaa-216b-4726-a26e-ac726f4b47d3,TCGA-B6-A1KC,c6ec90b5-d323-4a55-b48a-c3acf38557ba,92e64d91-88d8-4b1f-ab56-b593748b9f19.rna_seq.augmented_star_gene_counts.tsv,c6ec90b5-d323-4a55-b48a-c3acf38557ba
TCGA-BRCA,f0471d79-d107-4809-976e-fe5b231f0e9d,TCGA-C8-A1HI,b46720bc-7f5a-4bf4-a2a3-3d9fe500d193,0633890f-584c-43d9-aa3f-7a6555533dd8.rna_seq.augmented_star_gene_counts.tsv,b46720bc-7f5a-4bf4-a2a3-3d9fe500d193
TCGA-BRCA,c1898b32-a9c5-410b-a197-572b2a6a2d7a,TCGA-BH-A0C0,3eadce70-ba3d-4806-b112-6ac83bc89dc4,a3595c7e-948b-4d93-a623-477d7af84e15.rna_seq.augmented_star_gene_counts.tsv,3eadce70-ba3d-4806-b112-6ac83bc89dc4
TCGA-BRCA,32ed93a7-250a-4fd4-81a8-6d94a6bc9f33,TCGA-A8-A07G,ed0aae7b-f815-4dc8-a98f-5844602cbaea,b773c30d-f37b-4aee-8330-a159d42d3019.rna_seq.augmented_star_gene_counts.tsv,ed0aae7b-f815-4dc8-a98f-5844602cbaea
TCGA-BRCA,92b16015-e552-48e3-a095-0197b99b52a8,TCGA-E9-A1R2,58037e4a-a82f-42a9-84a1-715966343bd4,2b67c3b5-330e-41e4-95cf-028d37fe91e1.rna_seq.augmented_star_gene_counts.tsv,58037e4a-a82f-42a9-84a1-715966343bd4
TCGA-BRCA,1bab00ca-778e-48ac-ac59-ce2b99d84403,TCGA-D8-A143,be002264-f534-49b3-90d1-fd5a3f622fb2,f0024165-4df2-454e-a0cb-17720455c0c9.rna_seq.augmented_star_gene_counts.tsv,be002264-f534-49b3-90d1-fd5a3f622fb2
TCGA-BRCA,796e565c-3841-425a-bdfb-569776d7c9ac,TCGA-BH-A18L,836f61df-2b3d-4e1f-abcc-37734091b746,815b70e5-858d-416d-94aa-6749960883ce.rna_seq.augmented_star_gene_counts.tsv,836f61df-2b3d-4e1f-abcc-37734091b746
TCGA-BRCA,55a21e0c-e8a7-43bf-8b28-0e06211114d7,TCGA-E2-A1LI,b0cc3c29-89fe-4010-8f56-137f2b897bce,f7c6320e-0c39-4b92-9a25-fd4e03b70362.rna_seq.augmented_star_gene_counts.tsv,b0cc3c29-89fe-4010-8f56-137f2b897bce
TCGA-BRCA,a582257d-4bf7-416b-a465-29a3220bc8c3,TCGA-D8-A1XR,987603ab-513b-44d6-8b8e-344fd299a81a,204cf188-2162-43ac-bad4-8304622f3090.rna_seq.augmented_star_gene_counts.tsv,987603ab-513b-44d6-8b8e-344fd299a81a
TCGA-BRCA,b10e80e2-6ded-42f8-beab-b436e0286be1,TCGA-D8-A27R,e3a49d98-c7d6-45a1-a8cb-33bab31186c2,93f8d395-2512-41fc-992e-236b706dd281.rna_seq.augmented_star_gene_counts.tsv,e3a49d98-c7d6-45a1-a8cb-33bab31186c2
TCGA-BRCA,7909743a-2bde-48c3-8254-3fbd57ac2e33,TCGA-A2-A0SV,1b65bcb7-8170-4eb8-af93-c547b984c571,ad502a9c-1f1a-4118-a8f9-2cffb9b0c610.rna_seq.augmented_star_gene_counts.tsv,1b65bcb7-8170-4eb8-af93-c547b984c571
TCGA-BRCA,55e28aaf-8025-4b46-97d3-96cdf512a609,TCGA-E9-A22G,51aab02d-11b1-4ef3-a8f3-8146b6c24aad,0f382cf1-3e52-4078-bf12-cc6ba998ed3f.rna_seq.augmented_star_gene_counts.tsv,51aab02d-11b1-4ef3-a8f3-8146b6c24aad
TCGA-BRCA,863804ba-7fcd-49ce-a544-5a98eb3f2857,TCGA-OL-A6VQ,2c74854f-4afe-48c3-9c81-d64634c14677,4fb219d8-519a-4ce9-a3f1-28fae295424f.rna_seq.augmented_star_gene_counts.tsv,2c74854f-4afe-48c3-9c81-d64634c14677
TCGA-BRCA,0201cf15-d073-447f-b96e-eca0800b8cff,TCGA-A2-A4RW,c8b0b391-320c-4fea-9b68-3070103cb148,508e541e-c751-42cd-8f8c-a57a835daf1b.rna_seq.augmented_star_gene_counts.tsv,c8b0b391-320c-4fea-9b68-3070103cb148
TCGA-BRCA,9caf2f97-a056-4274-be21-cf06656116fa,TCGA-B6-A0WV,cd47d9e9-8072-4681-93ac-6c1420f6624c,754df69c-2fab-4037-8673-fd3be673fc09.rna_seq.augmented_star_gene_counts.tsv,cd47d9e9-8072-4681-93ac-6c1420f6624c
TCGA-BRCA,1152ad19-6fb1-4dfe-af73-b74323a47ac7,TCGA-LL-A9Q3,98dc2008-d132-4a88-b428-45b0f715b296,d769bce5-c92f-472f-8bb8-4bf4593e29d7.rna_seq.augmented_star_gene_counts.tsv,98dc2008-d132-4a88-b428-45b0f715b296
TCGA-BRCA,9ebe5223-7566-4026-83ae-812283a8aaeb,TCGA-AR-A2LM,b8c05229-16e4-4888-9f44-556c5570a4af,1a3dcc95-64bf-4886-9807-9511b24f30af.rna_seq.augmented_star_gene_counts.tsv,b8c05229-16e4-4888-9f44-556c5570a4af
TCGA-BRCA,9bc1887e-b3ed-4732-b8bc-ef4f4ea59258,TCGA-A2-A0CO,da2cff7a-9b9d-4ae8-aa49-d717a77906e1,834c833a-1e2d-48b6-87d5-e19bf2db6e1a.rna_seq.augmented_star_gene_counts.tsv,da2cff7a-9b9d-4ae8-aa49-d717a77906e1
TCGA-BRCA,3f33a14d-7797-4ade-85f7-1dbec18f774f,TCGA-BH-A0DI,0e56b380-a3d6-4e81-8299-9f8a62330d7b,f13d5df0-7293-4453-942f-2b49a3d33057.rna_seq.augmented_star_gene_counts.tsv,0e56b380-a3d6-4e81-8299-9f8a62330d7b
TCGA-BRCA,dc2e6e86-4a3d-4f9b-ba04-6c0cbaef94a0,TCGA-PE-A5DC,25294e7a-1f15-411c-a2fd-93097e387db2,6f72a3df-b4db-4f04-aa1f-644dca35d3ab.rna_seq.augmented_star_gene_counts.tsv,25294e7a-1f15-411c-a2fd-93097e387db2
TCGA-BRCA,796b90a8-99d6-4102-81a0-96c6954e9f26,TCGA-OL-A66K,e64c5a32-13c4-495e-ab4c-b5000332c09d,dede0990-1733-4473-bc48-78605f16834c.rna_seq.augmented_star_gene_counts.tsv,e64c5a32-13c4-495e-ab4c-b5000332c09d
TCGA-BRCA,163000c7-0633-4d89-a84f-f487517248db,TCGA-AO-A128,e173c170-b7c6-4aa9-9f34-33cd02702d75,8d3d544f-6d1a-4cdc-8091-490311487ebd.rna_seq.augmented_star_gene_counts.tsv,e173c170-b7c6-4aa9-9f34-33cd02702d75
TCGA-BRCA,e0e00806-1aa3-441d-b22e-6ae01a8473f2,TCGA-B6-A0RM,45702d4f-2d23-4e37-88ad-565e44a18fa2,ce52c9b2-ab83-4efa-8abf-97475dcf892d.rna_seq.augmented_star_gene_counts.tsv,45702d4f-2d23-4e37-88ad-565e44a18fa2
TCGA-BRCA,66760e17-251d-4981-bb02-82c29b315080,TCGA-GM-A2DF,842b0c9e-a03d-4074-b0fe-be8d0e056c7d,56bc1e6b-d1bf-4df9-b266-07ff567aad77.rna_seq.augmented_star_gene_counts.tsv,842b0c9e-a03d-4074-b0fe-be8d0e056c7d
TCGA-BRCA,66cd1bec-0b4d-4212-ab3f-548ffcfa7dd8,TCGA-E2-A15L,c003fb3b-179c-49b0-8d9a-656c4dc39901,5fc65e17-1d90-411d-b01d-f6aaa72730f9.rna_seq.augmented_star_gene_counts.tsv,c003fb3b-179c-49b0-8d9a-656c4dc39901
TCGA-BRCA,960d194f-fe39-42a0-831d-5c031cf93544,TCGA-A8-A08S,519b92e0-0dbc-471c-988f-48ce9dc95be3,ad44b37b-0bd2-4289-b03f-d52858da2d0f.rna_seq.augmented_star_gene_counts.tsv,519b92e0-0dbc-471c-988f-48ce9dc95be3
TCGA-BRCA,b599719f-f028-45eb-8464-ecf9ad60179f,TCGA-A2-A3XT,0c068d5a-ccad-47a5-bfe0-0dc5f136d6aa,bdba14fb-88aa-43b0-8c25-53948b9935b7.rna_seq.augmented_star_gene_counts.tsv,0c068d5a-ccad-47a5-bfe0-0dc5f136d6aa
TCGA-BRCA,0856c285-b57f-47ac-be8b-865dc2ddb58f,TCGA-A8-A09C,a8ab2eb8-9da3-494f-b740-dc3f4185acb2,04026251-0cf6-4889-83b4-8a46881470b5.rna_seq.augmented_star_gene_counts.tsv,a8ab2eb8-9da3-494f-b740-dc3f4185acb2
TCGA-BRCA,29619d1e-e8b4-411e-bbba-07f2cfb69e8a,TCGA-A7-A26F,6fe2f370-6592-4d85-992c-1b5449a62dbe,c9496c77-cfbf-42db-a862-af0b878b9852.rna_seq.augmented_star_gene_counts.tsv,6fe2f370-6592-4d85-992c-1b5449a62dbe
TCGA-BRCA,1fc22273-7e02-4193-9fbb-476e0eab6afb,TCGA-BH-A1FB,d9b6b523-00de-4638-a3f3-8de841fb7183,39a75bde-24a0-4d26-8377-df045423f786.rna_seq.augmented_star_gene_counts.tsv,d9b6b523-00de-4638-a3f3-8de841fb7183
TCGA-BRCA,e11babda-c07c-4406-85ed-0b1d45985017,TCGA-D8-A27G,66dbe196-661b-4d0e-ac48-b82fc6a67cc8,0ba03a16-3c4f-4118-91aa-53d4a7c00d38.rna_seq.augmented_star_gene_counts.tsv,66dbe196-661b-4d0e-ac48-b82fc6a67cc8
TCGA-BRCA,9ae58006-9650-4494-991a-6ee217331740,TCGA-D8-A1Y3,80902247-a485-4374-836b-4b67db4c4981,2e41a573-7a9d-4f96-873f-48aa12b3ab96.rna_seq.augmented_star_gene_counts.tsv,80902247-a485-4374-836b-4b67db4c4981
TCGA-BRCA,3596c171-86d4-48ae-80a5-847c874d4860,TCGA-A2-A1G0,ef3ba95e-2251-43a6-8910-2bdfb02d22be,36bbebb5-ba1e-4ac6-83b2-67ccd05e4939.rna_seq.augmented_star_gene_counts.tsv,ef3ba95e-2251-43a6-8910-2bdfb02d22be
TCGA-BRCA,28d6a08d-f73d-4981-882c-aac092fdebb9,TCGA-A2-A0CQ,5b6828f2-4da6-49a4-a19c-569e089ff0b0,315f3deb-74b5-4b71-afe5-759c85a0a6cc.rna_seq.augmented_star_gene_counts.tsv,5b6828f2-4da6-49a4-a19c-569e089ff0b0
TCGA-BRCA,e61873d5-bfd2-4fcc-9f9e-ca80779d36b7,TCGA-BH-A0W7,9218f3a6-1ae1-4898-8be4-2335a204aae7,c5c93338-4046-4247-b5c2-ef133609797e.rna_seq.augmented_star_gene_counts.tsv,9218f3a6-1ae1-4898-8be4-2335a204aae7
TCGA-BRCA,112649f5-133d-4c45-a66f-4fe9a70bd5b7,TCGA-C8-A278,5711aa8f-5cd6-41d0-b469-40f049556693,c4eb8167-4c62-4a41-b9a7-f3259f945d9d.rna_seq.augmented_star_gene_counts.tsv,5711aa8f-5cd6-41d0-b469-40f049556693
TCGA-BRCA,63792ecf-4f55-4eb5-bfbc-78accb4f104a,TCGA-A2-A0EQ,c3f4adee-86da-42fa-b37a-d48d66f89e09,713df9b5-ea25-464c-b13e-fe8b61fe363d.rna_seq.augmented_star_gene_counts.tsv,c3f4adee-86da-42fa-b37a-d48d66f89e09
TCGA-BRCA,24153fe0-2c47-456a-b344-874a0e28de4d,TCGA-E2-A1IN,c9ff3787-de6e-4535-be34-6425ccf9079f,81395cc8-c7d5-4ea7-957a-b5cb8d6bfd1a.rna_seq.augmented_star_gene_counts.tsv,c9ff3787-de6e-4535-be34-6425ccf9079f
TCGA-BRCA,c7f909cb-2d45-4b58-90ba-180c10e78723,TCGA-A7-A6VX,e1a528ee-1bec-4aa5-bb9c-9d0af3ba4108,18cbd510-bce2-4370-a00f-939d562ba7de.rna_seq.augmented_star_gene_counts.tsv,e1a528ee-1bec-4aa5-bb9c-9d0af3ba4108
TCGA-BRCA,0dfe13f0-e1f5-4f7e-95b5-e88f9d9e920a,TCGA-A2-A1FW,e06eeb14-0ebf-453f-847b-b1ae63fe8194,c54b98cc-521e-4790-b67d-9dcc20af8c76.rna_seq.augmented_star_gene_counts.tsv,e06eeb14-0ebf-453f-847b-b1ae63fe8194
TCGA-BRCA,d91ec6e8-cdea-41b8-a88e-252586d3b9ae,TCGA-LD-A9QF,406cb497-badd-4bbe-be62-e1dac7b49180,49563aad-aeb3-4a9b-8849-a60c119cbaa4.rna_seq.augmented_star_gene_counts.tsv,406cb497-badd-4bbe-be62-e1dac7b49180
TCGA-BRCA,9e163b4c-d624-4c71-9d68-8f002aee6fec,TCGA-D8-A27K,0e9ea184-c4bc-43f0-817c-8a950008e4bd,470b6305-67ca-487c-b9b1-9b74f673f9fd.rna_seq.augmented_star_gene_counts.tsv,0e9ea184-c4bc-43f0-817c-8a950008e4bd
TCGA-BRCA,18dddb4e-11d6-4fe7-b44a-48342374a5b1,TCGA-BH-A0BQ,9cbb73a5-7b3b-4559-a295-d4693ae6dee2,c9c9c085-8e23-454c-aa36-cf59e8dbc587.rna_seq.augmented_star_gene_counts.tsv,9cbb73a5-7b3b-4559-a295-d4693ae6dee2
TCGA-BRCA,fbf64fdd-6787-4647-b0cd-860acc8abce6,TCGA-BH-A209,2aa3a845-cce2-4fe2-92f7-1fece9e619d5,3fab2674-2e00-4748-9d33-9e52631cebfd.rna_seq.augmented_star_gene_counts.tsv,2aa3a845-cce2-4fe2-92f7-1fece9e619d5
TCGA-BRCA,250c0ab4-ef0f-4340-a86d-628b98f8acca,TCGA-A8-A09B,1a4285b8-765b-4954-b9f2-dc8609572889,61ad862c-0bd2-4fcd-a9e1-f42e8099bd81.rna_seq.augmented_star_gene_counts.tsv,1a4285b8-765b-4954-b9f2-dc8609572889
TCGA-BRCA,76f4bdbc-58c8-4424-865b-c6531d908dc3,TCGA-AO-A1KS,b9d564b4-4561-44b2-b020-baf106f23baa,0af3ed73-d962-492c-9dc5-85247cd3de03.rna_seq.augmented_star_gene_counts.tsv,b9d564b4-4561-44b2-b020-baf106f23baa
TCGA-BRCA,0c61c676-2a72-4dbe-8dcb-284bd112570c,TCGA-E2-A1IJ,783b4e4f-d65d-4025-a7ce-99a7e86255e9,45472a71-92d9-4492-9647-f1e8adb9cdea.rna_seq.augmented_star_gene_counts.tsv,783b4e4f-d65d-4025-a7ce-99a7e86255e9
TCGA-BRCA,7fb4bff6-4385-4503-9016-f9b620af3f8c,TCGA-D8-A1XC,deb932e6-470e-4fae-88f1-efb2e820325e,d372fdcf-a087-4773-880a-169ecc0d1fd0.rna_seq.augmented_star_gene_counts.tsv,deb932e6-470e-4fae-88f1-efb2e820325e
TCGA-BRCA,8ba927e8-83e7-43d8-ba16-00d45a0f0484,TCGA-C8-A131,ae2e0936-a225-491b-8361-3c20663768d9,a0707dab-b8bd-4a57-a890-69a3f4daacf6.rna_seq.augmented_star_gene_counts.tsv,ae2e0936-a225-491b-8361-3c20663768d9
TCGA-BRCA,35f3fabc-9939-43a2-8491-c3813a970d13,TCGA-A8-A0A9,da333184-1ddd-4cd7-9c0d-e4526a03a1c9,c102587f-0390-4dd5-8b35-d819e0083134.rna_seq.augmented_star_gene_counts.tsv,da333184-1ddd-4cd7-9c0d-e4526a03a1c9
TCGA-BRCA,edf2dbbe-b055-4d90-bc41-72355621b99e,TCGA-B6-A0RO,6df72103-ccfb-4a53-b839-2e8c47ec2145,b4e60c29-6c4d-49b4-878e-b91e20e17dad.rna_seq.augmented_star_gene_counts.tsv,6df72103-ccfb-4a53-b839-2e8c47ec2145
TCGA-BRCA,9dc315ce-3b76-4754-b103-2c2580cde4ab,TCGA-A7-A0CE,04e03ae1-b2f3-446d-862d-172fea6320de,58b399a0-3070-44aa-9a40-f0e2c0fea0fc.rna_seq.augmented_star_gene_counts.tsv,04e03ae1-b2f3-446d-862d-172fea6320de
TCGA-BRCA,e8811c84-1822-40cb-ba64-10939e29cd35,TCGA-LL-A6FP,06227b3b-56d0-4657-bb37-8f56a3dc15f7,3574e83f-a983-425b-9082-63d5a32c01d6.rna_seq.augmented_star_gene_counts.tsv,06227b3b-56d0-4657-bb37-8f56a3dc15f7
TCGA-BRCA,d1224e18-6c94-45f7-afb0-d4321150cc8f,TCGA-A8-A06U,068841a8-af6a-4925-bad0-586005f59521,f09cc0c7-2896-479b-84db-401f14780092.rna_seq.augmented_star_gene_counts.tsv,068841a8-af6a-4925-bad0-586005f59521
TCGA-BRCA,a09a99f9-33e3-45d5-bfc2-f57ce149a527,TCGA-A8-A09I,59ce4079-0da6-4339-8861-ad376b150f75,a4455185-5506-4392-bd54-5f9cda2274d2.rna_seq.augmented_star_gene_counts.tsv,59ce4079-0da6-4339-8861-ad376b150f75
TCGA-BRCA,6e7092aa-e92c-4d9b-8ed1-f8c32f39fe80,TCGA-C8-A1HO,98ca3aa5-f509-4e55-a184-12e44c8c8464,0361ec21-e83f-40a9-b825-d92487b1239a.rna_seq.augmented_star_gene_counts.tsv,98ca3aa5-f509-4e55-a184-12e44c8c8464
TCGA-BRCA,11b582c7-95bf-4a07-8996-ef4d0d4f897e,TCGA-PL-A8LV,7286a685-17ef-4ef5-9b7b-2696c6e7e1a6,3572211c-0611-4d67-9e71-c5a8f704bd1f.rna_seq.augmented_star_gene_counts.tsv,7286a685-17ef-4ef5-9b7b-2696c6e7e1a6
TCGA-BRCA,b0763e0d-56a7-4953-ad36-c3b218c059b3,TCGA-GM-A2DO,e855de31-6adc-423f-9295-3064f2449f35,535047b2-35b4-4e31-8761-f38cf1f57441.rna_seq.augmented_star_gene_counts.tsv,e855de31-6adc-423f-9295-3064f2449f35
TCGA-BRCA,193a40b4-4410-408c-92d6-486472c1e6fb,TCGA-AR-A0U0,4bb6eb79-4256-4b19-b158-883da969a582,90950125-1b6b-499d-97e2-5d6b78b3e6fe.rna_seq.augmented_star_gene_counts.tsv,4bb6eb79-4256-4b19-b158-883da969a582
TCGA-BRCA,832b8766-0e59-4ad4-b4c9-1e39b2ce4fb1,TCGA-BH-A0BD,f7a47166-9593-4a37-b95a-2de86b6d65c9,511ced4c-a861-4f26-9e29-afcf8d603fab.rna_seq.augmented_star_gene_counts.tsv,f7a47166-9593-4a37-b95a-2de86b6d65c9
TCGA-BRCA,31532d08-cb6e-40fa-9dfe-d2c6d037dcb1,TCGA-BH-A0B1,aabb4a65-aff2-4f78-a969-bacbe5b80856,56cb5294-9156-4930-a3ab-c2607a79b65e.rna_seq.augmented_star_gene_counts.tsv,aabb4a65-aff2-4f78-a969-bacbe5b80856
TCGA-BRCA,27ac43e4-c348-4f83-97f5-cc0f4a87b670,TCGA-A2-A0YM,fe7dfda5-6846-4238-9ccc-472978eb78a1,8a27980e-a506-4cb3-91f2-3f0e5a19acfe.rna_seq.augmented_star_gene_counts.tsv,fe7dfda5-6846-4238-9ccc-472978eb78a1
TCGA-BRCA,5e429dd7-787c-4e7d-b672-b000b7b57929,TCGA-E2-A1IG,54a6b5bc-f788-4bea-b92c-e4dc9c71d99e,b58811d7-8ee0-4b65-a892-17319cc9ecaf.rna_seq.augmented_star_gene_counts.tsv,54a6b5bc-f788-4bea-b92c-e4dc9c71d99e
TCGA-BRCA,e53d7a9a-3db0-4a24-8dc1-6dc80428cd24,TCGA-AR-A2LE,89e67cfd-7728-4a0e-bfa5-4c55ae957ef8,49e0a55e-cd18-438c-890a-f14c6d149743.rna_seq.augmented_star_gene_counts.tsv,89e67cfd-7728-4a0e-bfa5-4c55ae957ef8
TCGA-BRCA,63baef92-6733-4791-b897-0abe9131a5f5,TCGA-BH-A0HA,40d222ea-3a59-45b9-91a2-0566b239c89e,ea030b7d-26eb-4f0e-b7b9-c6b165061118.rna_seq.augmented_star_gene_counts.tsv,40d222ea-3a59-45b9-91a2-0566b239c89e
TCGA-BRCA,98193dab-86d9-456c-b67f-e3350327a609,TCGA-AQ-A7U7,fa48dda4-5b65-44fa-b0c3-b02d53d928c5,7830107d-bc45-4391-b95c-787a246cf059.rna_seq.augmented_star_gene_counts.tsv,fa48dda4-5b65-44fa-b0c3-b02d53d928c5
TCGA-BRCA,891365b0-3bb1-4f7c-b351-6191b18ee9d7,TCGA-AC-A2FG,6c3f2469-50ea-48a7-bb17-043e74e54535,05ddce6e-57b0-4b78-9955-7c1b4c564498.rna_seq.augmented_star_gene_counts.tsv,6c3f2469-50ea-48a7-bb17-043e74e54535
TCGA-BRCA,7d3dea42-f18f-4cf6-973d-ea2bae39ba38,TCGA-A2-A0CR,a25f8ce5-b3f3-4d2d-b862-b703650066fb,8668654e-c441-4279-80e3-345787c28922.rna_seq.augmented_star_gene_counts.tsv,a25f8ce5-b3f3-4d2d-b862-b703650066fb
TCGA-BRCA,b25afcbc-accf-4f14-acc3-2f8bb700e5d2,TCGA-BH-A0B0,88a16056-cc45-4fee-99e0-f7fc7e1971df,fdadb011-0da3-458f-8b4e-d09e4c847a5b.rna_seq.augmented_star_gene_counts.tsv,88a16056-cc45-4fee-99e0-f7fc7e1971df
TCGA-BRCA,a19fbcc1-a781-4496-97ed-487aa83aae29,TCGA-AO-A03O,ccc7b8e5-7ea4-4efc-81c1-ef6c15acd241,b22d3e38-c370-4719-bea6-3dcbd9590935.rna_seq.augmented_star_gene_counts.tsv,ccc7b8e5-7ea4-4efc-81c1-ef6c15acd241
TCGA-BRCA,5423b7f8-d2bb-47c8-9af8-3d3e1276888c,TCGA-BH-A0BM,9a6563cf-557b-4f26-b6a2-6c6f1eb03654,06ae7b4d-2906-4a38-a4ef-1cc937716dcb.rna_seq.augmented_star_gene_counts.tsv,9a6563cf-557b-4f26-b6a2-6c6f1eb03654
TCGA-BRCA,62d4d442-98a0-4540-b22a-4acf1fbfc40b,TCGA-AC-A2FF,05aa6d12-6d48-4ecb-8211-036e647ef72e,08429604-2dc7-4827-8ba5-80818aa45a51.rna_seq.augmented_star_gene_counts.tsv,05aa6d12-6d48-4ecb-8211-036e647ef72e
TCGA-BRCA,9bd5963e-d8f4-4eed-b32b-2eedb00db268,TCGA-D8-A1JG,4f4862e1-abfc-4577-bdb2-a96759ef2b53,7ee4348d-9975-42ba-b258-2334e089395c.rna_seq.augmented_star_gene_counts.tsv,4f4862e1-abfc-4577-bdb2-a96759ef2b53
TCGA-BRCA,9ae522c2-0fbf-493c-b3c7-a6ccd685c787,TCGA-A8-A0A2,d52eff00-a7b7-42f0-82fe-ec4c054b1dd9,56f92378-3707-489e-b4bc-6f7485122484.rna_seq.augmented_star_gene_counts.tsv,d52eff00-a7b7-42f0-82fe-ec4c054b1dd9
TCGA-BRCA,c53140b8-0058-4bb2-be77-5121cd0e5b95,TCGA-A7-A6VV,1aa289bb-8ac9-4e9e-be61-3164afbe06a2,fff3f42f-5e42-4653-b91b-1676f914e9fa.rna_seq.augmented_star_gene_counts.tsv,1aa289bb-8ac9-4e9e-be61-3164afbe06a2
TCGA-BRCA,2223917e-5ff9-4726-99be-c73b19522265,TCGA-A8-A095,dc8b305a-6f43-410e-9ce6-96ac24827550,e7a1cdcf-ec99-44fd-a13b-604cf15b2bd4.rna_seq.augmented_star_gene_counts.tsv,dc8b305a-6f43-410e-9ce6-96ac24827550
TCGA-BRCA,2c619641-7849-4837-ab92-0da80342b3e9,TCGA-A2-A25B,22fdb34e-9f50-4382-9800-e6e35773c538,e558015e-969b-4354-9bc9-219a60092734.rna_seq.augmented_star_gene_counts.tsv,22fdb34e-9f50-4382-9800-e6e35773c538
TCGA-BRCA,3e38b9a1-4367-47fd-9a44-2c611406e922,TCGA-BH-A1FE,64f43094-8e51-440d-b142-2b1eeba34e9f,2e1410fb-4799-4a85-97e2-0d05c9255977.rna_seq.augmented_star_gene_counts.tsv,64f43094-8e51-440d-b142-2b1eeba34e9f
TCGA-BRCA,3de73049-e6e7-4ed7-be98-bf174fd37c89,TCGA-BH-A1FE,195c9f03-31c3-465a-ac58-3949246b173b,8f08cee9-a91f-4305-bf8d-efeee9cd386c.rna_seq.augmented_star_gene_counts.tsv,195c9f03-31c3-465a-ac58-3949246b173b
TCGA-BRCA,0a1f4a81-38c6-407a-a33b-716a0f9a6b4d,TCGA-A2-A3XX,c0f6d246-c872-41a5-8135-2bdbdb1f924f,f9506da9-20a3-4124-a614-eb525787ea45.rna_seq.augmented_star_gene_counts.tsv,c0f6d246-c872-41a5-8135-2bdbdb1f924f
TCGA-BRCA,2dc5d195-dede-4511-9415-c7bd3070bbd3,TCGA-E2-A15T,010e405c-b91d-4046-898e-105d5830d9a9,7135f14b-e84f-4ebf-8d95-b2a3c843fd4d.rna_seq.augmented_star_gene_counts.tsv,010e405c-b91d-4046-898e-105d5830d9a9
TCGA-BRCA,bea52276-596c-479e-981d-ca9132742098,TCGA-BH-A1EN,eedfb6fb-3db6-4eae-8c6c-8b6722ae72b6,d504a28c-f8e7-4c5e-b01a-23b4cdd1dd8a.rna_seq.augmented_star_gene_counts.tsv,eedfb6fb-3db6-4eae-8c6c-8b6722ae72b6
TCGA-BRCA,a7e04cc7-3f4c-4986-a336-8083e5653754,TCGA-A2-A0ET,1c386dc6-8279-4156-bd7c-47e2f8af27bf,83834ecf-bc98-416a-98c0-824229e6cfe0.rna_seq.augmented_star_gene_counts.tsv,1c386dc6-8279-4156-bd7c-47e2f8af27bf
TCGA-BRCA,78910f0b-59f1-4b4b-a7de-a6cf2402a097,TCGA-E2-A14V,7efb7266-28ee-41d3-912a-b0f67135216f,3fd9c506-ed43-45db-bff4-6e968ac19564.rna_seq.augmented_star_gene_counts.tsv,7efb7266-28ee-41d3-912a-b0f67135216f
TCGA-BRCA,7423f6fa-4f31-46b1-a391-b5fc45833c2b,TCGA-E9-A1RI,92dd3ded-2b51-4d1d-8c8a-09ed1f0b16ed,68bb844b-1bd7-4828-97d0-e284a7998cbf.rna_seq.augmented_star_gene_counts.tsv,92dd3ded-2b51-4d1d-8c8a-09ed1f0b16ed
TCGA-BRCA,fca8da49-849b-4790-a956-db7ee97c39e9,TCGA-AR-A2LJ,eba83203-1de1-447a-88d0-2ffbccc24990,fa94f266-1ed4-440a-8d10-3c72ce4100ba.rna_seq.augmented_star_gene_counts.tsv,eba83203-1de1-447a-88d0-2ffbccc24990
TCGA-BRCA,90b93fd6-b94d-4a98-ad7d-dba3428cbb25,TCGA-A8-A083,e24e6f7c-49c1-498e-b269-4bee014007af,aa3d8e3d-68cb-47dc-80c0-d50917cb4878.rna_seq.augmented_star_gene_counts.tsv,e24e6f7c-49c1-498e-b269-4bee014007af
TCGA-BRCA,2a532346-0008-4af8-99bc-d709585da1d6,TCGA-3C-AALK,7b4d770a-2b8c-4ca5-bf51-c4745c5de39a,ae8996bd-b0b7-4f9b-91fa-606f95d49f8c.rna_seq.augmented_star_gene_counts.tsv,7b4d770a-2b8c-4ca5-bf51-c4745c5de39a
TCGA-BRCA,5d7a6563-6e74-48cb-a6a9-6d860759ddac,TCGA-AC-A2FK,bb761704-bced-4fd6-9a90-187595b1d005,05ebe1e0-bf0d-4622-bc45-b0eacffdebcc.rna_seq.augmented_star_gene_counts.tsv,bb761704-bced-4fd6-9a90-187595b1d005
TCGA-BRCA,ed3f6393-6955-41af-bb3a-7723b5dbe41e,TCGA-B6-A0WY,56209bc1-f94b-4aa4-a9dd-757003f36fd2,2ae456c7-57fa-4146-9b29-2d4129f0cf7c.rna_seq.augmented_star_gene_counts.tsv,56209bc1-f94b-4aa4-a9dd-757003f36fd2
TCGA-BRCA,bb83d6d7-e5e4-49cb-a533-bdf2fb330bae,TCGA-A2-A0CV,2ce2b916-b768-424c-a57b-96ab4a77276e,b85209a5-128a-4aff-83d4-1ab336d82b95.rna_seq.augmented_star_gene_counts.tsv,2ce2b916-b768-424c-a57b-96ab4a77276e
TCGA-BRCA,2a3e4dbb-aaff-4b14-bbed-f2d7cf0f8fa3,TCGA-A2-A0EY,c7571e35-d912-4935-b2c3-bbba019fe9f8,0f3b932e-de72-483f-9ef6-74ae972637bd.rna_seq.augmented_star_gene_counts.tsv,c7571e35-d912-4935-b2c3-bbba019fe9f8
TCGA-BRCA,a7945d1c-35ca-4c95-98c6-ccb6e6d2b39c,TCGA-AR-A1AL,8e475a5c-0a90-4c31-a472-b1ae0946633d,f5b6634d-5891-4550-bde6-7a0383e5e3da.rna_seq.augmented_star_gene_counts.tsv,8e475a5c-0a90-4c31-a472-b1ae0946633d
TCGA-BRCA,1359c419-d678-4a51-a50a-1cdf258bb58b,TCGA-AN-A0XP,6a40f728-eee2-4777-a8e0-67fd6f9f7927,c8e8f4e7-7aae-41f7-9d36-5938d2c2fc04.rna_seq.augmented_star_gene_counts.tsv,6a40f728-eee2-4777-a8e0-67fd6f9f7927
TCGA-BRCA,2c9bb39c-a023-4b44-b8cd-a454e8b60b28,TCGA-A7-A4SF,b3b6d3bf-426f-4720-9adb-98783faa0eff,5782ee15-ce76-43d2-ba6c-e84284f4a99f.rna_seq.augmented_star_gene_counts.tsv,b3b6d3bf-426f-4720-9adb-98783faa0eff
TCGA-BRCA,bf42e8ce-cd3e-46c8-92f9-ea5cda443a6f,TCGA-EW-A1J5,1cf56202-05e5-41ad-9f27-3519bee045f4,f1600b0c-f3ac-4c19-8c43-6af450abb6a3.rna_seq.augmented_star_gene_counts.tsv,1cf56202-05e5-41ad-9f27-3519bee045f4
TCGA-BRCA,02a0a874-6d4e-4e56-8d74-7952c912fed2,TCGA-A8-A07R,b0e906d2-e2ae-49fa-8d7a-8a00f1d6d0a1,fe15bb7d-6469-4778-9dc8-9e4c5877942c.rna_seq.augmented_star_gene_counts.tsv,b0e906d2-e2ae-49fa-8d7a-8a00f1d6d0a1
TCGA-BRCA,57aff09f-0e97-4e65-a227-3dc7a8516367,TCGA-AN-A046,ed76d903-de08-4060-ab15-b4add3c551f0,05ea028e-6b8a-4352-88aa-057494cf5e80.rna_seq.augmented_star_gene_counts.tsv,ed76d903-de08-4060-ab15-b4add3c551f0
TCGA-BRCA,c2f00c0c-9ad9-4c1d-912c-52eacedcba12,TCGA-E2-A15I,cf53cdad-a323-475e-a84a-87b68d13e262,37d359b3-d8f5-44cf-8f30-57dfdbbab8c1.rna_seq.augmented_star_gene_counts.tsv,cf53cdad-a323-475e-a84a-87b68d13e262
TCGA-BRCA,0dcb8872-8b48-4100-8ad4-4c89a0d3b9ed,TCGA-LL-A740,e3e56a3c-5a8b-419e-8904-194a2fdfa550,839aaefe-1755-4131-9b89-2610481a13c4.rna_seq.augmented_star_gene_counts.tsv,e3e56a3c-5a8b-419e-8904-194a2fdfa550
TCGA-BRCA,a896cc6d-91d8-4c63-b9c6-2b049e88b8b3,TCGA-EW-A3E8,d0dcec39-c407-4593-98e3-133714cf2f7b,f18a5a92-2b2e-4834-8610-df98760db5aa.rna_seq.augmented_star_gene_counts.tsv,d0dcec39-c407-4593-98e3-133714cf2f7b
TCGA-BRCA,9465c220-bf06-4cd1-8466-3477cc47ff6e,TCGA-BH-A1ES,d2659fd9-ac9a-4ab4-9d7c-50d9a16fc9b5,12d9d0ec-4e76-4eba-81b1-6dec7b6f2268.rna_seq.augmented_star_gene_counts.tsv,d2659fd9-ac9a-4ab4-9d7c-50d9a16fc9b5
TCGA-BRCA,b85be663-edba-4e1e-a10c-d0297744a0e9,TCGA-AC-A2BK,bd86e2d9-6098-4f78-9e9b-f2f95367c739,952883cf-24c2-4ed7-bb96-3f736c15ae3d.rna_seq.augmented_star_gene_counts.tsv,bd86e2d9-6098-4f78-9e9b-f2f95367c739
TCGA-BRCA,5b62628a-b301-4d60-9213-396e3fc5a3ed,TCGA-E2-A1IF,664d7ba8-9b87-4f17-b98d-8e07dea3c488,cb024f71-c708-498b-9196-2fe57acf3771.rna_seq.augmented_star_gene_counts.tsv,664d7ba8-9b87-4f17-b98d-8e07dea3c488
TCGA-BRCA,01aeb34a-75e4-446d-97ae-6e32c47158ad,TCGA-C8-A26X,c782b873-2727-4fe4-9c9a-741964290349,444d0a78-82fe-4a80-9b41-d7daf98506ca.rna_seq.augmented_star_gene_counts.tsv,c782b873-2727-4fe4-9c9a-741964290349
TCGA-BRCA,98501f0d-8b4b-4783-a242-4a69b081aaf9,TCGA-E2-A15A,a10463d8-e74c-490c-b8ed-1dbc6227e32f,a6752916-4437-40a7-bc79-d21f52ad1f41.rna_seq.augmented_star_gene_counts.tsv,a10463d8-e74c-490c-b8ed-1dbc6227e32f
TCGA-BRCA,2868849c-2ba4-42de-aef2-028bf68f4cb3,TCGA-A7-A3RF,d56cbe4c-2158-4f78-a545-d5c963a22978,1e473e62-d679-45be-890c-77c52a3e7d47.rna_seq.augmented_star_gene_counts.tsv,d56cbe4c-2158-4f78-a545-d5c963a22978
TCGA-BRCA,5b01ed81-2119-4797-9be9-67bc21abc7d9,TCGA-E2-A1B5,2cd221ee-4d29-4f40-ab4c-780cc9045c5a,6a182962-93fc-482f-aa53-a14d7574763a.rna_seq.augmented_star_gene_counts.tsv,2cd221ee-4d29-4f40-ab4c-780cc9045c5a
TCGA-BRCA,31e5bc10-074b-4bb2-92f9-d9217c0efc3b,TCGA-AC-A6IX,f43b97fd-8953-4a5e-bafb-eb572145abe3,866770c0-c4f1-4ed3-aa96-7ff4f7328323.rna_seq.augmented_star_gene_counts.tsv,f43b97fd-8953-4a5e-bafb-eb572145abe3
TCGA-BRCA,eb11d414-2f0e-44a1-843c-ecacc7212e91,TCGA-BH-A0DT,1936f1a9-66bc-4e48-8189-f0e3a67a5593,674907a1-381a-4952-924a-52e2adf5ad19.rna_seq.augmented_star_gene_counts.tsv,1936f1a9-66bc-4e48-8189-f0e3a67a5593
TCGA-BRCA,06479cfc-c43c-43f5-9d2f-44b3adc45d84,TCGA-E2-A1B0,0caa1750-ec80-484f-9097-1e90fbfa41c2,507de54a-b4a5-4778-99fc-2f4f45c6daa0.rna_seq.augmented_star_gene_counts.tsv,0caa1750-ec80-484f-9097-1e90fbfa41c2
TCGA-BRCA,e35fcfbe-0550-4a39-9996-5d178e3f40ef,TCGA-AO-A12A,4cafa8be-69f1-4c1a-87fb-c71df6de6a74,2ed88c3e-bf61-4e2f-b06c-0b93c9f9402e.rna_seq.augmented_star_gene_counts.tsv,4cafa8be-69f1-4c1a-87fb-c71df6de6a74
TCGA-BRCA,afed1e5d-c6c1-4d95-9e57-d82f6a823543,TCGA-E2-A10C,4662f2d3-edd6-4260-a4ad-04c46ca54443,960df455-dab8-4c59-9a99-579cdabe4d19.rna_seq.augmented_star_gene_counts.tsv,4662f2d3-edd6-4260-a4ad-04c46ca54443
TCGA-BRCA,b98aa84f-5144-4062-badc-32e89368d684,TCGA-B6-A0RG,cdfe79d9-a0bd-4700-937f-07bd0ee51d73,61348250-68d8-4cef-b6f9-68a68d35508f.rna_seq.augmented_star_gene_counts.tsv,cdfe79d9-a0bd-4700-937f-07bd0ee51d73
TCGA-BRCA,50463a25-4292-4bc7-926a-341493e68242,TCGA-BH-A1EW,f8b403a1-37cf-4acb-b5d7-b3437fafa7f8,5e4626c1-dcf9-4781-a2e7-f6afca7e2ee7.rna_seq.augmented_star_gene_counts.tsv,f8b403a1-37cf-4acb-b5d7-b3437fafa7f8
TCGA-BRCA,4a7e95e4-58b5-4e96-a029-98f294b3cd54,TCGA-AN-A04C,6d505305-dc5f-4dc7-8721-817f444ff7ee,d681e327-7e74-4f6a-811f-e006470e568f.rna_seq.augmented_star_gene_counts.tsv,6d505305-dc5f-4dc7-8721-817f444ff7ee
TCGA-BRCA,f2deda2c-63c8-4b4f-a725-381f00298cd0,TCGA-A7-A0CG,e37e5793-921d-4930-8f22-ddcd5f881fe6,82d0130a-9bea-443b-bf46-32fe0a2ce84c.rna_seq.augmented_star_gene_counts.tsv,e37e5793-921d-4930-8f22-ddcd5f881fe6
TCGA-BRCA,685b5df4-0620-40e2-aa09-0dd736bb5e2b,TCGA-4H-AAAK,307261f2-f88f-4658-b6d1-98ef946148e2,75d91076-9d8a-415e-9ee6-00b877e55874.rna_seq.augmented_star_gene_counts.tsv,307261f2-f88f-4658-b6d1-98ef946148e2
TCGA-BRCA,181ff04b-8315-4069-a4cc-e102796ecde4,TCGA-AN-A0FS,15d7e135-acb7-46ef-a8b1-f424e40a9e4d,e20191d9-fddf-47a3-9ff9-d4a36af7d762.rna_seq.augmented_star_gene_counts.tsv,15d7e135-acb7-46ef-a8b1-f424e40a9e4d
TCGA-BRCA,70c927bd-ab54-4e15-8521-5e3a5035dea5,TCGA-GM-A2DM,a39993c2-0b95-4df1-b501-b1a746633449,9b652843-9c30-4c21-8c39-ef9e21ec4ec6.rna_seq.augmented_star_gene_counts.tsv,a39993c2-0b95-4df1-b501-b1a746633449
TCGA-BRCA,6526e884-ca7a-4f10-9cb8-fe8fa90f1dbb,TCGA-E2-A153,aa2ab118-b3cc-4452-a29c-104f80f16f8d,752ec80f-0c1d-4c66-9927-a32f2f9dfb2a.rna_seq.augmented_star_gene_counts.tsv,aa2ab118-b3cc-4452-a29c-104f80f16f8d
TCGA-BRCA,e2da00f3-fdb9-4ab4-964a-6828568e2e6e,TCGA-E2-A1IK,4bfe1281-919d-47ee-afc7-2b373b113674,a615ef14-a590-45b2-91c9-74a3cae19619.rna_seq.augmented_star_gene_counts.tsv,4bfe1281-919d-47ee-afc7-2b373b113674
TCGA-BRCA,de71b625-2b73-43a7-9bc0-89d6a13d0d52,TCGA-C8-A26Y,e8d97ce6-190e-4189-a148-5a8d9f4215c3,d244c9fe-f289-417a-af42-85591ef4fdc6.rna_seq.augmented_star_gene_counts.tsv,e8d97ce6-190e-4189-a148-5a8d9f4215c3
TCGA-BRCA,da0ed50a-e7d6-4a78-8bb6-cfd80f6e2ff6,TCGA-AQ-A04L,0427af63-b665-4c57-874b-65222c200bfe,99296d22-e605-49cd-b37f-a1b900be5d53.rna_seq.augmented_star_gene_counts.tsv,0427af63-b665-4c57-874b-65222c200bfe
TCGA-BRCA,6961fffe-50b4-4296-8390-196b6070f739,TCGA-B6-A402,c4ceaaf8-4803-45d7-9937-42d25db60148,9ae5c03c-326d-4492-9cc3-4ba17beb09ad.rna_seq.augmented_star_gene_counts.tsv,c4ceaaf8-4803-45d7-9937-42d25db60148
TCGA-BRCA,46f79f16-4d38-4a71-ad9e-24037054966c,TCGA-BH-A0E9,363736c4-cc2d-4920-a10b-bd0de899cdb1,387e08dc-a77e-4dd7-939c-1e6f515e692d.rna_seq.augmented_star_gene_counts.tsv,363736c4-cc2d-4920-a10b-bd0de899cdb1
TCGA-BRCA,b1de1587-febd-4e50-99ac-eb3dcb23033a,TCGA-A8-A08C,c4241ab5-95b7-4870-aaed-55541756c42f,a2b214c2-a5d4-4ce6-b505-e1438027236d.rna_seq.augmented_star_gene_counts.tsv,c4241ab5-95b7-4870-aaed-55541756c42f
TCGA-BRCA,3c70741c-621e-434d-b98e-6561d05a1b4b,TCGA-A2-A0YJ,6ac73ea5-48e8-40d8-8383-fa28991813fd,8832d658-24d2-4d12-a025-959d5eed1271.rna_seq.augmented_star_gene_counts.tsv,6ac73ea5-48e8-40d8-8383-fa28991813fd
TCGA-BRCA,289f5433-4834-401f-9361-efc8e883e630,TCGA-A1-A0SM,e38111a3-54f9-4229-8803-fc74e0c12c55,d77c2ca5-196a-4426-84e4-0ffa4a3667ef.rna_seq.augmented_star_gene_counts.tsv,e38111a3-54f9-4229-8803-fc74e0c12c55
TCGA-BRCA,9d657232-b6b4-4100-833c-5f94059a9ba7,TCGA-A2-A25C,fd4bd1de-fc4a-42bc-aca5-5ac16ec14118,8634f872-177a-481f-ba51-62864c569001.rna_seq.augmented_star_gene_counts.tsv,fd4bd1de-fc4a-42bc-aca5-5ac16ec14118
TCGA-BRCA,9d772786-6ac9-4e52-9899-023ffa7247d2,TCGA-AN-A0AS,d5120825-ab1f-446c-af1e-3be57846a15b,ed178c34-0b29-4f65-bdf5-a39969111ca8.rna_seq.augmented_star_gene_counts.tsv,d5120825-ab1f-446c-af1e-3be57846a15b
TCGA-BRCA,a7e71eac-1768-4fc2-8eba-1576d22e0f43,TCGA-BH-A0GY,0ca579b1-763e-4f6a-a071-c6514aaa2f11,c93e78f6-1c35-4139-a6b4-c29c229c8b68.rna_seq.augmented_star_gene_counts.tsv,0ca579b1-763e-4f6a-a071-c6514aaa2f11
TCGA-BRCA,a8484534-e92a-49a7-8818-d21606d19701,TCGA-AO-A03V,bc39baa2-786e-4d9a-874e-a7f4febc3be2,bb7098ae-862b-488c-b67e-01ed682ec783.rna_seq.augmented_star_gene_counts.tsv,bc39baa2-786e-4d9a-874e-a7f4febc3be2
TCGA-BRCA,8718f7f1-a95d-4245-9b00-6c061b69a1c6,TCGA-OL-A5S0,3fafe34a-38e2-4645-af4e-0d77fd5464c1,e7e4c883-af18-41bf-9383-e5b9f354bc8d.rna_seq.augmented_star_gene_counts.tsv,3fafe34a-38e2-4645-af4e-0d77fd5464c1
TCGA-BRCA,c73178ad-f042-47ca-af89-343a647076b4,TCGA-BH-A0DE,3173d46f-7344-41e4-bd4c-027fe5b5ec06,876216c7-72a1-4b1e-bd2b-fcb125ca91ae.rna_seq.augmented_star_gene_counts.tsv,3173d46f-7344-41e4-bd4c-027fe5b5ec06
TCGA-BRCA,2dd17e3a-3034-4bb9-8a79-d0c89fa9ae21,TCGA-AR-A1AN,f69ca0e5-201f-4066-81a5-c5b9c8a5012c,23b39087-8003-4e5b-a1f8-b50b0919bcca.rna_seq.augmented_star_gene_counts.tsv,f69ca0e5-201f-4066-81a5-c5b9c8a5012c
TCGA-BRCA,e46b29b9-c697-4739-b292-398674a5adb9,TCGA-GM-A2DN,7140b89b-50b6-42ed-a69d-1cbc7901d530,071e21e7-a494-4d87-ab48-1cb334e0d992.rna_seq.augmented_star_gene_counts.tsv,7140b89b-50b6-42ed-a69d-1cbc7901d530
TCGA-BRCA,e3cf8f8c-8fe6-45e2-b786-7db5590c08cb,TCGA-C8-A12L,d3badb09-df1e-488e-ade9-97f1925b5649,aae57dd0-eae8-48b0-855f-2cd17c9f524d.rna_seq.augmented_star_gene_counts.tsv,d3badb09-df1e-488e-ade9-97f1925b5649
TCGA-BRCA,2cf478d5-5400-4724-bf36-89bf1df26284,TCGA-BH-A42V,c4a9a1df-4397-409e-85ec-30e0789377c2,18e5bf73-efdd-4c75-957c-68a94f6cb396.rna_seq.augmented_star_gene_counts.tsv,c4a9a1df-4397-409e-85ec-30e0789377c2
TCGA-BRCA,0177791d-d02d-4433-81ae-458a93fdd60f,TCGA-E2-A15M,309dcac2-7efa-467c-9dc7-222c130b0fec,d29744c4-3aa3-44b2-83fb-0e74ba697cd9.rna_seq.augmented_star_gene_counts.tsv,309dcac2-7efa-467c-9dc7-222c130b0fec
TCGA-BRCA,75e9ad4a-ae3e-4331-9c35-0ce639ed3009,TCGA-BH-A8G0,e58f3dde-82f6-4a5d-9909-8f5659a26915,9bf53a64-2c24-4cf7-8419-f57b1936aa8c.rna_seq.augmented_star_gene_counts.tsv,e58f3dde-82f6-4a5d-9909-8f5659a26915
TCGA-BRCA,081947cf-1635-4a57-9903-0c405ead6d84,TCGA-WT-AB44,0a7dc8b9-4196-41d3-ada1-a50cb36bfd2b,3c9c665e-9327-45f0-b412-224e8948deb2.rna_seq.augmented_star_gene_counts.tsv,0a7dc8b9-4196-41d3-ada1-a50cb36bfd2b
TCGA-BRCA,9eaa7f15-8a97-4a49-9e93-b5790a1fade0,TCGA-E9-A1RC,8c600781-5238-4b46-80bc-aa2710c1ed3f,c285a0ef-5076-4265-be61-98c064242718.rna_seq.augmented_star_gene_counts.tsv,8c600781-5238-4b46-80bc-aa2710c1ed3f
TCGA-BRCA,71ca5ed1-c8d8-4b05-aaa1-c4051976fe1c,TCGA-E2-A9RU,6487c7e6-38ad-417c-8009-6c899fe74a64,687d5cbd-0877-4e31-86d7-9fcb32a82f10.rna_seq.augmented_star_gene_counts.tsv,6487c7e6-38ad-417c-8009-6c899fe74a64
TCGA-BRCA,8cf391f9-d743-408f-8891-2c49db90907c,TCGA-AR-A251,416defdf-a4f7-4305-97ff-d3b3ebce672f,0dacd83e-7fab-4064-a25c-c1de66be5305.rna_seq.augmented_star_gene_counts.tsv,416defdf-a4f7-4305-97ff-d3b3ebce672f
TCGA-BRCA,24eaa7eb-502d-4c9a-b390-507b51c53f96,TCGA-A8-A082,0a06329d-82cd-41a9-822e-43cfd49e63a2,a7b067c9-a62a-4d3d-8c4e-668830f7441f.rna_seq.augmented_star_gene_counts.tsv,0a06329d-82cd-41a9-822e-43cfd49e63a2
TCGA-BRCA,061e539b-4cde-4e37-bbcf-30937ce689c9,TCGA-E9-A1R6,4e98f490-cbdf-4864-8cc3-b5f9d3c95146,ef2a6bd9-fe3b-4b67-942c-89f3a34813ad.rna_seq.augmented_star_gene_counts.tsv,4e98f490-cbdf-4864-8cc3-b5f9d3c95146
TCGA-BRCA,4c932085-e46b-4544-a32c-c38b2bac837a,TCGA-B6-A401,e2b3728b-9827-4a13-b52c-caabd58f902e,b4b81763-61bc-469b-a048-eba733193262.rna_seq.augmented_star_gene_counts.tsv,e2b3728b-9827-4a13-b52c-caabd58f902e
TCGA-BRCA,a00cc4fb-6852-4869-89a7-f9f2fc941ccc,TCGA-AR-A24X,7be570ba-7f69-431e-88c2-614e92bc88ae,381e687e-c27d-4794-981b-7c3c596a0246.rna_seq.augmented_star_gene_counts.tsv,7be570ba-7f69-431e-88c2-614e92bc88ae
TCGA-BRCA,ef196594-35dc-4ba9-8beb-1efe72d59e6a,TCGA-E2-A56Z,68814d4d-9db8-471f-b4b3-5c2fecb10773,baf9135d-d8dd-4e04-9115-4055b81fae05.rna_seq.augmented_star_gene_counts.tsv,68814d4d-9db8-471f-b4b3-5c2fecb10773
TCGA-BRCA,27c9fa1c-e5e1-40d3-8d25-81f10d27d984,TCGA-E9-A1R3,0094f9d0-45ec-4aad-bca0-71c60bdd7113,cafc9e36-c5f0-45df-ad03-16210ff0d870.rna_seq.augmented_star_gene_counts.tsv,0094f9d0-45ec-4aad-bca0-71c60bdd7113
TCGA-BRCA,6093f268-1c3f-4fec-bde7-fc3721ecaf8e,TCGA-BH-A0DZ,be6f8b24-e668-41c6-89f7-f4cdc8533cae,63afc197-8c49-4150-a98b-61c47f182778.rna_seq.augmented_star_gene_counts.tsv,be6f8b24-e668-41c6-89f7-f4cdc8533cae
TCGA-BRCA,530315de-d048-40f6-b0cc-3c7fb9875e46,TCGA-D8-A142,c8c7b9cc-7015-4405-a7f5-f60587de285a,c091a9db-8d3f-4dfb-8658-b6b8020c1d5c.rna_seq.augmented_star_gene_counts.tsv,c8c7b9cc-7015-4405-a7f5-f60587de285a
TCGA-BRCA,e4dee88b-58d0-4953-ad4a-a2df876f3c95,TCGA-A2-A04P,c95a37a1-d3cd-421c-bc5f-0f8dc448f64c,ee6709eb-718c-4a0e-8b57-3068e0e0fbaf.rna_seq.augmented_star_gene_counts.tsv,c95a37a1-d3cd-421c-bc5f-0f8dc448f64c
TCGA-BRCA,989450c7-cf32-4ed9-a74e-259a9be428ac,TCGA-D8-A1XJ,97387357-c741-43a6-9b3a-55c925f9a516,6e79eeb3-9eae-45f4-92a5-fba71c154c1a.rna_seq.augmented_star_gene_counts.tsv,97387357-c741-43a6-9b3a-55c925f9a516
TCGA-BRCA,8a0c0515-abdd-4e78-9205-bd8f80f60397,TCGA-B6-A0RV,d914654b-ec4f-4be5-a525-2997a4b39279,f77281dc-f8c5-4da7-b151-873b03e986ad.rna_seq.augmented_star_gene_counts.tsv,d914654b-ec4f-4be5-a525-2997a4b39279
TCGA-BRCA,cef6023a-2fbf-44ee-a9b3-df78707bd85a,TCGA-E2-A1LA,5113a198-1bfe-4d4e-8e17-4c8e3359061a,9dffcc09-6ccd-4f12-ae6a-1b8b93fcf29c.rna_seq.augmented_star_gene_counts.tsv,5113a198-1bfe-4d4e-8e17-4c8e3359061a
TCGA-BRCA,c3927b5c-d641-45e5-87ea-9cc18c7ec85e,TCGA-E9-A229,6129ca9a-5466-4cf5-be19-a4e3134659cb,db998871-01ff-4a39-ba06-fe3fb1183584.rna_seq.augmented_star_gene_counts.tsv,6129ca9a-5466-4cf5-be19-a4e3134659cb
TCGA-BRCA,f5678056-2dc2-4f1c-87e9-4fba6c78b460,TCGA-D8-A1JT,9c99e8d0-a96d-4252-8ea8-e15bfae278c3,3bbc2702-3fa1-455a-9c68-bf082850d9be.rna_seq.augmented_star_gene_counts.tsv,9c99e8d0-a96d-4252-8ea8-e15bfae278c3
TCGA-BRCA,54fffa7d-7d20-4ce4-8fe0-29372a6f3c82,TCGA-A2-A0CS,e21262db-a694-4461-b1b0-e52c0891113a,04de1f79-fdfc-4662-bab2-a3ed667c7dea.rna_seq.augmented_star_gene_counts.tsv,e21262db-a694-4461-b1b0-e52c0891113a
TCGA-BRCA,dade6383-329a-4443-bdef-939c34d8c5a0,TCGA-BH-A0C7,7d0189e8-9726-439a-b5e4-b650bc33794b,488d0d81-4872-4204-b8e8-745e64a35d65.rna_seq.augmented_star_gene_counts.tsv,7d0189e8-9726-439a-b5e4-b650bc33794b
TCGA-BRCA,a4910543-8bfd-4cd9-9eab-cf16aead9537,TCGA-AN-A0FW,1dacccf9-58ae-490f-9f3f-31c82f93b3b8,b707621f-1f89-4058-be18-33020b9ebec3.rna_seq.augmented_star_gene_counts.tsv,1dacccf9-58ae-490f-9f3f-31c82f93b3b8
TCGA-BRCA,c685196b-c3cf-49fa-aae4-f6ccbe04779f,TCGA-A7-A2KD,79d67844-5389-40ee-a1fd-5b19ecf81b73,d251e6b4-0c25-42ec-b090-daa81ee80a0e.rna_seq.augmented_star_gene_counts.tsv,79d67844-5389-40ee-a1fd-5b19ecf81b73
TCGA-BRCA,086eac10-6ea8-4cc4-a6e5-91f051e50c54,TCGA-D8-A1XM,4c941474-f3e0-4735-bad0-cff8894fb08d,d474de4c-c01d-46f5-92a6-7513f7a38eed.rna_seq.augmented_star_gene_counts.tsv,4c941474-f3e0-4735-bad0-cff8894fb08d
TCGA-BRCA,43993e01-588a-40de-80ec-72c1a66fe70b,TCGA-E9-A1RB,c9920595-31f2-4977-b6bd-c0fa3ffcf461,b0c13073-8725-4707-983c-506fe46205d7.rna_seq.augmented_star_gene_counts.tsv,c9920595-31f2-4977-b6bd-c0fa3ffcf461
TCGA-BRCA,c9e12d18-6092-499f-92ae-6fd6b16f2acd,TCGA-E9-A3X8,9b2a1467-775c-48cf-9a3c-e259ccd344e4,08814ce5-fdf0-4f06-aabd-bf7b2738cf43.rna_seq.augmented_star_gene_counts.tsv,9b2a1467-775c-48cf-9a3c-e259ccd344e4
TCGA-BRCA,38f37f0c-75d2-4a56-b62a-9472a9c3ae13,TCGA-B6-A3ZX,f6565f25-4317-4615-a437-af79da929ecd,8643d0bc-0acb-4d6e-b6bd-5a997d2fc39d.rna_seq.augmented_star_gene_counts.tsv,f6565f25-4317-4615-a437-af79da929ecd
TCGA-BRCA,46fecdc9-9d0d-41cd-811a-28731f0b7f92,TCGA-AN-A0G0,e94299a9-67bc-4c30-963c-1476fbb7d5ff,3cd924c3-5000-49de-a253-92d1cfa9a09a.rna_seq.augmented_star_gene_counts.tsv,e94299a9-67bc-4c30-963c-1476fbb7d5ff
TCGA-BRCA,fe0ddcfc-f6e9-460d-b8e6-5187ffe8eb4f,TCGA-AR-A1AK,5405b59e-44cc-4745-b838-ca279210cbed,1d6fed92-2d3c-46b6-8760-31bc1254cf65.rna_seq.augmented_star_gene_counts.tsv,5405b59e-44cc-4745-b838-ca279210cbed
TCGA-BRCA,3182e60d-be44-4f03-ba0c-431e0c1f1d5e,TCGA-D8-A1JC,8ced7ce3-86ec-4bc8-afce-8fcfb06d8be4,d1adf0be-5afe-4df7-8f88-dbf7521bcdac.rna_seq.augmented_star_gene_counts.tsv,8ced7ce3-86ec-4bc8-afce-8fcfb06d8be4
TCGA-BRCA,bc4ef13b-1ab7-4929-953d-45592691394f,TCGA-A7-A5ZX,934aa789-6d42-4b2d-8a74-7d482d79ed8b,0c80ffec-6290-4b81-9dba-cb64d142b8a8.rna_seq.augmented_star_gene_counts.tsv,934aa789-6d42-4b2d-8a74-7d482d79ed8b
TCGA-BRCA,6d1ce13f-530e-433f-b2a3-f30793b0b003,TCGA-A8-A09M,56e43b33-6dc7-496b-bdee-75e5fed5d502,92b7faad-a817-4464-a074-9b64bf25fad5.rna_seq.augmented_star_gene_counts.tsv,56e43b33-6dc7-496b-bdee-75e5fed5d502
TCGA-BRCA,5a4c0145-86eb-40ae-9983-adb13652a9a2,TCGA-D8-A1JI,fad07753-c9c6-4eba-8f43-09740bff6d69,4e3fbf45-1a73-437b-8d85-29aa0c8ac6b0.rna_seq.augmented_star_gene_counts.tsv,fad07753-c9c6-4eba-8f43-09740bff6d69
TCGA-BRCA,781d285c-5b2a-4d42-b35e-3840d954070b,TCGA-D8-A1J8,19264a73-b106-4b24-be01-0a9a137c6de9,2966096f-4a35-4dca-ab38-ac86074fa29e.rna_seq.augmented_star_gene_counts.tsv,19264a73-b106-4b24-be01-0a9a137c6de9
TCGA-BRCA,ee6b71d0-3596-4669-b138-af822c2c3c6b,TCGA-GM-A4E0,131d96e3-0799-4956-a752-dc244a05c493,8ddd5f98-9ebc-488d-830c-817ebd796939.rna_seq.augmented_star_gene_counts.tsv,131d96e3-0799-4956-a752-dc244a05c493
TCGA-BRCA,3f1e9bda-addf-4e24-a92f-123085bf40bc,TCGA-E9-A22B,5e05ff45-9f44-484d-889f-529e2bfe2a48,bb10d315-6038-4513-aa41-d50f20295997.rna_seq.augmented_star_gene_counts.tsv,5e05ff45-9f44-484d-889f-529e2bfe2a48
TCGA-BRCA,0dd8e6c7-9b41-4489-924f-bddf7d189eb3,TCGA-A8-A08R,f6cb208f-cc43-4245-8392-dc5ada57bb9b,ca8b34fa-ab70-42c1-8e81-8b28ba1a8f3a.rna_seq.augmented_star_gene_counts.tsv,f6cb208f-cc43-4245-8392-dc5ada57bb9b
TCGA-BRCA,03eb5ba8-0307-49b0-aa05-003007d79107,TCGA-A2-A4S3,d14d5953-f379-4adb-9a1b-028f91b1a9e6,c63a27ff-1844-4b4f-9bc7-ac4d00dc0de8.rna_seq.augmented_star_gene_counts.tsv,d14d5953-f379-4adb-9a1b-028f91b1a9e6
TCGA-BRCA,3ad0093a-e57a-450a-b0ef-942c9b67a586,TCGA-BH-A1FC,09f9ebad-e7cd-4c20-9eab-8fd2066d9051,31c69703-e318-4e31-aae8-c6cfabe61bc3.rna_seq.augmented_star_gene_counts.tsv,09f9ebad-e7cd-4c20-9eab-8fd2066d9051
TCGA-BRCA,a6cd09dc-ac7c-4bdc-9bb4-14f8cce6642d,TCGA-AR-A0TV,fc203d80-6254-402c-8c8b-a5500bfa909e,f4cecad7-2cca-4990-9d88-115b6b201cc5.rna_seq.augmented_star_gene_counts.tsv,fc203d80-6254-402c-8c8b-a5500bfa909e
TCGA-BRCA,9113cf96-0feb-4e13-b1d5-0ddd12c2cab7,TCGA-A2-A0SW,e748021e-b8ec-4b17-8b59-ce9d0a3d42e1,a12e5c24-f0ea-4770-9888-20e1c562e436.rna_seq.augmented_star_gene_counts.tsv,e748021e-b8ec-4b17-8b59-ce9d0a3d42e1
TCGA-BRCA,bc05cd4d-188f-4634-b6e4-c72a3683afed,TCGA-C8-A133,e20d0db7-984a-4bcf-9f1e-54ec63d55a2f,9e563a6c-1c6f-4901-a1af-f1ef2d8da025.rna_seq.augmented_star_gene_counts.tsv,e20d0db7-984a-4bcf-9f1e-54ec63d55a2f
TCGA-BRCA,a36231aa-f304-4bbf-aa86-b9547916c097,TCGA-A8-A094,0c279a15-1250-4923-bcde-96cc3fd32d42,b72689a1-2c14-49db-b489-f1627353a024.rna_seq.augmented_star_gene_counts.tsv,0c279a15-1250-4923-bcde-96cc3fd32d42
TCGA-BRCA,571468b9-6fb4-40c6-8830-1ffad5419b60,TCGA-B6-A2IU,e8149278-3269-4dbe-9500-7045fd56cd2f,2f05f114-9769-48e4-978c-6bfe1f2f372f.rna_seq.augmented_star_gene_counts.tsv,e8149278-3269-4dbe-9500-7045fd56cd2f
TCGA-BRCA,09d6f42c-5e9f-4adc-bd8c-e5dca597fc01,TCGA-AQ-A04J,eb914a22-6e3f-4296-89d4-a960902fba2b,cd23ba96-cc18-428d-ae3d-67a7a2dd3c91.rna_seq.augmented_star_gene_counts.tsv,eb914a22-6e3f-4296-89d4-a960902fba2b
TCGA-BRCA,4320c739-978f-4ebf-85c6-23d4735a38c1,TCGA-A7-A6VW,b4835808-46fa-4b6c-a933-92acc9908319,22c90647-bf63-49e1-972a-0ff9000b674b.rna_seq.augmented_star_gene_counts.tsv,b4835808-46fa-4b6c-a933-92acc9908319
TCGA-BRCA,2b7230c7-0182-4417-9861-03672629d98d,TCGA-LL-A5YO,e0b65eec-7c30-4607-9cae-c8e8463c80c5,e90c1051-744f-46e5-bcec-f95d34f59e0a.rna_seq.augmented_star_gene_counts.tsv,e0b65eec-7c30-4607-9cae-c8e8463c80c5
TCGA-BRCA,8e464b23-588b-4d8d-a094-03efeb76789c,TCGA-A8-A08A,2a73a18d-eca4-475b-9c37-283feb92915f,553e13f9-e00e-4b05-b934-c3837ad4d02d.rna_seq.augmented_star_gene_counts.tsv,2a73a18d-eca4-475b-9c37-283feb92915f
TCGA-BRCA,ea748969-579b-43dd-b2cd-1b0ac46b64ea,TCGA-A8-A0A7,e4e099ea-7207-48b8-a578-d5e6d83054b0,c7e61a1c-fad6-4fc1-ba1a-49189d4fc0f1.rna_seq.augmented_star_gene_counts.tsv,e4e099ea-7207-48b8-a578-d5e6d83054b0
TCGA-BRCA,f2b7091e-ed85-4546-8f11-307154153d31,TCGA-EW-A1P0,dcac8f3c-d282-4ac9-9194-b1461966c795,a191b96c-cc06-4a58-990b-57ee27335d5c.rna_seq.augmented_star_gene_counts.tsv,dcac8f3c-d282-4ac9-9194-b1461966c795
TCGA-BRCA,d5d86fc3-a720-43b7-8125-160f3af04de0,TCGA-A2-A1FZ,fd121fe6-7529-4a92-a324-2186622180b3,5c66dcbd-024b-4a7b-b3aa-bbbaaf91ae78.rna_seq.augmented_star_gene_counts.tsv,fd121fe6-7529-4a92-a324-2186622180b3
TCGA-BRCA,600a6f89-e714-4258-b4e7-33240123bfc6,TCGA-A8-A09Z,12b68e56-a83f-4b65-bb66-59e8522acbc9,07aa7c0a-ef47-495a-93be-b23a799d71d8.rna_seq.augmented_star_gene_counts.tsv,12b68e56-a83f-4b65-bb66-59e8522acbc9
TCGA-BRCA,4949d427-3b3c-408d-8035-c884bb41e41c,TCGA-E9-A3HO,75a7e5eb-1db8-4858-9a9f-78abea32ccd4,f1060adb-bee8-41f6-8997-2926d8967f33.rna_seq.augmented_star_gene_counts.tsv,75a7e5eb-1db8-4858-9a9f-78abea32ccd4
TCGA-BRCA,5f5cddc0-71d3-4bf4-a67c-66550596cf8d,TCGA-E2-A10B,2e7a0005-4efb-4121-91d9-c2ca2cb5201d,f9a27067-7485-4c9f-986b-878aa6cd132c.rna_seq.augmented_star_gene_counts.tsv,2e7a0005-4efb-4121-91d9-c2ca2cb5201d
TCGA-BRCA,0b2e3720-4a7e-44cd-9e38-7d883f559c1c,TCGA-A8-A086,ffeede9a-d9a9-4836-8c56-39f12a5fde0e,74179e5e-2d3c-417e-8844-6740ea9fb2e5.rna_seq.augmented_star_gene_counts.tsv,ffeede9a-d9a9-4836-8c56-39f12a5fde0e
TCGA-BRCA,25b35473-484c-4908-ae47-b6e6ed2dfb99,TCGA-S3-A6ZF,6d0f2c52-47f8-4032-8468-38dcc578ed6a,e4559121-091f-41f2-9559-2abb1bbfd229.rna_seq.augmented_star_gene_counts.tsv,6d0f2c52-47f8-4032-8468-38dcc578ed6a
TCGA-BRCA,565c78a9-ae5b-49ba-b5fa-4c26250e174a,TCGA-E2-A14O,5b318f75-dda6-4410-bfc0-2fd52030cae7,86538c2f-7f41-4a9b-bea5-f6126772f322.rna_seq.augmented_star_gene_counts.tsv,5b318f75-dda6-4410-bfc0-2fd52030cae7
TCGA-BRCA,f984e167-e005-438d-ac04-d4825043b128,TCGA-D8-A147,abefed1d-9f40-4a97-9435-4d9df47f7ebd,8b629c3d-0f28-4740-b681-6f064354f794.rna_seq.augmented_star_gene_counts.tsv,abefed1d-9f40-4a97-9435-4d9df47f7ebd
TCGA-BRCA,c1e94fa4-ace1-4ee2-9cdc-ec7b13e6bc8a,TCGA-BH-A0HP,95775d9a-4f7f-47c9-806b-acea8e01d40e,29789e2c-1555-46e0-8e17-8a252933d84d.rna_seq.augmented_star_gene_counts.tsv,95775d9a-4f7f-47c9-806b-acea8e01d40e
TCGA-BRCA,f2f2b11f-a4eb-4260-b2b6-822544adad60,TCGA-S3-AA15,a572e59c-096f-4054-bbb4-90f2e2461d99,b87ce383-9333-420c-9184-62d9d1eadabc.rna_seq.augmented_star_gene_counts.tsv,a572e59c-096f-4054-bbb4-90f2e2461d99
TCGA-BRCA,c8426c95-e975-4a7e-9943-f5c513dd95ef,TCGA-A2-A0YE,c94fb480-7f46-4c24-bcb1-26f66a57c45a,92914efd-97af-48e2-b097-e91129f8c1b2.rna_seq.augmented_star_gene_counts.tsv,c94fb480-7f46-4c24-bcb1-26f66a57c45a
TCGA-BRCA,efddcf44-ac69-436a-ba29-261e8dc6ad55,TCGA-B6-A40B,80c3e656-26e4-4b45-acce-fac1a0c09d28,e862a544-f553-47fa-ba8b-675e0ce7c5bd.rna_seq.augmented_star_gene_counts.tsv,80c3e656-26e4-4b45-acce-fac1a0c09d28
TCGA-BRCA,2fb2f7f4-2435-4ac0-a405-a342e15ef7cd,TCGA-AO-A125,3e0cc1e4-0882-4e9b-9373-34bcbce097d7,d9a1fa44-0877-423f-9beb-55f3fc936f7b.rna_seq.augmented_star_gene_counts.tsv,3e0cc1e4-0882-4e9b-9373-34bcbce097d7
TCGA-BRCA,2c66d45a-c014-4fbe-9ff2-4ca17ec59ba9,TCGA-C8-A12O,892928f7-8239-4d15-812b-046f9192d7de,0d6fbefe-4e21-4762-a476-9c899d4a94b7.rna_seq.augmented_star_gene_counts.tsv,892928f7-8239-4d15-812b-046f9192d7de
TCGA-BRCA,7fd5702e-2d7b-4b79-b2d8-5ca4ca33cf65,TCGA-A2-A0D0,d2a12641-a25f-4aab-99a4-433cf664ae73,934807ee-e303-43b7-938a-1721c6c31584.rna_seq.augmented_star_gene_counts.tsv,d2a12641-a25f-4aab-99a4-433cf664ae73
TCGA-BRCA,cee987ef-2eb6-4cdd-8094-331de8ec38ca,TCGA-BH-A42U,893122aa-117b-49a4-a81c-1229dde4d78a,42cc31fb-3bc2-4d21-b821-2d05aca800e7.rna_seq.augmented_star_gene_counts.tsv,893122aa-117b-49a4-a81c-1229dde4d78a
TCGA-BRCA,992d3519-cd51-4f48-880c-81fef52be1bf,TCGA-BH-A0BA,9cf6e387-2b87-4f53-bb5a-d545a78f21cd,75f8fbbb-2015-47cb-94f1-eb88cdfaeae6.rna_seq.augmented_star_gene_counts.tsv,9cf6e387-2b87-4f53-bb5a-d545a78f21cd
TCGA-BRCA,5ae24b78-4c64-4a08-bd13-3d58182215ad,TCGA-A7-A13H,270356b5-f258-49b3-a850-16ea88ec6c76,5c0aa745-6bad-4f9c-901b-5f0a0277b12d.rna_seq.augmented_star_gene_counts.tsv,270356b5-f258-49b3-a850-16ea88ec6c76
TCGA-BRCA,4ab5f84d-7ba2-49e2-862b-48ff8cff3c34,TCGA-A8-A08T,8603da6b-3bb9-4fff-b409-c5af2afd53b3,3d31d7a9-76b8-41f4-a037-0dfe6a4ecb0c.rna_seq.augmented_star_gene_counts.tsv,8603da6b-3bb9-4fff-b409-c5af2afd53b3
TCGA-BRCA,5de50617-0a03-45b7-8ffd-bcf3a0680d6b,TCGA-C8-A132,4dc3285f-fd32-4a3e-ad59-28597ab5323a,9918029c-763f-4458-b929-a4db95fd5e1a.rna_seq.augmented_star_gene_counts.tsv,4dc3285f-fd32-4a3e-ad59-28597ab5323a
TCGA-BRCA,4c70c0b1-1566-4e39-9dec-5050f62cd0a8,TCGA-BH-A0E2,0f1bec43-6235-4390-a148-e7038126c0c8,040e40de-4c19-423f-98dc-151e2633d085.rna_seq.augmented_star_gene_counts.tsv,0f1bec43-6235-4390-a148-e7038126c0c8
TCGA-BRCA,e3118dbe-9f93-45b0-81d3-2e64f06b7c74,TCGA-C8-A1HM,2c3000b7-4db9-4f00-a82a-ca6802806631,db70cd04-821e-43a7-bac1-815a30172be1.rna_seq.augmented_star_gene_counts.tsv,2c3000b7-4db9-4f00-a82a-ca6802806631
TCGA-BRCA,796df715-916f-46e4-9da1-e19c94958e07,TCGA-E2-A3DX,11631339-f447-4b28-97a8-3c7c6ccbc843,97ec0a19-d386-48fc-842c-78488b0d41f3.rna_seq.augmented_star_gene_counts.tsv,11631339-f447-4b28-97a8-3c7c6ccbc843
TCGA-BRCA,314e66df-0adc-4b7f-98e0-a32929192c71,TCGA-AC-A3W6,99ce2ebd-7a50-4808-ba75-8626ad6d7cfd,8229679f-179d-42b8-a9e7-7d733fe9969e.rna_seq.augmented_star_gene_counts.tsv,99ce2ebd-7a50-4808-ba75-8626ad6d7cfd
TCGA-BRCA,45c3bd72-d260-4663-9091-5058e58f352d,TCGA-B6-A0X4,2dc5eb24-fb84-455a-ae05-3b58ad2fc284,54aca121-5b70-4833-84ac-c7506a57bd02.rna_seq.augmented_star_gene_counts.tsv,2dc5eb24-fb84-455a-ae05-3b58ad2fc284
TCGA-BRCA,d6f5c34a-0f5c-4aed-977a-74a1e5d50915,TCGA-AR-A2LK,5d875fca-d1ff-4c08-9dfa-0f1e67dc586b,1467bc96-cad8-4011-962e-d43e6c725f63.rna_seq.augmented_star_gene_counts.tsv,5d875fca-d1ff-4c08-9dfa-0f1e67dc586b
TCGA-BRCA,87aae20e-c532-4d73-aab6-88befc3a2e6f,TCGA-OL-A5DA,9d535d7d-0fff-4134-be8f-daa6d687a48c,11d450a3-4578-4444-8ddf-613b5868b683.rna_seq.augmented_star_gene_counts.tsv,9d535d7d-0fff-4134-be8f-daa6d687a48c
TCGA-BRCA,31e39e5f-af9c-4f34-b065-8363cf9df39c,TCGA-OL-A66H,ec2687cf-9496-4232-9a96-41b935d6ffb3,fb5f0118-87fb-409f-89d8-9bd9f06867b9.rna_seq.augmented_star_gene_counts.tsv,ec2687cf-9496-4232-9a96-41b935d6ffb3
TCGA-BRCA,ba0b6f0b-4e90-40b5-a47b-44ed4eb5dde2,TCGA-D8-A3Z5,19318058-604e-4c3b-a037-eab07708ff82,ede34eaa-699a-496a-a3d3-8ef57ddbdb43.rna_seq.augmented_star_gene_counts.tsv,19318058-604e-4c3b-a037-eab07708ff82
TCGA-BRCA,723e0934-327e-46f2-94f0-20a65da1ea0e,TCGA-BH-A208,55214dd2-b3e8-444c-9d02-3db6008b1920,cfe1c805-2211-419c-bf9a-e0c8b5020dce.rna_seq.augmented_star_gene_counts.tsv,55214dd2-b3e8-444c-9d02-3db6008b1920
TCGA-BRCA,7de9f347-2a8b-4647-bd46-011d74fc48fc,TCGA-A7-A26H,b2fdef29-2c03-4aaf-bac8-2e1e5d07333b,7acbca97-f38d-4da8-8d82-53a8eb0a43ef.rna_seq.augmented_star_gene_counts.tsv,b2fdef29-2c03-4aaf-bac8-2e1e5d07333b
TCGA-BRCA,21ba28ff-89f6-4f02-a135-821efc4f42f8,TCGA-BH-A0C3,5461f36b-c2a2-4a6a-8b17-444c143655fc,df539d11-132f-4320-9365-14d529ae2186.rna_seq.augmented_star_gene_counts.tsv,5461f36b-c2a2-4a6a-8b17-444c143655fc
TCGA-BRCA,d7e3b628-d5fd-4e79-9c4a-6409330fb8a7,TCGA-AC-A23H,de98339e-9b13-4def-b3d9-234fdc784cec,1075d95f-6d27-42e1-a67a-73d5247c8a68.rna_seq.augmented_star_gene_counts.tsv,de98339e-9b13-4def-b3d9-234fdc784cec
TCGA-BRCA,ce3a4469-8d19-4661-9c48-1baf6e84f49c,TCGA-BH-A18S,dbbacb2c-b675-4a35-a6ff-157865f24945,4614147d-8f49-42b0-a43d-3ef88e6f0af4.rna_seq.augmented_star_gene_counts.tsv,dbbacb2c-b675-4a35-a6ff-157865f24945
TCGA-BRCA,7ec2c455-d90f-4cd5-9bbb-aedbf21eca00,TCGA-AO-A0JM,cd9fd232-1d69-4ef0-911d-28130243994f,33debcbe-cd9a-422d-8214-68606f68ac5a.rna_seq.augmented_star_gene_counts.tsv,cd9fd232-1d69-4ef0-911d-28130243994f
TCGA-BRCA,cf2b65de-c6a1-4ebc-a62a-c652ce17d2d0,TCGA-BH-A1FM,a3e73f16-dc65-4c2e-9846-052b8fae144c,682169e0-f36b-430c-896f-c93668b4ce78.rna_seq.augmented_star_gene_counts.tsv,a3e73f16-dc65-4c2e-9846-052b8fae144c
TCGA-BRCA,6f261668-4373-4bf7-940b-38acf79b97b5,TCGA-B6-A0RP,8256e097-4476-4906-a5c5-c9da288a363a,1a112735-ff30-4c94-953f-444ccad2afe2.rna_seq.augmented_star_gene_counts.tsv,8256e097-4476-4906-a5c5-c9da288a363a
TCGA-BRCA,1be16830-bc94-422f-b925-26a772f1ed58,TCGA-GM-A2DH,4ad2cbb3-5bca-462b-af1f-8a292c317722,e8909d26-a289-4dc7-a819-5883c621efac.rna_seq.augmented_star_gene_counts.tsv,4ad2cbb3-5bca-462b-af1f-8a292c317722
TCGA-BRCA,43f2cdb0-e5f0-4586-808a-fc0ef3313aa0,TCGA-B6-A0I9,0710056c-2f04-4182-90ca-45492dd6444c,9d0f51bf-a66d-4ea1-8599-2aee772c165b.rna_seq.augmented_star_gene_counts.tsv,0710056c-2f04-4182-90ca-45492dd6444c
TCGA-BRCA,c59fa5bd-0b6d-41d5-83ef-7766f0241d70,TCGA-A2-A0EN,e4f80aa3-eace-4ab4-afff-69d952ed5442,ecf14d2a-e353-4674-9b3f-f0d11bcc9900.rna_seq.augmented_star_gene_counts.tsv,e4f80aa3-eace-4ab4-afff-69d952ed5442
TCGA-BRCA,6c05cfbf-4858-45d1-b5b8-d943a542d196,TCGA-A8-A08O,cee1efda-644b-4cee-aad2-d7f5ca93cdec,1924888b-3b46-4079-a403-d758975a37bd.rna_seq.augmented_star_gene_counts.tsv,cee1efda-644b-4cee-aad2-d7f5ca93cdec
TCGA-BRCA,8137ffee-bb4f-4e5f-b831-acfc9c5585a8,TCGA-BH-A0B9,4f464ced-080f-41f1-9a00-955db0d5fda6,dc76c717-eaa0-49d7-a228-2fce7a536e42.rna_seq.augmented_star_gene_counts.tsv,4f464ced-080f-41f1-9a00-955db0d5fda6
TCGA-BRCA,4bdb6c69-67b3-406b-9ac6-9cca2c15f52f,TCGA-C8-A273,31180222-da6e-4106-9b49-09be93d68138,7289e7d5-65af-4d53-a4de-2691991d90d6.rna_seq.augmented_star_gene_counts.tsv,31180222-da6e-4106-9b49-09be93d68138
TCGA-BRCA,a14e7e3d-0593-4d69-b17b-e79dfb065a0f,TCGA-AC-A3QP,4e261db3-6727-49bc-8a2e-77a7a30b4fa7,3a264c56-869b-4572-89d5-12894386a0de.rna_seq.augmented_star_gene_counts.tsv,4e261db3-6727-49bc-8a2e-77a7a30b4fa7
TCGA-BRCA,2a5f4696-6e02-4fe9-b66d-8c2ae93b7c2f,TCGA-B6-A0I1,1852f5d0-ce76-4f0d-87a7-0383f338c96b,de57eef8-932d-4e4f-a67d-835a87d72116.rna_seq.augmented_star_gene_counts.tsv,1852f5d0-ce76-4f0d-87a7-0383f338c96b
TCGA-BRCA,bfd30c90-9b30-4e7b-96f5-1f1b2ce23f04,TCGA-EW-A1IW,a835cfe4-9359-4178-9c9a-44ecb4173e47,bd5e632d-9a7d-454f-838e-10b76665a4d3.rna_seq.augmented_star_gene_counts.tsv,a835cfe4-9359-4178-9c9a-44ecb4173e47
TCGA-BRCA,3b675bbd-b18e-4b72-b3c3-30527a9c157a,TCGA-D8-A1XF,a39defa6-87ec-4855-ab78-44f6b46152e1,bf2a1913-2806-4b97-bcc6-e7038b900e15.rna_seq.augmented_star_gene_counts.tsv,a39defa6-87ec-4855-ab78-44f6b46152e1
TCGA-BRCA,8a790c78-8ad4-4e0b-9728-0e24cadc1f98,TCGA-A7-A13E,0a511373-8fd3-433a-a5e1-877530d6a239,5991af25-0b64-43d2-867a-6b9713b17af9.rna_seq.augmented_star_gene_counts.tsv,0a511373-8fd3-433a-a5e1-877530d6a239
TCGA-BRCA,429d3dc6-452e-48fc-9dce-e418317a77d3,TCGA-D8-A145,3ecfecef-4180-4b7a-8d9a-5532b47ef500,c2fe2d79-efb1-4e4d-a297-bd6b15703d10.rna_seq.augmented_star_gene_counts.tsv,3ecfecef-4180-4b7a-8d9a-5532b47ef500
TCGA-BRCA,838f924a-989c-4642-ba15-d711df6ccb37,TCGA-BH-A0HI,36a42825-dbc2-4dff-828c-e5008207d254,66116a4d-210d-45f8-8dba-3f8c79566ecc.rna_seq.augmented_star_gene_counts.tsv,36a42825-dbc2-4dff-828c-e5008207d254
TCGA-BRCA,402aa07d-b3c1-48a6-bf27-36917a30c33d,TCGA-E2-A1B6,c28e4bbf-6ddc-42fd-9268-826edc17aee5,cae39998-47d3-4a80-8acb-67d3a9518306.rna_seq.augmented_star_gene_counts.tsv,c28e4bbf-6ddc-42fd-9268-826edc17aee5
TCGA-BRCA,35276e2e-eb29-47be-88ab-3822b82153ea,TCGA-A2-A0YK,55f42211-4119-40a3-b5e4-329e913ef910,9f5a0552-a0a1-4aa7-a32d-7a1951889cdd.rna_seq.augmented_star_gene_counts.tsv,55f42211-4119-40a3-b5e4-329e913ef910
TCGA-BRCA,2d80cd9e-8906-4fc9-9645-b3c137d71dc7,TCGA-A8-A07O,d1237195-a00b-4c52-86b3-4627c42eb14c,b7c49a13-6b0f-411a-940e-b35c17818aaa.rna_seq.augmented_star_gene_counts.tsv,d1237195-a00b-4c52-86b3-4627c42eb14c
TCGA-BRCA,acc566d9-9cfe-4deb-b1a0-f04b5a0449f5,TCGA-S3-AA0Z,44c12577-af9f-4f8c-8b18-24269d6604cb,c7066edf-43fc-4bcf-bb63-ab75860d2410.rna_seq.augmented_star_gene_counts.tsv,44c12577-af9f-4f8c-8b18-24269d6604cb
TCGA-BRCA,acc34a68-41a6-4c75-8f69-c0ce8727d7e7,TCGA-LL-A8F5,1d8697f1-4e89-4987-b26b-a29d791f19ca,7d2b6ff4-8f35-41cf-b078-3e78d0b81800.rna_seq.augmented_star_gene_counts.tsv,1d8697f1-4e89-4987-b26b-a29d791f19ca
TCGA-BRCA,764a5732-0b44-4cbe-93f2-7b84fd7d81a1,TCGA-MS-A51U,dad6be14-a519-478d-9f53-122417453a0e,5d96c14c-7c43-40a1-ba9a-b482a0ad00ee.rna_seq.augmented_star_gene_counts.tsv,dad6be14-a519-478d-9f53-122417453a0e
TCGA-BRCA,a1953616-e244-4a52-b283-2e39d58f2c9a,TCGA-S3-AA14,e6ea1343-0da3-43f3-9845-4845db02edb8,697cb422-6fda-499a-b808-9ca2357b9b51.rna_seq.augmented_star_gene_counts.tsv,e6ea1343-0da3-43f3-9845-4845db02edb8
TCGA-BRCA,cc10feb5-ced7-4c1e-b429-c4ac77236765,TCGA-LL-A50Y,3253f315-5ea3-44fc-899f-f9e8f5b6fa96,01f6286b-8422-4f16-bec3-871c86396790.rna_seq.augmented_star_gene_counts.tsv,3253f315-5ea3-44fc-899f-f9e8f5b6fa96
TCGA-BRCA,4d7f3615-8da4-4702-a84f-efd533311291,TCGA-LL-A6FQ,21836f98-cc95-46d3-8f40-6c9625f940ba,b6df0d7c-1c41-4b7d-8685-ce6fba4e7ab3.rna_seq.augmented_star_gene_counts.tsv,21836f98-cc95-46d3-8f40-6c9625f940ba
TCGA-BRCA,7f00169e-2572-4158-a453-ccec33cd2159,TCGA-BH-A0AY,27513ce4-3807-481f-abcb-c59774a90519,e682e28e-0611-4e92-899c-637fde17423d.rna_seq.augmented_star_gene_counts.tsv,27513ce4-3807-481f-abcb-c59774a90519
TCGA-BRCA,550f24b0-a925-41d6-be27-96c827693611,TCGA-AR-A1AP,5728b421-9832-417b-8963-b7b17decc58e,ea1ff936-0327-419f-b104-008511b8af5d.rna_seq.augmented_star_gene_counts.tsv,5728b421-9832-417b-8963-b7b17decc58e
TCGA-BRCA,e240d339-c042-42dc-b97a-d1effcac44b7,TCGA-A2-A0T0,bbd09e9b-84ba-458f-a595-b03069b843dd,2100a159-27a6-47f2-a2f2-58f5343e88b0.rna_seq.augmented_star_gene_counts.tsv,bbd09e9b-84ba-458f-a595-b03069b843dd
TCGA-BRCA,32915a08-0985-4232-bb08-a4b0850cb11c,TCGA-D8-A73U,a8fa9282-6695-477a-8202-73882cdfa8f7,77e4a7c3-f2cd-4b5e-8c18-bfa3ce91cf56.rna_seq.augmented_star_gene_counts.tsv,a8fa9282-6695-477a-8202-73882cdfa8f7
TCGA-BRCA,ddfbecf6-37e3-4015-bb24-125ccdd60d25,TCGA-C8-A135,0a74ea3f-dadc-4c9f-96ea-62a77c1e602c,4fa35f20-e26e-4bb0-811d-b307e3927904.rna_seq.augmented_star_gene_counts.tsv,0a74ea3f-dadc-4c9f-96ea-62a77c1e602c
TCGA-BRCA,4c3d691c-fdf7-46e3-977e-68500c4ac358,TCGA-B6-A0IG,f36e613e-af30-4b1c-aaf3-89540e05ddb1,281a89c1-e817-49d4-afa1-2894c2747919.rna_seq.augmented_star_gene_counts.tsv,f36e613e-af30-4b1c-aaf3-89540e05ddb1
TCGA-BRCA,10285a0d-d8cc-4c20-a8a2-8891d9807599,TCGA-BH-A0DQ,c642f518-6ba5-4c90-9f0c-0bad0ed80199,ea16db3d-eb2a-44b3-bf22-258e583dbcf4.rna_seq.augmented_star_gene_counts.tsv,c642f518-6ba5-4c90-9f0c-0bad0ed80199
TCGA-BRCA,e7bb0755-d706-480d-989d-108b3e817973,TCGA-AQ-A54O,da8c5f1e-a4e3-46bd-adb3-ce758e654983,c36f7911-13d2-4230-a5f5-e9c562d763bc.rna_seq.augmented_star_gene_counts.tsv,da8c5f1e-a4e3-46bd-adb3-ce758e654983
TCGA-BRCA,e943ba18-21be-49ec-8d2a-cfad16e37fa0,TCGA-BH-A5IZ,466bf078-4844-457e-8f59-7b0ca28024d8,ec60e081-f075-4c72-b1e7-62e1f1429fc1.rna_seq.augmented_star_gene_counts.tsv,466bf078-4844-457e-8f59-7b0ca28024d8
TCGA-BRCA,93324982-7cfa-477c-88a0-b6eef61f6ca2,TCGA-D8-A1XQ,ec7b77d4-41a2-4892-be79-23cb24f986d3,7d736f2b-b73e-4fc1-8d3f-9f350f88171a.rna_seq.augmented_star_gene_counts.tsv,ec7b77d4-41a2-4892-be79-23cb24f986d3
TCGA-BRCA,287b037a-c32a-49f0-bed6-7674d2e26574,TCGA-D8-A3Z6,0682b5b9-8529-4152-b6f9-1a13180eedee,d5066dc8-74bb-415a-84aa-9f74b61faa20.rna_seq.augmented_star_gene_counts.tsv,0682b5b9-8529-4152-b6f9-1a13180eedee
TCGA-BRCA,20308c88-18f2-4373-9e93-1f1d589d97e2,TCGA-BH-A0DL,683e004b-7992-4250-a94b-c355c45725d2,50108c12-718c-48fc-8f76-23ce0c13e2e6.rna_seq.augmented_star_gene_counts.tsv,683e004b-7992-4250-a94b-c355c45725d2
TCGA-BRCA,b8718131-47af-4eec-b601-12fa3969ca44,TCGA-AO-A1KP,fbdb3ca1-c7c8-437e-a315-25e3bc623236,a740aa2d-a410-443f-99f4-3a123deb2f41.rna_seq.augmented_star_gene_counts.tsv,fbdb3ca1-c7c8-437e-a315-25e3bc623236
TCGA-BRCA,8da9c00e-1ec3-4657-9511-a2a00b8961cb,TCGA-A2-A25E,d721071e-6c0e-46df-9158-1fe37a64f1ed,a78e7939-a1ea-4b9d-ae55-3c1dc985bbd8.rna_seq.augmented_star_gene_counts.tsv,d721071e-6c0e-46df-9158-1fe37a64f1ed
TCGA-BRCA,581cc2a6-e95c-46e1-8530-598a616e86be,TCGA-BH-A0BR,196aed5b-6812-47c5-ad7b-4dd1743ed0b5,8cf6a0f3-9dfb-41f5-b855-c313c583e707.rna_seq.augmented_star_gene_counts.tsv,196aed5b-6812-47c5-ad7b-4dd1743ed0b5
TCGA-BRCA,5cedca81-7593-48c9-8bed-ebd294347ce7,TCGA-AR-A1AO,f88ba6a1-27bf-43fa-a2c7-05db1eb9e8ea,cfba3fd3-4d84-46e6-9c12-8bf8481b35aa.rna_seq.augmented_star_gene_counts.tsv,f88ba6a1-27bf-43fa-a2c7-05db1eb9e8ea
TCGA-BRCA,7d53f59e-5ae6-4325-9054-c9b1eac7983d,TCGA-A8-A0A1,121a48ed-798d-4102-bb8f-e736570e18d6,f988afae-48f8-4ecc-bb84-87924b454bf0.rna_seq.augmented_star_gene_counts.tsv,121a48ed-798d-4102-bb8f-e736570e18d6
TCGA-BRCA,071f43e9-e416-453b-a519-c197c5aaf1d1,TCGA-AN-A0FT,2ff175d2-100f-4ce8-8d1e-b3b95b41ae56,7d746ed3-9bfa-4f66-9c5a-594284ecd811.rna_seq.augmented_star_gene_counts.tsv,2ff175d2-100f-4ce8-8d1e-b3b95b41ae56
TCGA-BRCA,6b1bb382-0103-4207-a0e8-871aa6aae81c,TCGA-E9-A1RH,0d140db1-dc0d-431d-b389-846d05bbb827,d0ee5ff7-a49a-4633-93a6-40c9e29fb0b7.rna_seq.augmented_star_gene_counts.tsv,0d140db1-dc0d-431d-b389-846d05bbb827
TCGA-BRCA,e4f422a0-1142-4bf2-b848-b681295b370e,TCGA-AR-A2LQ,908283cf-b948-4474-906e-bd07195d0805,412b96f4-4463-49ab-aee6-78b3859e7b70.rna_seq.augmented_star_gene_counts.tsv,908283cf-b948-4474-906e-bd07195d0805
TCGA-BRCA,2e78b083-64df-4f0e-95ae-783209aee124,TCGA-AR-A1AI,7774e389-c3c5-4abf-846c-4e8eead7e521,20658f84-7e36-440f-9e88-08eab304813b.rna_seq.augmented_star_gene_counts.tsv,7774e389-c3c5-4abf-846c-4e8eead7e521
TCGA-BRCA,3f2c52a6-d79d-407d-9c71-11a58ab4e129,TCGA-C8-A12N,e18e1661-70dd-4b36-ae6c-c0265fbe01bb,7647345c-1654-490f-9a18-b43005225bce.rna_seq.augmented_star_gene_counts.tsv,e18e1661-70dd-4b36-ae6c-c0265fbe01bb
TCGA-BRCA,3c2bed9f-2ab5-4623-b631-99e394d7723d,TCGA-E9-A1N9,4c57cb4f-b4dc-4cfa-9af5-1447422c5b95,171e095d-2236-43c8-9670-23608e6cc8ab.rna_seq.augmented_star_gene_counts.tsv,4c57cb4f-b4dc-4cfa-9af5-1447422c5b95
TCGA-BRCA,d36bac7b-872b-44a8-8c7f-8cb850b49603,TCGA-D8-A4Z1,1277b2ec-0374-403f-8bba-cb57aeeb0d01,0631de29-6e9a-4928-ab8a-c76bd44dbd45.rna_seq.augmented_star_gene_counts.tsv,1277b2ec-0374-403f-8bba-cb57aeeb0d01
TCGA-BRCA,00a59c97-91b4-413e-8d9e-674753997221,TCGA-AO-A1KR,707414cc-7f34-41c6-8803-6641521a4069,b1d64529-4f34-4644-b0e7-20606827ccd4.rna_seq.augmented_star_gene_counts.tsv,707414cc-7f34-41c6-8803-6641521a4069
TCGA-BRCA,d763edf9-b6f2-4814-b263-180aced12da2,TCGA-AC-A6IW,3208ca18-f70a-415e-8d10-5e9cb8a24b52,0b59b278-d2f6-4aa6-bf6d-b8d743ae83af.rna_seq.augmented_star_gene_counts.tsv,3208ca18-f70a-415e-8d10-5e9cb8a24b52
TCGA-BRCA,9e1e6f69-aece-4672-a059-d27af0352c84,TCGA-OL-A5RU,6185d5c4-f757-4baa-bd82-fd4050c57312,a32190c5-a193-4e90-ac98-38a600bb10f0.rna_seq.augmented_star_gene_counts.tsv,6185d5c4-f757-4baa-bd82-fd4050c57312
TCGA-BRCA,a99e45da-6933-4300-9c8a-e9d0f9e9c825,TCGA-BH-A0DS,158cc60a-89b0-40f0-8536-8c0f0e31429b,a5e348aa-d0fd-40fb-a171-b51a36e53612.rna_seq.augmented_star_gene_counts.tsv,158cc60a-89b0-40f0-8536-8c0f0e31429b
TCGA-BRCA,64149d95-1ec6-47eb-985b-0f67252d7f26,TCGA-PL-A8LX,ac16e2b7-9566-4330-8e13-4b31b92410e4,94367ad2-de29-4beb-8dab-f79174894cd2.rna_seq.augmented_star_gene_counts.tsv,ac16e2b7-9566-4330-8e13-4b31b92410e4
TCGA-BRCA,075393f6-0404-410e-9fd5-7c2c63d3fa84,TCGA-AC-A3EH,d93c4b85-2617-43d9-8017-ed3a82dc4117,5cb07e9d-28b8-41bf-bbb5-b8b56cc12cdc.rna_seq.augmented_star_gene_counts.tsv,d93c4b85-2617-43d9-8017-ed3a82dc4117
TCGA-BRCA,3944bcd6-1a95-4297-8cf3-7e7d38b9390e,TCGA-E9-A295,477f941f-1fb8-438f-802e-2e7fe6552fab,5e36c4a2-fc6b-418f-80ab-dbd95b26a39e.rna_seq.augmented_star_gene_counts.tsv,477f941f-1fb8-438f-802e-2e7fe6552fab
TCGA-BRCA,317b72a8-0332-4db8-b9d1-9a26d9907a24,TCGA-C8-A26W,800ca72f-4bd7-46d7-904b-bcda2fa3500c,c58a5583-7b04-4b67-9372-e161e18d7de1.rna_seq.augmented_star_gene_counts.tsv,800ca72f-4bd7-46d7-904b-bcda2fa3500c
TCGA-BRCA,e852c16b-cd36-4551-8cc5-8b59719ca987,TCGA-B6-A40C,641c4e5d-4880-4f5e-9d1e-702cab91a6b4,32c15b29-da14-4eb5-8c86-39efc94319df.rna_seq.augmented_star_gene_counts.tsv,641c4e5d-4880-4f5e-9d1e-702cab91a6b4
TCGA-BRCA,69dbb2ae-3f19-4c29-9c24-810ae60312f3,TCGA-A2-A0EU,c7019746-2fcf-4b4b-b7e5-025413e1014f,c568f4a0-601e-4b45-b69e-cde40d94bb3d.rna_seq.augmented_star_gene_counts.tsv,c7019746-2fcf-4b4b-b7e5-025413e1014f
TCGA-BRCA,09191482-34de-4130-afbe-dd47d481d539,TCGA-AQ-A1H3,77cdf045-d52d-4cc1-b2f1-e2b0d106af0f,51538db5-edf3-40bc-ae5e-dc9b552e8b53.rna_seq.augmented_star_gene_counts.tsv,77cdf045-d52d-4cc1-b2f1-e2b0d106af0f
TCGA-BRCA,e586a2b3-1132-45db-9283-dc318653a09f,TCGA-BH-A0BC,de6f1503-33d7-4f86-b835-bdffba7ea4e3,195d8bd4-352c-4407-9319-797d915c72b8.rna_seq.augmented_star_gene_counts.tsv,de6f1503-33d7-4f86-b835-bdffba7ea4e3
TCGA-BRCA,47436ce0-438f-475b-ac0d-1972d0c5285e,TCGA-B6-A0I2,ccd3b6f5-b425-47fb-b48e-0e24a4d6a4b2,daff3e2d-69ea-4c1d-bbad-8f6cca9bdc1f.rna_seq.augmented_star_gene_counts.tsv,ccd3b6f5-b425-47fb-b48e-0e24a4d6a4b2
TCGA-BRCA,c385c7fc-0e3e-4fc8-87c1-6db442e5606f,TCGA-A8-A08L,cf089a52-2196-422d-affa-a5f434edd134,4d7842e5-9d8b-433a-a768-7a40129bdd0d.rna_seq.augmented_star_gene_counts.tsv,cf089a52-2196-422d-affa-a5f434edd134
TCGA-BRCA,f4d51ca6-89a6-4571-ae8d-0fad7dde4452,TCGA-A1-A0SF,4ef93d93-a6c6-4137-944c-6092e4ff7ae9,8c147a31-a1be-4464-9606-12b14fbdf8d3.rna_seq.augmented_star_gene_counts.tsv,4ef93d93-a6c6-4137-944c-6092e4ff7ae9
TCGA-BRCA,1be0c409-dd2c-4d82-80c4-2a71ec4d17d4,TCGA-AO-A03R,3bc9d1c0-b57f-44b5-8624-b3ee99aeafe4,f4847715-a3e0-49a4-bcc9-95175d0be463.rna_seq.augmented_star_gene_counts.tsv,3bc9d1c0-b57f-44b5-8624-b3ee99aeafe4
TCGA-BRCA,8046edc0-e5f9-42ec-85f2-6cc66596633f,TCGA-AN-A0FV,a4589532-53e0-4025-b8d3-e11e79e1fc9c,9de4575c-0d10-4548-8881-fd4a5a46a5ac.rna_seq.augmented_star_gene_counts.tsv,a4589532-53e0-4025-b8d3-e11e79e1fc9c
TCGA-BRCA,dcc31bf1-9890-4fb1-9677-b5fb77e1fc37,TCGA-AR-A24N,f7b5d569-1a46-4f23-bfca-a46daacda793,ad8c55ae-46df-43cd-8cb5-c049e3019959.rna_seq.augmented_star_gene_counts.tsv,f7b5d569-1a46-4f23-bfca-a46daacda793
TCGA-BRCA,27b748ba-fef9-4eaa-96b6-a8ad31b5c478,TCGA-AN-A0FK,82d46633-2eea-4b43-81b6-addab4f069b4,7fa3f262-b786-4b89-b38f-505bff13c382.rna_seq.augmented_star_gene_counts.tsv,82d46633-2eea-4b43-81b6-addab4f069b4
TCGA-BRCA,10f2905c-6bac-4050-9327-926c5c4de29f,TCGA-E2-A14Q,a03952ab-2ac1-43a5-a438-1f022bcd0b16,3823e741-c29c-431e-9397-4d16a30ec473.rna_seq.augmented_star_gene_counts.tsv,a03952ab-2ac1-43a5-a438-1f022bcd0b16
TCGA-BRCA,0d9139aa-d829-4ac9-8a65-822dcf79971c,TCGA-A2-A0EM,24c5fcbb-019c-4636-813b-0b9d4d1d9501,ca823082-ede5-4bfd-8498-7e492f39bcd6.rna_seq.augmented_star_gene_counts.tsv,24c5fcbb-019c-4636-813b-0b9d4d1d9501
TCGA-BRCA,b6359ede-df10-44b9-a2e2-bbf900eeb241,TCGA-AO-A12D,a58e2ae3-a236-4209-8292-70465216cb85,e614fbb4-7574-4704-9525-c0aea4c10fc6.rna_seq.augmented_star_gene_counts.tsv,a58e2ae3-a236-4209-8292-70465216cb85
TCGA-BRCA,8c8d4bd4-3aa9-4ad1-9715-2376ee540a0c,TCGA-LQ-A4E4,d53192c4-2356-4b6c-b98f-19eded7b7e29,6733afa1-b0b8-440e-b54c-98e5fdec854c.rna_seq.augmented_star_gene_counts.tsv,d53192c4-2356-4b6c-b98f-19eded7b7e29
TCGA-BRCA,8cc4fd25-dd8b-4983-ac21-24f3cf3e51cd,TCGA-BH-A0H5,03d18286-1038-4c0c-9c05-d1269e280250,8bfd50fb-d6d8-44cd-a492-1e0a983e40b6.rna_seq.augmented_star_gene_counts.tsv,03d18286-1038-4c0c-9c05-d1269e280250
TCGA-BRCA,0f6ed829-a59b-48b7-a2ca-3aa9db40e4c2,TCGA-D8-A27T,d880fcce-ad8a-4402-911c-11129d2225df,d12c28eb-32c5-4523-af42-9ad130014a40.rna_seq.augmented_star_gene_counts.tsv,d880fcce-ad8a-4402-911c-11129d2225df
TCGA-BRCA,80265a56-75ca-479d-b92b-4fdaeb18ed17,TCGA-D8-A1JN,4f89dad8-a12e-47d2-a7d9-c1b90f1bd61b,99f6995f-acee-4d0d-889f-91b0631d15fe.rna_seq.augmented_star_gene_counts.tsv,4f89dad8-a12e-47d2-a7d9-c1b90f1bd61b
TCGA-BRCA,e957973b-0b41-484f-9f16-a112bed3107e,TCGA-A2-A1G6,0c3ddae2-366f-4b21-ab46-a2cfe1963e42,0ef46de9-c9e7-42f0-92bf-c17dc2ede102.rna_seq.augmented_star_gene_counts.tsv,0c3ddae2-366f-4b21-ab46-a2cfe1963e42
TCGA-BRCA,3e2102ac-0d18-4cf5-8617-863245e21b3f,TCGA-EW-A1J3,b9549737-232d-446f-812f-e7e015bfb462,ca05380c-ec64-451e-9834-9a5996017749.rna_seq.augmented_star_gene_counts.tsv,b9549737-232d-446f-812f-e7e015bfb462
TCGA-BRCA,50bd5c91-6557-4456-92d3-ae40cf7a8b9d,TCGA-GM-A3NY,ea7281b8-a53c-453a-93e9-69549c5f0fe8,3aedd29b-c089-4319-a7cb-61411a737e92.rna_seq.augmented_star_gene_counts.tsv,ea7281b8-a53c-453a-93e9-69549c5f0fe8
TCGA-BRCA,4b4ddc10-5b37-42d2-bbf8-b0cac95ae1b3,TCGA-EW-A423,490df7f9-4b05-449d-bf47-d7de49aa50c0,5cbf0ea7-4f5e-4dd7-a93e-8eb12a22d4e6.rna_seq.augmented_star_gene_counts.tsv,490df7f9-4b05-449d-bf47-d7de49aa50c0
TCGA-BRCA,673cf36a-0405-4671-a76b-f0607d56beaf,TCGA-A2-A0CY,c96ef17c-52c1-43d9-a7e5-730fd8f3641f,5e50611e-9e98-480c-bc47-28070e9edeea.rna_seq.augmented_star_gene_counts.tsv,c96ef17c-52c1-43d9-a7e5-730fd8f3641f
TCGA-BRCA,0c8615d8-e7a2-465a-8de3-961734941c16,TCGA-E2-A10A,1a8d6cfd-095d-4461-875a-56d27816a0f5,d32c4662-2b0b-4f78-b031-e6ff5286664c.rna_seq.augmented_star_gene_counts.tsv,1a8d6cfd-095d-4461-875a-56d27816a0f5
TCGA-BRCA,159debac-79e0-4727-940c-020e120f8347,TCGA-A2-A1G1,269215ae-9040-4ac6-9d3d-017c0cbb2811,eb805bd1-e1d5-47b1-8bbd-31f91fcee225.rna_seq.augmented_star_gene_counts.tsv,269215ae-9040-4ac6-9d3d-017c0cbb2811
TCGA-BRCA,d3263082-946d-4420-8a63-8d67eeee09c5,TCGA-A8-A075,27aab1a6-96af-4dc1-b9ce-4690ead0d355,39eaa466-f50c-402e-b127-b6b016d0480d.rna_seq.augmented_star_gene_counts.tsv,27aab1a6-96af-4dc1-b9ce-4690ead0d355
TCGA-BRCA,659ee487-4309-4d68-a9bc-9079ee87e4a9,TCGA-JL-A3YX,5064b439-81da-4ef3-b2de-bbca8d3a07e7,bcc561a3-5de8-4341-a5a6-13e19214b2b7.rna_seq.augmented_star_gene_counts.tsv,5064b439-81da-4ef3-b2de-bbca8d3a07e7
TCGA-BRCA,f76e87a9-4a50-48b4-9527-eac98c38800e,TCGA-BH-A0HW,3a0c96d3-4cea-44a3-99e5-71622279700f,1bc678a3-1850-4ab6-874b-d68992fddc7b.rna_seq.augmented_star_gene_counts.tsv,3a0c96d3-4cea-44a3-99e5-71622279700f
TCGA-BRCA,8ef7ad6f-a6e4-405c-b20e-d547985bd9d6,TCGA-BH-A0WA,7789d241-991c-4cc9-a557-69d5c439b930,24edd191-20a1-4887-951a-3f0a753d43f8.rna_seq.augmented_star_gene_counts.tsv,7789d241-991c-4cc9-a557-69d5c439b930
TCGA-BRCA,940d64bd-8c96-476f-84f9-678d1ed3500f,TCGA-D8-A1JB,5039a492-4dc7-4191-9edd-187cb181da2d,0cf58c62-a75d-413b-8ce3-4d90f4688b04.rna_seq.augmented_star_gene_counts.tsv,5039a492-4dc7-4191-9edd-187cb181da2d
TCGA-BRCA,dce6cac3-6c76-4574-b7a8-c7083b12f22e,TCGA-BH-A0AV,f03677e2-11ab-40b2-8499-591357c2c9d6,32fdc0ce-d263-4622-8f8c-3df009bf2535.rna_seq.augmented_star_gene_counts.tsv,f03677e2-11ab-40b2-8499-591357c2c9d6
TCGA-BRCA,f713031b-b8ee-4195-91b1-ac9cf63d76a4,TCGA-BH-A1EX,17ff23ff-17b3-4ed1-b10c-2d922c045807,663797a8-ffd2-48a2-a5f6-992b5eb3c745.rna_seq.augmented_star_gene_counts.tsv,17ff23ff-17b3-4ed1-b10c-2d922c045807
TCGA-BRCA,74ec0a11-f4f7-4f19-93f9-48674394a885,TCGA-A2-A4S0,383b947b-6824-4c75-b4f3-ccfa933d3d33,857c31be-44ec-42bc-ba2c-5f17ac1d9a8c.rna_seq.augmented_star_gene_counts.tsv,383b947b-6824-4c75-b4f3-ccfa933d3d33
TCGA-BRCA,99095138-b471-48d0-aed9-dd8afc8ded68,TCGA-OL-A5RZ,0fc096b2-7fb5-4dc6-ae94-aa7dae6f885f,33527fe8-7215-45bd-8520-b290995b839d.rna_seq.augmented_star_gene_counts.tsv,0fc096b2-7fb5-4dc6-ae94-aa7dae6f885f
TCGA-BRCA,0692591c-b717-4d4e-b3ce-ea1620eb127e,TCGA-UU-A93S,a7091211-3bf5-4d3b-8625-57281bc0cd56,bf121f27-c765-4f64-8a9f-73c30427217b.rna_seq.augmented_star_gene_counts.tsv,a7091211-3bf5-4d3b-8625-57281bc0cd56
TCGA-BRCA,c26f4fcf-bb96-46ba-80df-c8f3b926a296,TCGA-OL-A5RX,f73d3dce-d75f-4f76-b49c-99348ee641cc,1bd6dff8-ad21-4a45-b496-2d52ba995e5e.rna_seq.augmented_star_gene_counts.tsv,f73d3dce-d75f-4f76-b49c-99348ee641cc
TCGA-BRCA,65842833-68a7-4efd-a781-19b5dc6bd257,TCGA-BH-A6R9,bb1ee078-38d1-4e5d-af50-50754fce7112,2553a422-8136-4fb9-95af-3ffafff2d223.rna_seq.augmented_star_gene_counts.tsv,bb1ee078-38d1-4e5d-af50-50754fce7112
TCGA-BRCA,9d501ca9-f50d-45fc-bcc3-fee15f9771cd,TCGA-BH-A1EO,c84958db-e7a3-4cd5-9b5e-a5435a86021d,9dd14de1-13c3-4586-8aad-1f3b0cb63de7.rna_seq.augmented_star_gene_counts.tsv,c84958db-e7a3-4cd5-9b5e-a5435a86021d
TCGA-BRCA,dd8ebcff-9598-45db-b762-7ef446159e52,TCGA-A2-A0T7,6bd03014-d3b8-4cac-929b-af970321ae1f,8923da54-2f7c-4315-9fc2-a1d6502df55b.rna_seq.augmented_star_gene_counts.tsv,6bd03014-d3b8-4cac-929b-af970321ae1f
TCGA-BRCA,be0c070b-a114-4bae-9409-33f216bbfd4f,TCGA-D8-A141,51886a03-7aee-4b58-806f-906a29bfad0c,273bc6c8-f5a9-44df-a707-5274fcba8362.rna_seq.augmented_star_gene_counts.tsv,51886a03-7aee-4b58-806f-906a29bfad0c
TCGA-BRCA,e8eda441-d2d9-4708-bb9c-21f7da4e3094,TCGA-AO-A0JG,e94ef671-995d-452b-bcbe-993e5b437a68,b29eda98-8a40-4c9f-ab41-7d6eded84d50.rna_seq.augmented_star_gene_counts.tsv,e94ef671-995d-452b-bcbe-993e5b437a68
TCGA-BRCA,9f48e197-0bfb-430e-a874-d14178485367,TCGA-AO-A12G,bf26a3fb-39a8-4eff-b801-a7dd915e73f5,01ae5613-1c58-4d02-8fd3-47d35d71c22d.rna_seq.augmented_star_gene_counts.tsv,bf26a3fb-39a8-4eff-b801-a7dd915e73f5
TCGA-BRCA,79a531b5-1bf5-442b-bef7-72b9fc628f5f,TCGA-AQ-A54N,ea5c9d47-1803-4bd5-88da-352e172bc45d,7c3fbd41-7360-49e2-9c5e-9570dd24fcac.rna_seq.augmented_star_gene_counts.tsv,ea5c9d47-1803-4bd5-88da-352e172bc45d
TCGA-BRCA,d22e0f16-8d28-467d-ab10-2dd72f7eab42,TCGA-A2-A0CK,87b59374-da2d-41ba-bbde-43a9022eac2c,eee9bac6-9fb4-4b3a-8b97-cebac861a00b.rna_seq.augmented_star_gene_counts.tsv,87b59374-da2d-41ba-bbde-43a9022eac2c
TCGA-BRCA,de27ccdd-56a4-44e9-89a3-ff0173026315,TCGA-B6-A0X7,9054231e-9b1f-4ee4-b22c-1e9dbfdcfc03,06ce7b93-1264-4219-8a2f-d8f0d295e45f.rna_seq.augmented_star_gene_counts.tsv,9054231e-9b1f-4ee4-b22c-1e9dbfdcfc03
TCGA-BRCA,8caec376-1f90-4802-947f-b893c370f219,TCGA-D8-A13Z,fd371070-c312-4eca-b3da-d41b1c8a86a7,47e6db9a-52b4-4a3b-8c5f-1cb8fa48f7ea.rna_seq.augmented_star_gene_counts.tsv,fd371070-c312-4eca-b3da-d41b1c8a86a7
TCGA-BRCA,644c9a14-09da-4382-a6d1-dce67f25a4ff,TCGA-E2-A1L9,ea01e210-0d45-4c23-8644-904771672188,23b6c182-bb01-403a-9844-560518d059ac.rna_seq.augmented_star_gene_counts.tsv,ea01e210-0d45-4c23-8644-904771672188
TCGA-BRCA,6a6b6b80-65c6-413d-94ed-07f13e48d62c,TCGA-A2-A4RY,f55dbdb1-0301-4000-a854-717aed117a63,45312cc1-6a70-441f-9711-85dcc224bb98.rna_seq.augmented_star_gene_counts.tsv,f55dbdb1-0301-4000-a854-717aed117a63
TCGA-BRCA,8063e0be-03ea-4a66-8592-dbb2d9f49045,TCGA-BH-A8FY,bdf5a2b7-f9cb-4668-9687-1db0541bdfe4,47750d31-987c-48bc-b5a2-4872eecb0ed0.rna_seq.augmented_star_gene_counts.tsv,bdf5a2b7-f9cb-4668-9687-1db0541bdfe4
TCGA-BRCA,e8ff6081-cb82-4316-8c22-1c1cb1b6552b,TCGA-AR-A0TQ,82255740-abaa-47b3-9def-89b0673d1cfb,4387a2a8-5011-44c4-8027-61d5ab3792a0.rna_seq.augmented_star_gene_counts.tsv,82255740-abaa-47b3-9def-89b0673d1cfb
TCGA-BRCA,8a790c78-8ad4-4e0b-9728-0e24cadc1f98,TCGA-A7-A13E,4b96ee43-874c-4fa6-b5ce-08caf37ef2e1,d27304e0-1b0b-4fc3-8e0d-af2c305d30f8.rna_seq.augmented_star_gene_counts.tsv,4b96ee43-874c-4fa6-b5ce-08caf37ef2e1
TCGA-BRCA,b16578d4-4d04-430d-8f9c-168ec0288cf1,TCGA-A8-A07P,c2c7669c-0eea-48a8-add8-bd5ea3f9808f,5dc7afc5-90d0-4286-a6f9-c2548f930e35.rna_seq.augmented_star_gene_counts.tsv,c2c7669c-0eea-48a8-add8-bd5ea3f9808f
TCGA-BRCA,700477dc-5eb4-4efb-a301-12172a7469f7,TCGA-BH-A0DH,73aeda8d-ef07-4d3d-a0fc-643943dd046a,e97a2bf2-c5bd-4dbf-9940-450a8a99e9df.rna_seq.augmented_star_gene_counts.tsv,73aeda8d-ef07-4d3d-a0fc-643943dd046a
TCGA-BRCA,4b35717e-b682-4b39-a5ef-5c9c037e6304,TCGA-AC-A8OR,65264188-23f8-4214-a45a-574f47471bb3,d5926b71-692e-4b6f-a7e1-8b5afdd745c6.rna_seq.augmented_star_gene_counts.tsv,65264188-23f8-4214-a45a-574f47471bb3
TCGA-BRCA,af859133-ccf5-4157-a260-738c9583c17b,TCGA-A8-A09W,819746a4-f2c1-4fc2-8dbe-b9c34892d510,5a3c544e-069c-4d6b-b7b7-0f41ff71dee2.rna_seq.augmented_star_gene_counts.tsv,819746a4-f2c1-4fc2-8dbe-b9c34892d510
TCGA-BRCA,4ad4076c-16c8-425e-9400-57fbf30bffee,TCGA-AN-A0XL,10d1a1f0-c89b-4b1e-93fa-7c6fd7f5bb8f,05b55f88-290a-4abd-bbc3-44561ba1f8b7.rna_seq.augmented_star_gene_counts.tsv,10d1a1f0-c89b-4b1e-93fa-7c6fd7f5bb8f
TCGA-BRCA,8fc813ab-c217-4fae-9189-be0a2b7e0360,TCGA-AO-A12F,d6882616-b77d-4d4c-90dc-7318c57876e1,4e01a01d-eded-4d02-b8aa-1920c6997726.rna_seq.augmented_star_gene_counts.tsv,d6882616-b77d-4d4c-90dc-7318c57876e1
TCGA-BRCA,da3319a2-f906-495c-b0de-38cb8672e28f,TCGA-E2-A570,478c9754-5a19-477b-8b9d-0825f95f88ff,80982d2d-ce35-4251-a545-391c0d6295d8.rna_seq.augmented_star_gene_counts.tsv,478c9754-5a19-477b-8b9d-0825f95f88ff
TCGA-BRCA,17f2ecdd-59bb-4251-a1b3-2e0a461ea070,TCGA-C8-A275,f35ae5c7-6e88-410d-b86f-c5bdae11a5f4,222dd9b5-4187-45b9-8cb1-fd16ba14425b.rna_seq.augmented_star_gene_counts.tsv,f35ae5c7-6e88-410d-b86f-c5bdae11a5f4
TCGA-BRCA,1624f434-259b-4782-afe1-7ac3d13d7807,TCGA-A2-A1FV,8c6fa126-82a0-4290-a657-8466959585c4,7db191ab-6106-4e39-a45e-8a68aaba0922.rna_seq.augmented_star_gene_counts.tsv,8c6fa126-82a0-4290-a657-8466959585c4
TCGA-BRCA,5b55c210-049a-4835-ac3b-bba70c72973b,TCGA-OK-A5Q2,c25c7ca5-8d03-4bba-b42b-c8b1042c0d48,fac3e41a-3b98-4293-855f-d23cb01522d0.rna_seq.augmented_star_gene_counts.tsv,c25c7ca5-8d03-4bba-b42b-c8b1042c0d48
TCGA-BRCA,1e629a73-68cd-449d-a1c0-b856be4143e6,TCGA-AR-A0TU,017d71aa-0999-4d8e-9cb4-88b9013e61eb,c6683fc6-49f4-4e53-94ac-251799c2c638.rna_seq.augmented_star_gene_counts.tsv,017d71aa-0999-4d8e-9cb4-88b9013e61eb
TCGA-BRCA,70d8df1b-251c-4b3d-9de8-c20facd4cad8,TCGA-D8-A1X7,cdd283b5-8dea-4736-859c-f1a2bbda57c2,d24c2f4f-5623-4d8e-99e6-96b4fee2591c.rna_seq.augmented_star_gene_counts.tsv,cdd283b5-8dea-4736-859c-f1a2bbda57c2
TCGA-BRCA,92f1452b-54af-408f-98a8-cd76191f472b,TCGA-D8-A1Y0,6084a2ac-a342-4378-b4ba-a2d7e6af9124,ad930bd1-0026-4f83-92e2-23170c1965aa.rna_seq.augmented_star_gene_counts.tsv,6084a2ac-a342-4378-b4ba-a2d7e6af9124
TCGA-BRCA,aeea59ad-9570-41c9-9244-348e1c8350fd,TCGA-E2-A14T,7ae79f8e-a8fa-4030-b46a-458db80a36c1,f6c907ac-5dc9-4bdc-b7c6-3bac9f9059d3.rna_seq.augmented_star_gene_counts.tsv,7ae79f8e-a8fa-4030-b46a-458db80a36c1
TCGA-BRCA,0d7c1a37-5da1-4257-a118-b7d0717f23da,TCGA-E9-A22D,82fea6e8-7c6a-4575-bfcd-c164094538e6,29ce926f-d72e-4064-8a7f-359d86cb9d11.rna_seq.augmented_star_gene_counts.tsv,82fea6e8-7c6a-4575-bfcd-c164094538e6
TCGA-BRCA,ac0612f6-3d84-44d5-a224-6cbe65531505,TCGA-EW-A1OZ,3e3125cd-a554-4a76-a9e2-b9187e0db6ab,3d1bf8fc-c86b-436e-ab0c-3734af129b09.rna_seq.augmented_star_gene_counts.tsv,3e3125cd-a554-4a76-a9e2-b9187e0db6ab
TCGA-BRCA,112c8cdd-a187-4d9f-8c71-400848804d32,TCGA-A7-A3J1,9928c491-426a-4507-8ddd-999d6b892e29,677a334e-f2cb-455f-bf50-05e23cb2a7ec.rna_seq.augmented_star_gene_counts.tsv,9928c491-426a-4507-8ddd-999d6b892e29
TCGA-BRCA,421af19a-ae32-44b3-b91f-fed6a9b99de1,TCGA-PL-A8LZ,3c2914f4-200f-4bec-93f0-b0fdb6460378,61d00f8c-f198-4181-82bd-99b063dfffc6.rna_seq.augmented_star_gene_counts.tsv,3c2914f4-200f-4bec-93f0-b0fdb6460378
TCGA-BRCA,2666d91b-06ca-4987-84a1-4002befc4d8a,TCGA-E2-A10F,a7d3a4c0-36ee-43ff-bdcc-37db4b11df76,ef54e4a6-4447-425f-be33-e428e5838daa.rna_seq.augmented_star_gene_counts.tsv,a7d3a4c0-36ee-43ff-bdcc-37db4b11df76
TCGA-BRCA,7c44fbbe-00db-4ad7-86a9-61b5968d1a00,TCGA-B6-A0RS,9c0043c4-b65a-42ca-9f02-fe1cef04beaf,17dfa221-f092-45ed-a2e4-5798ddfc0ce9.rna_seq.augmented_star_gene_counts.tsv,9c0043c4-b65a-42ca-9f02-fe1cef04beaf
TCGA-BRCA,efbff161-d65a-4009-8e95-50d7f6cae435,TCGA-AO-A0J7,cbbbb1af-8bf4-4bb6-9258-33bf416190e7,89c5f174-7db7-426d-9530-41e08a8ef603.rna_seq.augmented_star_gene_counts.tsv,cbbbb1af-8bf4-4bb6-9258-33bf416190e7
TCGA-BRCA,1c0714ec-70a9-4902-bd98-8b0fb002c084,TCGA-AN-A0AJ,fc0a2d23-31a3-4aab-bdd9-0abb51880043,0e2d6467-d90b-40dc-813c-fa4f8a0f4d07.rna_seq.augmented_star_gene_counts.tsv,fc0a2d23-31a3-4aab-bdd9-0abb51880043
TCGA-BRCA,668220ce-7e03-4ccf-99f9-99127ddf9806,TCGA-C8-A3M7,7aff89e2-86cb-43d8-96cd-341c02ebdd49,bc4ac436-ed5f-4774-867d-a6bdd7e14486.rna_seq.augmented_star_gene_counts.tsv,7aff89e2-86cb-43d8-96cd-341c02ebdd49
TCGA-BRCA,1889a2af-ae25-41ec-8a6d-0ec5c5b852cb,TCGA-OL-A66J,de397789-9ff5-4cb0-be88-957477820714,e26295fd-369b-4cf0-98f3-939293cbe6e4.rna_seq.augmented_star_gene_counts.tsv,de397789-9ff5-4cb0-be88-957477820714
TCGA-BRCA,464c704d-fa2e-4ec1-b77c-4441422082eb,TCGA-AN-A0XS,e3569a42-412b-405d-a1ca-5c89b1ea36d0,f3c13192-fe4d-45c5-9d12-5294799bd7f8.rna_seq.augmented_star_gene_counts.tsv,e3569a42-412b-405d-a1ca-5c89b1ea36d0
TCGA-BRCA,03115606-c46f-40ef-a95f-cdc1c174797d,TCGA-A8-A09N,2a2d5de1-44d7-4c83-91d6-fc1b3c136143,f602fb69-df50-4b19-8e14-c1979a120119.rna_seq.augmented_star_gene_counts.tsv,2a2d5de1-44d7-4c83-91d6-fc1b3c136143
TCGA-BRCA,842aed9a-ef31-404a-b93a-fb8f5faa0467,TCGA-EW-A6SC,9d487523-ce75-4146-98d9-aed08dc2f632,4c915c9f-4e60-48d4-a4c5-7d055940b65f.rna_seq.augmented_star_gene_counts.tsv,9d487523-ce75-4146-98d9-aed08dc2f632
TCGA-BRCA,cd002b40-3caf-429b-934f-64f4ada1731d,TCGA-AR-A1AU,2377e521-919f-4f6f-b426-ddc993775597,23f366c0-41f3-4159-86f0-5fa3d0059761.rna_seq.augmented_star_gene_counts.tsv,2377e521-919f-4f6f-b426-ddc993775597
TCGA-BRCA,e11024c2-709d-4e47-a9f3-45894a27f2bb,TCGA-C8-A1HJ,f9fe6c47-0955-432f-b402-a6dc2665e04d,d33cdca5-78ec-4d34-be08-51efd97e8bfb.rna_seq.augmented_star_gene_counts.tsv,f9fe6c47-0955-432f-b402-a6dc2665e04d
TCGA-BRCA,ac9318f5-9e1f-4340-8da6-3815fff8bff5,TCGA-A8-A09D,78b9cc4c-a99b-4814-9538-3cf9515af75b,16bd1ebb-5bf9-4839-99bd-5a4d3dcad7b8.rna_seq.augmented_star_gene_counts.tsv,78b9cc4c-a99b-4814-9538-3cf9515af75b
TCGA-BRCA,fa3f34b7-5f69-41f8-9384-42af0260d7ec,TCGA-C8-A1HL,54dcd665-8138-4cab-8622-224d7066d466,783adea2-f11b-46ca-9cdc-f06823db5afc.rna_seq.augmented_star_gene_counts.tsv,54dcd665-8138-4cab-8622-224d7066d466
TCGA-BRCA,bbf837cc-d336-45bc-9024-a018a667f8ec,TCGA-A2-A0T5,d5d23d6a-c141-442f-ac4f-714e46b8d9ef,9907c264-961c-46b4-94a8-bf7e234621d8.rna_seq.augmented_star_gene_counts.tsv,d5d23d6a-c141-442f-ac4f-714e46b8d9ef
TCGA-BRCA,9df5fb66-44da-4d92-899a-99c07cd23fff,TCGA-BH-A0AU,8c884351-1c8b-47ff-8bef-1a4f25f645fb,d5a1a331-cd5b-448f-adf6-ea393565ef26.rna_seq.augmented_star_gene_counts.tsv,8c884351-1c8b-47ff-8bef-1a4f25f645fb
TCGA-BRCA,0a43ad98-2671-4701-9e5d-35ad63e8ad50,TCGA-AO-A0JE,7f1cbb4f-aecf-42be-91cc-fb35d03447df,ca34cd1c-026e-4641-a9dd-ac1a9b4f243b.rna_seq.augmented_star_gene_counts.tsv,7f1cbb4f-aecf-42be-91cc-fb35d03447df
TCGA-BRCA,3490858a-b2ef-4700-91ea-5e71c71cff67,TCGA-A2-A0CT,1d7789a1-1ff1-4865-a9c9-dfb40e57aff5,66941b24-9c8f-4657-a4eb-8cc267e38bdc.rna_seq.augmented_star_gene_counts.tsv,1d7789a1-1ff1-4865-a9c9-dfb40e57aff5
TCGA-BRCA,0849aa2e-a846-4de6-8ba3-eb916dc13f35,TCGA-LD-A66U,d67b8114-b70f-4e69-bae5-4f2f982c4b1b,f337af94-788c-4de9-ab62-8627dc88695d.rna_seq.augmented_star_gene_counts.tsv,d67b8114-b70f-4e69-bae5-4f2f982c4b1b
TCGA-BRCA,5d3af3d2-f86b-4fc5-a56e-381f82b84cd0,TCGA-LD-A74U,478a40b1-0f88-401d-92b6-4b58b2c56798,4fc53009-8904-4336-852b-ee2aea40f5e2.rna_seq.augmented_star_gene_counts.tsv,478a40b1-0f88-401d-92b6-4b58b2c56798
TCGA-BRCA,084b2d8f-96a8-41f1-844d-20004cd665e7,TCGA-A8-A09G,575ef8e2-dfbc-48b3-9836-089b94498e09,9dffaff8-a482-4940-b53a-527e5a510740.rna_seq.augmented_star_gene_counts.tsv,575ef8e2-dfbc-48b3-9836-089b94498e09
TCGA-BRCA,d19fe184-84a8-4a49-a4d4-75891670da4d,TCGA-E9-A1RD,467cc312-373e-4655-a07e-533ccb133b22,f4d60a0f-dc11-4005-8d59-7511ba4de8b1.rna_seq.augmented_star_gene_counts.tsv,467cc312-373e-4655-a07e-533ccb133b22
TCGA-BRCA,d728c743-10a6-4ac4-8725-61c0d2980057,TCGA-EW-A1IY,9b13d7e4-d265-4c0b-8aa3-5b4af70ff87d,8fff7b55-a9c5-4179-a86a-80bff4fed1b0.rna_seq.augmented_star_gene_counts.tsv,9b13d7e4-d265-4c0b-8aa3-5b4af70ff87d
TCGA-BRCA,a7cc9298-d6f1-48ef-a93a-9c75fc0cb800,TCGA-E2-A14X,ada5cdcf-f9e0-4209-aa92-ac3b921bbdf4,7e48e080-0ec9-4589-ba1d-6f7a1f60a010.rna_seq.augmented_star_gene_counts.tsv,ada5cdcf-f9e0-4209-aa92-ac3b921bbdf4
TCGA-BRCA,29ac24fb-0065-47f8-b044-f4a66fad2394,TCGA-BH-A1EV,0a7421d4-5722-427a-9643-da1074e5c25c,83f93d3f-d038-4773-a671-0f218f53821c.rna_seq.augmented_star_gene_counts.tsv,0a7421d4-5722-427a-9643-da1074e5c25c
TCGA-BRCA,dc85267a-0ce1-439e-9ecf-e5a13ad06f26,TCGA-E9-A245,243fe98b-3355-4b09-8094-b9e06a2b8329,6db579c1-ef18-42a1-9921-d0456b90ff6f.rna_seq.augmented_star_gene_counts.tsv,243fe98b-3355-4b09-8094-b9e06a2b8329
TCGA-BRCA,973ee776-e287-4568-a43d-7b16cc0094a9,TCGA-B6-A0RI,1c3a771f-43db-4b45-93f8-f8e6d2ab6847,420197bd-db07-4df9-8f72-3d7d509ae1d0.rna_seq.augmented_star_gene_counts.tsv,1c3a771f-43db-4b45-93f8-f8e6d2ab6847
TCGA-BRCA,ce2a0734-ea41-4e2c-87dd-516f6e5b83d6,TCGA-A8-A079,16786247-5ff5-47e0-83e2-fee15779e522,cf86835f-2bd2-4b15-a9a9-66fe369a560d.rna_seq.augmented_star_gene_counts.tsv,16786247-5ff5-47e0-83e2-fee15779e522
TCGA-BRCA,27dac66a-e5ac-41b4-95e6-4a9f209261ee,TCGA-S3-AA17,da93e1a9-6863-4c98-b1fd-52d22ecbca45,a20bcc86-fe98-42a9-93ad-9027181dad5f.rna_seq.augmented_star_gene_counts.tsv,da93e1a9-6863-4c98-b1fd-52d22ecbca45
TCGA-BRCA,b09dcf83-93a7-466b-9414-12896ac7749c,TCGA-AN-A049,89dfc6f3-9f78-4e03-a2e7-e9010c7814a2,b793fa3a-f197-409f-b630-2dcba3290cce.rna_seq.augmented_star_gene_counts.tsv,89dfc6f3-9f78-4e03-a2e7-e9010c7814a2
TCGA-BRCA,21438c0b-398e-4fe6-bd2f-cfae83292341,TCGA-AQ-A04H,895b7107-2c08-4106-b119-6fbb597392da,be813beb-9b35-4063-9d61-9f49a7fd7706.rna_seq.augmented_star_gene_counts.tsv,895b7107-2c08-4106-b119-6fbb597392da
TCGA-BRCA,083f4985-57c0-4931-ba8a-00f565430da9,TCGA-AC-A3W5,5e863e9f-1449-4a38-ac00-cfd7c21ba6e2,fe379cd5-d51b-44b3-9adf-49e2cc3b0bf5.rna_seq.augmented_star_gene_counts.tsv,5e863e9f-1449-4a38-ac00-cfd7c21ba6e2
TCGA-BRCA,c18a3e05-f8ee-454c-89b2-5659045ba68e,TCGA-E9-A2JS,2ea0b718-c634-4692-9cf0-4f118adfafbd,39e27085-909a-436b-b8e9-624c16303208.rna_seq.augmented_star_gene_counts.tsv,2ea0b718-c634-4692-9cf0-4f118adfafbd
TCGA-BRCA,9cd3fc34-5380-4318-87fa-ccff0dbea879,TCGA-A2-A0CW,5aba8f7f-c815-45e9-bee0-4dda9bfac07f,046c3754-b22c-4bce-93c7-29b9da173d33.rna_seq.augmented_star_gene_counts.tsv,5aba8f7f-c815-45e9-bee0-4dda9bfac07f
TCGA-BRCA,cbf66244-42c8-4df6-aca7-932e77bb5e0e,TCGA-AN-A04D,d141392c-757b-44f5-b531-0bcc136d8b17,4937e136-52e6-4c33-9f53-36ce2a94c09e.rna_seq.augmented_star_gene_counts.tsv,d141392c-757b-44f5-b531-0bcc136d8b17
TCGA-BRCA,409b906a-5e2c-4ce6-bc85-20a59fa383f4,TCGA-E9-A227,295d363f-0366-4102-a35c-86e4a4fe7d84,db360c44-bf72-41f4-8ca4-01c9973fce95.rna_seq.augmented_star_gene_counts.tsv,295d363f-0366-4102-a35c-86e4a4fe7d84
TCGA-BRCA,6fae8a0e-a96a-4895-b40d-c1eb491f0f3e,TCGA-A2-A3XU,22dad91c-889d-4d40-b9b8-c9facd752dc9,8319b13e-475e-440f-855a-bdba3036db73.rna_seq.augmented_star_gene_counts.tsv,22dad91c-889d-4d40-b9b8-c9facd752dc9
TCGA-BRCA,076736e4-6b47-40f4-bbd6-3868dfd1b9c5,TCGA-E9-A54X,c6882939-729e-4360-b850-9f7a84df2d7e,62298f43-7f8b-430e-9a23-0ee0ffbc1162.rna_seq.augmented_star_gene_counts.tsv,c6882939-729e-4360-b850-9f7a84df2d7e
TCGA-BRCA,73ea6778-4dbe-4300-a80b-bf41f6ac5fd9,TCGA-AN-A0XT,40ad8a2a-abd2-4701-b984-4afa4c27c260,9d2a209e-f610-4bde-8265-ef7e7e7ac0c4.rna_seq.augmented_star_gene_counts.tsv,40ad8a2a-abd2-4701-b984-4afa4c27c260
TCGA-BRCA,c6ba5d28-97b4-4f07-b91c-997b286dff03,TCGA-D8-A1JM,9cac5296-0f61-46a2-bcbf-9bd3212fb7dd,1ec0a33c-5b2e-4078-8226-48026f7d5c82.rna_seq.augmented_star_gene_counts.tsv,9cac5296-0f61-46a2-bcbf-9bd3212fb7dd
TCGA-BRCA,118021a5-6601-40a5-aef3-53c7fa4ed007,TCGA-AO-A0JB,2a09e101-9e01-45ec-9b02-d806f4cd7469,ba6e6579-8858-467a-9d0b-b8df38cd5d62.rna_seq.augmented_star_gene_counts.tsv,2a09e101-9e01-45ec-9b02-d806f4cd7469
TCGA-BRCA,fabfec99-220b-4a94-a8fe-01dfd71487f6,TCGA-AC-A2B8,20e1a6f6-c34f-4744-9b2a-392ea074ebe2,d1d3d623-2de6-4d6f-b2a3-a50758f46b64.rna_seq.augmented_star_gene_counts.tsv,20e1a6f6-c34f-4744-9b2a-392ea074ebe2
TCGA-BRCA,78f8b01e-292f-4131-a3ef-4f9faec7913a,TCGA-A2-A0T3,d898d021-e82b-42e6-b82e-28c187136674,0b36289c-6835-414d-9f86-4cc4a812af87.rna_seq.augmented_star_gene_counts.tsv,d898d021-e82b-42e6-b82e-28c187136674
TCGA-BRCA,57557c6c-4927-449b-976e-127c0916763b,TCGA-GM-A2DB,59bb8b6d-9827-4d5c-8714-cbc8ec3b8be5,c8c4129c-48ca-4df9-9ef8-bab2a794ebbf.rna_seq.augmented_star_gene_counts.tsv,59bb8b6d-9827-4d5c-8714-cbc8ec3b8be5
TCGA-BRCA,14193a12-5601-4f0c-90aa-ecd24d6ac41b,TCGA-BH-A1EY,891873c8-bb26-4215-9281-a79be2651f11,c9dffad1-99e8-40b8-8954-1e50b98a1a55.rna_seq.augmented_star_gene_counts.tsv,891873c8-bb26-4215-9281-a79be2651f11
TCGA-BRCA,00d38274-8ed5-46af-9a69-91d968a050ab,TCGA-A2-A0YC,4c75e72b-db9f-425b-9f14-946ee801071e,b3d432d6-0b86-4407-98e2-99c1971283a8.rna_seq.augmented_star_gene_counts.tsv,4c75e72b-db9f-425b-9f14-946ee801071e
TCGA-BRCA,5a800052-150a-4273-9d5d-0ce48be4fd8a,TCGA-BH-A0W4,7c89d4dc-cccb-4833-9731-be8affb76c89,9053485e-19f7-4d2b-b4b6-361d908cc708.rna_seq.augmented_star_gene_counts.tsv,7c89d4dc-cccb-4833-9731-be8affb76c89
TCGA-BRCA,ee368eb1-55e1-471e-b88b-bab896e37b5c,TCGA-AN-A0XU,5fbe4a11-de4d-418e-9bc3-75b768d4a665,22e623b3-2c82-4283-bd28-2cf1777b0179.rna_seq.augmented_star_gene_counts.tsv,5fbe4a11-de4d-418e-9bc3-75b768d4a665
TCGA-BRCA,3e936c86-fbb5-415d-a657-f96fe5565e34,TCGA-AR-A5QN,3844ac53-a01f-41f1-a3f3-d9decf12d024,cff71f50-9056-40dd-b358-0de3e079cad0.rna_seq.augmented_star_gene_counts.tsv,3844ac53-a01f-41f1-a3f3-d9decf12d024
TCGA-BRCA,cde5b270-bec9-40d4-9c59-29f93ef08293,TCGA-JL-A3YW,8ebe5f43-053c-4bfc-aefd-b9c22897b4ce,d7dc889e-649a-46e1-98ae-d4708c26930b.rna_seq.augmented_star_gene_counts.tsv,8ebe5f43-053c-4bfc-aefd-b9c22897b4ce
TCGA-BRCA,a28d9c46-4774-4167-8c1e-ee95436c7b2e,TCGA-BH-A204,1f224847-d745-4dc5-9338-4044413e8ec4,2db5e0aa-342e-4766-8725-c1d677fd52b2.rna_seq.augmented_star_gene_counts.tsv,1f224847-d745-4dc5-9338-4044413e8ec4
TCGA-BRCA,b2905a3f-810b-4e74-af5c-42d513d91746,TCGA-AN-A0AT,4dd3d7e2-8a60-41e8-8812-a06f413afe2b,49ec7f30-d687-4124-a3aa-17bffb48ce26.rna_seq.augmented_star_gene_counts.tsv,4dd3d7e2-8a60-41e8-8812-a06f413afe2b
TCGA-BRCA,12ece355-f1d0-446c-84e9-0aed3e6d29f8,TCGA-A2-A0D1,788a4858-c6c6-4a8d-9aef-dbd32d74776b,5cf049e5-d45c-4601-8f67-1fdc0b1918a9.rna_seq.augmented_star_gene_counts.tsv,788a4858-c6c6-4a8d-9aef-dbd32d74776b
TCGA-BRCA,28462438-fe47-4880-82d9-ee43d534d8a3,TCGA-E2-A15E,ecbec59f-397d-493c-a5f6-0dd47aea96ae,343a3d35-e60e-4326-bbf8-2bf722c22ccc.rna_seq.augmented_star_gene_counts.tsv,ecbec59f-397d-493c-a5f6-0dd47aea96ae
TCGA-BRCA,270be245-2239-4e96-a917-79cca40868ba,TCGA-B6-A0RE,6c908d24-e571-436a-9a06-705c294ba5d7,9ba7cd75-a96c-4220-9f57-c9f0fb545a95.rna_seq.augmented_star_gene_counts.tsv,6c908d24-e571-436a-9a06-705c294ba5d7
TCGA-BRCA,281f2be7-7fb2-46f2-9a4a-033db48329a1,TCGA-GM-A3XN,1a000feb-3b71-4f95-8b39-68ec25b64d96,30a67cbd-940c-40c4-9f86-a8ba9fe63177.rna_seq.augmented_star_gene_counts.tsv,1a000feb-3b71-4f95-8b39-68ec25b64d96
TCGA-BRCA,63aa7e64-3d7c-43e8-87fa-f52855faed80,TCGA-AO-A0JC,9da9a119-9f9a-4ddb-947e-97724b9fe45f,7733c059-09bd-40b4-9812-4bedd68d9d01.rna_seq.augmented_star_gene_counts.tsv,9da9a119-9f9a-4ddb-947e-97724b9fe45f
TCGA-BRCA,7b420e74-ed0d-416b-8355-9a80a61d6a4b,TCGA-BH-A0DX,43820fe3-a899-4e6b-9227-27e32edaefd5,fc70931f-4a97-4538-b055-8ed988ab601c.rna_seq.augmented_star_gene_counts.tsv,43820fe3-a899-4e6b-9227-27e32edaefd5
TCGA-BRCA,6f8b48ba-ef24-4d33-a0c3-bc900a6c8cd2,TCGA-A8-A09Q,f502949f-ca10-4617-a7ee-b8f142f7ec93,3099b2a6-0d46-4404-88b0-a3689b019c38.rna_seq.augmented_star_gene_counts.tsv,f502949f-ca10-4617-a7ee-b8f142f7ec93
TCGA-BRCA,08add75d-f706-458a-a6a8-41da7e07af19,TCGA-A2-A0YD,5030e484-7981-462f-b78d-9fdf1a8531c5,95305dba-073f-40d7-aa20-66553b41bdf7.rna_seq.augmented_star_gene_counts.tsv,5030e484-7981-462f-b78d-9fdf1a8531c5
TCGA-BRCA,a3ac21e2-b92b-4597-a870-8444ddc6b4d6,TCGA-E9-A1N3,91577462-386f-43eb-88e1-859c1d74763c,6ddc13fe-e8e0-4fb1-88df-c068fe87b5cb.rna_seq.augmented_star_gene_counts.tsv,91577462-386f-43eb-88e1-859c1d74763c
TCGA-BRCA,e315f3f0-664e-47fb-9f3a-c55b3eda826a,TCGA-A8-A0A4,d777e8a9-92a8-48eb-bf58-8e13af99c77f,23dace7d-4200-46ee-8501-96c4b5084851.rna_seq.augmented_star_gene_counts.tsv,d777e8a9-92a8-48eb-bf58-8e13af99c77f
TCGA-BRCA,14423610-4958-43f4-9a75-1a61c1293024,TCGA-B6-A0I6,1051db4c-40a5-4a98-a239-d96c986aa349,691c297b-b48d-4e65-84d4-cb4fcdf03fc0.rna_seq.augmented_star_gene_counts.tsv,1051db4c-40a5-4a98-a239-d96c986aa349
TCGA-BRCA,da7fe5e0-6ae0-47f0-9b32-fb6b80c4be38,TCGA-A2-A3XY,fc9fab5b-52f0-4c79-bdf3-750c650a0fdc,ea43014e-5b51-4b3c-b16b-6d58df9f4a1d.rna_seq.augmented_star_gene_counts.tsv,fc9fab5b-52f0-4c79-bdf3-750c650a0fdc
TCGA-BRCA,bbe1e6e5-7c52-44aa-940e-104f07751e11,TCGA-EW-A1P3,7fadaf69-2a7b-4eca-aec9-c2f2b43eab3c,1100a85c-823d-417b-a764-9282ec8593a5.rna_seq.augmented_star_gene_counts.tsv,7fadaf69-2a7b-4eca-aec9-c2f2b43eab3c
TCGA-BRCA,f773ae1d-0ad9-42dd-9675-c8b7287fec85,TCGA-AR-A24L,7814e438-105f-4d5b-94fe-8c66e95585ea,cfbfbac5-7f44-4537-9a1c-088075a936e6.rna_seq.augmented_star_gene_counts.tsv,7814e438-105f-4d5b-94fe-8c66e95585ea
TCGA-BRCA,9c531ed5-e501-4cbf-9977-202dc1c5e623,TCGA-S3-AA10,51a3cb9a-e745-49ac-af0e-3a750f9e7521,df6af593-6a85-4f5f-8dbe-c32df5a85ef6.rna_seq.augmented_star_gene_counts.tsv,51a3cb9a-e745-49ac-af0e-3a750f9e7521
TCGA-BRCA,1dbb21be-290d-4c22-a6da-9eb4a0c41edf,TCGA-OL-A5RV,f1dc7a14-29f1-4fe1-bc67-01e0776d6b40,00a26384-1b1c-4db4-9664-75fb9b3febdb.rna_seq.augmented_star_gene_counts.tsv,f1dc7a14-29f1-4fe1-bc67-01e0776d6b40
TCGA-BRCA,040438cf-a4ba-4f06-b562-73c79738f53e,TCGA-A7-A4SA,e4f1f27b-24a1-4d01-af87-b2692d092d2a,b05af4cd-19e2-4752-ad71-c36b886f4507.rna_seq.augmented_star_gene_counts.tsv,e4f1f27b-24a1-4d01-af87-b2692d092d2a
TCGA-BRCA,26c43e7a-753c-483b-9ec3-7240efce6c4e,TCGA-E2-A14R,6e8e0eef-1fc8-446c-9038-3a06657784ec,0c087071-89ba-4fc8-ab47-c4f1c60fa24c.rna_seq.augmented_star_gene_counts.tsv,6e8e0eef-1fc8-446c-9038-3a06657784ec
TCGA-BRCA,27bc9f32-2419-4e24-97a1-4136e7be5a39,TCGA-OL-A66O,589dda89-b968-4f26-b3c7-5371dfdb8a90,ae4a5866-347f-4850-b4c8-a009d0765021.rna_seq.augmented_star_gene_counts.tsv,589dda89-b968-4f26-b3c7-5371dfdb8a90
TCGA-BRCA,dac9090c-fae9-4d99-b5d7-fc3c8b6a201a,TCGA-A8-A06Y,89e048e0-2bdb-4c62-9c0e-2e6e796238dd,3f91fef1-b62c-4884-a882-c99bb6ca9613.rna_seq.augmented_star_gene_counts.tsv,89e048e0-2bdb-4c62-9c0e-2e6e796238dd
TCGA-BRCA,7f791228-dd77-4ab0-8227-d784a4c7fea1,TCGA-BH-A0EA,9ccdf2cc-ca01-4ef7-bed9-f955fd0396c2,1d65448f-dcba-432b-98d5-f7e87de4f9f6.rna_seq.augmented_star_gene_counts.tsv,9ccdf2cc-ca01-4ef7-bed9-f955fd0396c2
TCGA-BRCA,15c2deaa-1162-4ee8-b698-179bfd67a78d,TCGA-AO-A1KT,23304266-b28c-4ff2-8dcf-bb18f56417b4,2485ee80-8de4-4f98-b4f9-7c012bb29f6c.rna_seq.augmented_star_gene_counts.tsv,23304266-b28c-4ff2-8dcf-bb18f56417b4
TCGA-BRCA,8da89b04-df25-4ed7-9d9a-e6c9478784e7,TCGA-A2-A0ST,1d15f05d-2ac2-4b83-987e-6f4b157b0b74,694ca3d8-9748-4c0f-9021-d599d81a325e.rna_seq.augmented_star_gene_counts.tsv,1d15f05d-2ac2-4b83-987e-6f4b157b0b74
TCGA-BRCA,e405d22f-86a6-4141-ae74-7098d0fdedfd,TCGA-B6-A0IB,a127fb1e-aa3b-4b6d-98b5-c141ffba9ae7,e590db5d-2577-43ec-9d39-45a257be5562.rna_seq.augmented_star_gene_counts.tsv,a127fb1e-aa3b-4b6d-98b5-c141ffba9ae7
TCGA-BRCA,c5181ae5-bd05-459f-920d-26bd31bd9088,TCGA-A1-A0SI,d5330be0-9f72-4be5-9139-8503aa4d00b4,0a133c47-fae8-4e3b-8f4d-cbf357f5e2fc.rna_seq.augmented_star_gene_counts.tsv,d5330be0-9f72-4be5-9139-8503aa4d00b4
TCGA-BRCA,7e9145f7-ccff-4132-b2b7-9b992eebebf4,TCGA-D8-A27F,ac88a5c1-caae-4b08-87bc-0dedbe61d996,465928c5-ab56-46ff-acb5-76e36c97ebda.rna_seq.augmented_star_gene_counts.tsv,ac88a5c1-caae-4b08-87bc-0dedbe61d996
TCGA-BRCA,fc1f0ad4-8412-4143-8ebf-fa6592f396e9,TCGA-BH-A0B3,37939d7d-074b-42b7-8d68-95a8afef4c38,41bdc474-8e6e-4f39-98ec-6d73ee41837c.rna_seq.augmented_star_gene_counts.tsv,37939d7d-074b-42b7-8d68-95a8afef4c38
TCGA-BRCA,82371bb4-13dd-4868-9872-bd3e3e1da67d,TCGA-AN-A0XO,41e96cc6-43d5-4eea-bbd3-23fb389d5532,b9e82597-fdf2-4479-a764-29193ddbd58f.rna_seq.augmented_star_gene_counts.tsv,41e96cc6-43d5-4eea-bbd3-23fb389d5532
TCGA-BRCA,91d2288c-0d88-4a49-a0e4-0a7d2a95ccc6,TCGA-A2-A3XV,59f472a7-ce4f-4d3a-9193-8b3a4500d52b,b73f749f-eafa-460d-b921-f12e7f8d6609.rna_seq.augmented_star_gene_counts.tsv,59f472a7-ce4f-4d3a-9193-8b3a4500d52b
TCGA-BRCA,5cdd3886-898b-4861-a748-d4164ce14a07,TCGA-AR-A24Z,4b558a24-b10c-4d59-a921-10e6a3a9fb35,3621ce2e-a1eb-4a45-ac06-779a780b0b99.rna_seq.augmented_star_gene_counts.tsv,4b558a24-b10c-4d59-a921-10e6a3a9fb35
TCGA-BRCA,ca3c9a05-88b7-4d99-abd5-fc557e3929a0,TCGA-B6-A0I5,4004cdd0-51fa-4330-bd03-5448f6c7b787,bce4dcd7-d9e8-408a-8ab0-f993f9297a68.rna_seq.augmented_star_gene_counts.tsv,4004cdd0-51fa-4330-bd03-5448f6c7b787
TCGA-BRCA,468b4ab5-9750-4685-a967-184da2cfcdb4,TCGA-S3-A6ZG,f9418a79-3614-41a1-8ab0-c2b4313c6fd4,78142fe5-7a8a-49dd-87b5-6a1e6427893e.rna_seq.augmented_star_gene_counts.tsv,f9418a79-3614-41a1-8ab0-c2b4313c6fd4
TCGA-BRCA,0050d7c9-ece9-4b6c-8023-1ff2efcb3c9c,TCGA-3C-AALI,927604f9-a38e-4c3f-b50f-3e0db4daf5ec,1be6a56c-a7b1-45e5-b96c-db20337073b8.rna_seq.augmented_star_gene_counts.tsv,927604f9-a38e-4c3f-b50f-3e0db4daf5ec
TCGA-BRCA,73af0f78-cc37-43ff-8f46-524a9ba80eda,TCGA-BH-A1EU,c3bab823-4bf2-40ea-903c-fb342067c893,187f14ba-0002-4f99-9eb1-af93cbfdd4c2.rna_seq.augmented_star_gene_counts.tsv,c3bab823-4bf2-40ea-903c-fb342067c893
TCGA-BRCA,7cfe5395-8477-405a-8260-b3b3aaf46a42,TCGA-AR-A1AW,c1f6f39f-db8f-4449-bfb2-d1f3f2a95d22,d4bca8f9-f63e-43bb-ab6b-7529a86afac5.rna_seq.augmented_star_gene_counts.tsv,c1f6f39f-db8f-4449-bfb2-d1f3f2a95d22
TCGA-BRCA,0d0546ad-8a51-4802-a173-96fbe5ebb124,TCGA-BH-A18P,a2f1fa8f-26d6-4b3e-8816-33f42e3f9209,99df3cc9-683b-449b-bcf4-94bbff09c90e.rna_seq.augmented_star_gene_counts.tsv,a2f1fa8f-26d6-4b3e-8816-33f42e3f9209
TCGA-BRCA,d09d5a48-2dc0-4d0f-8b20-d1f11a08143b,TCGA-AN-A0FJ,511ca25f-0b7f-4912-9b79-ed551721a420,b3ea108e-0ab7-4340-9da9-b7a8bc3b942c.rna_seq.augmented_star_gene_counts.tsv,511ca25f-0b7f-4912-9b79-ed551721a420
TCGA-BRCA,8b5d38fb-e9ad-445c-b5d5-f054a5eafeb1,TCGA-BH-A0DO,69bb06b6-74b3-441b-82d7-c6783aa88cdd,b44d9209-0e37-4ffe-9c27-a969a421b3ab.rna_seq.augmented_star_gene_counts.tsv,69bb06b6-74b3-441b-82d7-c6783aa88cdd
TCGA-BRCA,ae72a901-e7b7-41cf-8eeb-2a7fb51e14f0,TCGA-E9-A243,f3746445-b2d0-4455-a6c0-46562188c056,d89a84a4-4f45-4aab-ab6a-131bf3b359bd.rna_seq.augmented_star_gene_counts.tsv,f3746445-b2d0-4455-a6c0-46562188c056
TCGA-BRCA,601e0a1b-309d-41c2-a7ba-a2282db846fa,TCGA-E2-A159,11a64d0e-1dd1-471e-87bf-9e2a7fc13f09,4ba90a73-b2e0-415b-9cd2-fad805840aff.rna_seq.augmented_star_gene_counts.tsv,11a64d0e-1dd1-471e-87bf-9e2a7fc13f09
TCGA-BRCA,5af3de3e-4376-41ab-ae28-4ea9a95dce2d,TCGA-A8-A08Z,5b92e1c6-6265-46b5-bcf7-0c0bafe6f390,74d50556-5de8-4eff-82e6-a3ad9c70020a.rna_seq.augmented_star_gene_counts.tsv,5b92e1c6-6265-46b5-bcf7-0c0bafe6f390
TCGA-BRCA,d6023f30-0d07-4839-98d1-0b22b366cc51,TCGA-A7-A26E,89409cf3-e710-47fd-af3c-6f8f0dec7c90,e6bad6ec-c178-4684-99e8-2504781a022b.rna_seq.augmented_star_gene_counts.tsv,89409cf3-e710-47fd-af3c-6f8f0dec7c90
TCGA-BRCA,e716eb8a-dccd-4f17-9bdc-e64dc2f0fd69,TCGA-A7-A26E,a5c799bc-1332-4127-8fda-84da04084d25,de01516e-43f0-4f96-8ac6-ab543a314829.rna_seq.augmented_star_gene_counts.tsv,a5c799bc-1332-4127-8fda-84da04084d25
TCGA-BRCA,549f03a5-3f91-4975-9eeb-aa062264a602,TCGA-EW-A3U0,03a1a105-4856-4e5c-b537-508bdbda50b5,02bbe1b1-44ff-426b-a40e-47a01bc4cf7d.rna_seq.augmented_star_gene_counts.tsv,03a1a105-4856-4e5c-b537-508bdbda50b5
TCGA-BRCA,c1adf54e-8248-4b44-a9a1-e883fcc4f702,TCGA-E9-A226,461fda5d-d6e6-4354-b035-c302cc43b03f,30285113-d411-475a-a8ed-1fb66be72f28.rna_seq.augmented_star_gene_counts.tsv,461fda5d-d6e6-4354-b035-c302cc43b03f
TCGA-BRCA,2147c985-f4f4-441a-9142-9b76e6131435,TCGA-AR-A0TY,5a827399-307b-412b-a2ce-f6c81d2750a6,af58b506-df1d-4221-964d-76dbade6ab85.rna_seq.augmented_star_gene_counts.tsv,5a827399-307b-412b-a2ce-f6c81d2750a6
TCGA-BRCA,025eac6d-539e-4e43-a6f7-4a2d2def571d,TCGA-A7-A3J0,0b4cae8e-1a2c-4ba9-b126-5abf35f73b36,d38b6aba-7bfd-43f0-98f7-f669323e6da1.rna_seq.augmented_star_gene_counts.tsv,0b4cae8e-1a2c-4ba9-b126-5abf35f73b36
TCGA-BRCA,5d1a5545-6934-41e5-b41b-8e0ee88e6ec6,TCGA-A8-A07W,aa89d193-05a1-4f7f-9291-b9cf646656de,e06580e9-0b4a-48f7-9522-d54229aefb2d.rna_seq.augmented_star_gene_counts.tsv,aa89d193-05a1-4f7f-9291-b9cf646656de
TCGA-BRCA,b6702fc2-9794-466e-a2e3-a8407674d05f,TCGA-BH-A0BO,4ef3b472-5fce-4e6a-a835-659cc3fee694,cf122ae0-0be8-43dd-a0b9-01fff585186f.rna_seq.augmented_star_gene_counts.tsv,4ef3b472-5fce-4e6a-a835-659cc3fee694
TCGA-BRCA,7f15f76b-305d-43f7-8d02-34cd0f76340e,TCGA-AR-A24R,7e035247-3586-443f-a94c-0addbaf3b17f,5bd46a5d-2390-421c-a7aa-90ba77fed60d.rna_seq.augmented_star_gene_counts.tsv,7e035247-3586-443f-a94c-0addbaf3b17f
TCGA-BRCA,00f81e98-e5c3-43b2-9757-f769ec17f3f8,TCGA-AO-A03L,79f97f73-b650-49cf-8654-53038a6c0de7,be880db8-920f-4bd8-9f67-34e3ddd61f2c.rna_seq.augmented_star_gene_counts.tsv,79f97f73-b650-49cf-8654-53038a6c0de7
TCGA-BRCA,daec3a82-e1f5-4d6f-87dd-90853e48bf29,TCGA-HN-A2NL,7125229a-2fc6-402d-bd87-ad0d3195fd49,c024ea4d-8f0e-4fba-b793-5d2e767744db.rna_seq.augmented_star_gene_counts.tsv,7125229a-2fc6-402d-bd87-ad0d3195fd49
TCGA-BRCA,e6142f96-4b9b-4691-8e7d-47d36bbdf37f,TCGA-LL-A73Z,28c03f8f-7f7a-4a53-a840-db0f4052ed26,2d4c2aed-34ae-4232-9b42-29b1a821f791.rna_seq.augmented_star_gene_counts.tsv,28c03f8f-7f7a-4a53-a840-db0f4052ed26
TCGA-BRCA,5b9560c4-0632-479a-835f-67d373e59206,TCGA-AN-A0AL,f52fccc4-745f-4e5d-bff8-8d2009b6588d,458ad47a-9fbc-4508-8ff5-5a8e5c71ae6a.rna_seq.augmented_star_gene_counts.tsv,f52fccc4-745f-4e5d-bff8-8d2009b6588d
TCGA-BRCA,146bd11a-e66a-4d8d-990a-9f1199cdf255,TCGA-AR-A24O,f0107961-a5e1-46ec-b232-a47f0049bc5f,a2744918-6659-412c-a5e3-a02b9712890e.rna_seq.augmented_star_gene_counts.tsv,f0107961-a5e1-46ec-b232-a47f0049bc5f
TCGA-BRCA,2bf07767-58bd-4eb8-a0ff-434a9fdf5c8e,TCGA-B6-A0I8,b96a8979-77c1-41b5-a247-0342262d30f7,b2868132-6476-4eec-9032-2a668d894baa.rna_seq.augmented_star_gene_counts.tsv,b96a8979-77c1-41b5-a247-0342262d30f7
TCGA-BRCA,a76bc38a-9eef-4e6c-b021-f940ff5137b8,TCGA-AC-A62Y,584eef35-12c2-4aac-be09-175a9f9c5dfc,2639c1a0-fcae-4abd-aff7-9a8988a26c3c.rna_seq.augmented_star_gene_counts.tsv,584eef35-12c2-4aac-be09-175a9f9c5dfc
TCGA-BRCA,dfb7fb86-5f46-4666-a008-395aa0881267,TCGA-AO-A03U,7806768a-e8c6-48b0-a241-c036c230e78b,341e11ea-c1b6-4d66-999c-76ebb9c8b342.rna_seq.augmented_star_gene_counts.tsv,7806768a-e8c6-48b0-a241-c036c230e78b
TCGA-BRCA,f05204c8-8301-4117-b826-b5fa194d28d2,TCGA-A2-A0T6,a73c6624-c462-4c25-94bf-58769257c6dc,34a0c8c5-8086-4f33-9ecb-7518035a4a7f.rna_seq.augmented_star_gene_counts.tsv,a73c6624-c462-4c25-94bf-58769257c6dc
TCGA-BRCA,5b94a116-7e70-41d4-8c6f-2bae44e591aa,TCGA-B6-A0WZ,1737104f-367e-4098-a068-12f8ece492bf,b4a9422c-ed5b-435f-aa13-e8a8f2484e97.rna_seq.augmented_star_gene_counts.tsv,1737104f-367e-4098-a068-12f8ece492bf
TCGA-BRCA,9992eeb9-901b-4a32-badc-e9be7c9ba4ba,TCGA-E2-A15E,d8a94ea1-68a3-43be-8a30-d690541a23aa,acb1bf8e-f597-4f67-b19d-bb737109d9cd.rna_seq.augmented_star_gene_counts.tsv,d8a94ea1-68a3-43be-8a30-d690541a23aa
TCGA-BRCA,e57574e4-7e01-4e61-bd29-ee4ec63dddd6,TCGA-E2-A1LL,1b98fd3e-d3e3-4ecc-9fe3-02600177efed,acb208ab-def4-4b55-b1c7-abe2130e61c9.rna_seq.augmented_star_gene_counts.tsv,1b98fd3e-d3e3-4ecc-9fe3-02600177efed
TCGA-BRCA,f472b29c-f85a-422e-8446-453468ab9cc9,TCGA-AC-A7VC,aedc877a-f4b9-4657-b5c9-b7768b5751c9,ac792e04-54f4-4c6c-9cb5-23a7c1a4ed0b.rna_seq.augmented_star_gene_counts.tsv,aedc877a-f4b9-4657-b5c9-b7768b5751c9
TCGA-BRCA,b1379238-cffe-492c-acaa-f8f0b0f733ff,TCGA-LL-A7SZ,4ed31cce-6d4f-4c79-a4e4-80eaedd1c4d2,5b6b8058-474f-4a6a-84c6-0eab99e3b2d3.rna_seq.augmented_star_gene_counts.tsv,4ed31cce-6d4f-4c79-a4e4-80eaedd1c4d2
TCGA-BRCA,a56ee32f-1975-400f-a09e-a747383c9a46,TCGA-S3-AA12,c7f1e894-f50d-437c-ad42-4a35f531c795,b656d5d9-3bd0-4d76-b7ad-6440cc706048.rna_seq.augmented_star_gene_counts.tsv,c7f1e894-f50d-437c-ad42-4a35f531c795
TCGA-BRCA,b884af8f-ff0c-4cac-9a26-f4f27b35f8e7,TCGA-BH-AB28,6c7f9fc6-3dba-4605-9f0c-d4f00095352f,4ee78309-dea3-486f-95a8-ca283a1b70d9.rna_seq.augmented_star_gene_counts.tsv,6c7f9fc6-3dba-4605-9f0c-d4f00095352f
TCGA-BRCA,2fa19af2-6fa0-4164-a0bb-8524d6085d80,TCGA-AC-A3BB,778642d9-e4e2-4ae8-a900-b2e663c9d5b9,1c9253df-acb7-492c-aaa8-7718fc778f13.rna_seq.augmented_star_gene_counts.tsv,778642d9-e4e2-4ae8-a900-b2e663c9d5b9
TCGA-BRCA,76c09917-15f9-4908-ab22-ea1401abcb3b,TCGA-AN-A0FY,e9fe2319-2624-4ac1-9c41-d0ac44608f02,04ed1bfb-533f-4d97-a7e4-3e7bab103485.rna_seq.augmented_star_gene_counts.tsv,e9fe2319-2624-4ac1-9c41-d0ac44608f02
TCGA-BRCA,6bbd477d-699c-4988-a27b-0c3233b595eb,TCGA-E2-A1IE,02e08315-4d34-421c-acc0-129b1e1de38b,4a88d54f-c88c-4ffd-84c9-069b53f2cb28.rna_seq.augmented_star_gene_counts.tsv,02e08315-4d34-421c-acc0-129b1e1de38b
TCGA-BRCA,3652a456-36ee-4746-b25d-a6303984b77f,TCGA-B6-A0RN,fdd73b76-517e-4554-ba4d-1c67b1b758f8,fc5b682e-c00d-4840-8c11-f17abe059fa8.rna_seq.augmented_star_gene_counts.tsv,fdd73b76-517e-4554-ba4d-1c67b1b758f8
TCGA-BRCA,8318a9a4-e78e-4db8-97c7-2cc733d0c512,TCGA-A2-A3KC,cc12e7a8-e384-47f5-94b8-3e472925cc87,05e15869-61fd-420f-b0e4-a2faaa814aca.rna_seq.augmented_star_gene_counts.tsv,cc12e7a8-e384-47f5-94b8-3e472925cc87
TCGA-BRCA,be145e7b-25ee-409a-8c9c-5e17c9b6c5aa,TCGA-D8-A1XG,1eca5ea8-093a-494d-968b-2ffcfe2b4604,1cb7f73e-af63-4d6a-b6a1-fe289435a93f.rna_seq.augmented_star_gene_counts.tsv,1eca5ea8-093a-494d-968b-2ffcfe2b4604
TCGA-BRCA,662cc11c-da31-4e31-8e77-46011b38ea96,TCGA-BH-A0E0,7882ff91-e415-48ae-9151-26b55f1cfc57,2b5864c9-7577-4e93-8d22-1f45a98267f1.rna_seq.augmented_star_gene_counts.tsv,7882ff91-e415-48ae-9151-26b55f1cfc57
TCGA-BRCA,45c79141-a125-4305-b1b7-c838de1af8a3,TCGA-BH-A0B7,b4ac6e06-8760-4cb2-883c-c829eaefdc4c,96668a75-e21b-482f-b699-0b5282909a9a.rna_seq.augmented_star_gene_counts.tsv,b4ac6e06-8760-4cb2-883c-c829eaefdc4c
TCGA-BRCA,79763193-268d-49e7-b94c-5cb95f7271b6,TCGA-BH-A18U,1db8a1bb-fef2-4e06-9cd5-a1f6579573a5,c24618ee-27b7-4760-99d1-fa9b338f05c4.rna_seq.augmented_star_gene_counts.tsv,1db8a1bb-fef2-4e06-9cd5-a1f6579573a5
TCGA-BRCA,17bb7144-07ec-49d0-8345-2a5b4ceeeaec,TCGA-AR-A1AJ,28ecd88f-6249-425c-99e1-9055989feff8,768e0380-9183-4600-849b-0d315ba502fc.rna_seq.augmented_star_gene_counts.tsv,28ecd88f-6249-425c-99e1-9055989feff8
TCGA-BRCA,d2d7f976-2330-47aa-b1b3-947b3182b0b0,TCGA-E9-A1RE,d889e5ea-58f5-4d2f-ad1e-6ab5d3217642,0f669396-2dc4-4305-aa35-c6fbd82ee7df.rna_seq.augmented_star_gene_counts.tsv,d889e5ea-58f5-4d2f-ad1e-6ab5d3217642
TCGA-BRCA,06239773-a7e3-4262-9b5f-0105e3b1467a,TCGA-E2-A14U,0081f507-b104-4214-9ea1-31dd69130991,b321a3f5-043d-42c6-8c9d-5784d45cb85c.rna_seq.augmented_star_gene_counts.tsv,0081f507-b104-4214-9ea1-31dd69130991
TCGA-BRCA,9ec60572-39e4-4a0d-b157-cf0ec726fb1d,TCGA-A1-A0SJ,09385f52-e4ad-4ae0-9f09-91e8dd5fc953,6542e1dd-afee-40e9-a16e-aa9a448963b3.rna_seq.augmented_star_gene_counts.tsv,09385f52-e4ad-4ae0-9f09-91e8dd5fc953
TCGA-BRCA,750932d7-0e9d-44e0-bc5a-6031ca4b0448,TCGA-A8-A076,391a3465-d22e-424b-af09-3e6342159bbb,ed1fa4ae-5e58-465c-b106-379f7456656e.rna_seq.augmented_star_gene_counts.tsv,391a3465-d22e-424b-af09-3e6342159bbb
TCGA-BRCA,7f7d8229-3daf-48be-bd16-ffe4314528b1,TCGA-BH-A0BT,35fd75aa-21e8-49c0-8b40-159839c3cc19,7de22a44-8f58-4a73-90a3-a16d161160e8.rna_seq.augmented_star_gene_counts.tsv,35fd75aa-21e8-49c0-8b40-159839c3cc19
TCGA-BRCA,ea7490bf-06ac-43e0-bb61-a2756d027836,TCGA-AC-A3YI,a2f902f5-2413-4698-b53b-446df6409d61,79f139fe-fecb-4b0e-b668-3407c13748d8.rna_seq.augmented_star_gene_counts.tsv,a2f902f5-2413-4698-b53b-446df6409d61
TCGA-BRCA,51e96168-f2d8-4827-9910-66264b410b4c,TCGA-E9-A244,34d68427-f4e7-4c9e-97ee-c853519961fb,f3eb5b26-5414-454f-a01f-a282b0369596.rna_seq.augmented_star_gene_counts.tsv,34d68427-f4e7-4c9e-97ee-c853519961fb
TCGA-BRCA,02ec11f4-1d26-4d2f-babe-d576ebfff1c7,TCGA-E9-A248,1dd5828f-8e81-4196-992f-70b8203c915f,e4e983eb-2aa3-4858-b67f-9cc70452768c.rna_seq.augmented_star_gene_counts.tsv,1dd5828f-8e81-4196-992f-70b8203c915f
TCGA-BRCA,7a3b5790-35c8-473a-b952-bb603aca5aa1,TCGA-EW-A1P4,86b68671-beef-4a15-aabb-89d79396fd9d,493a8b0a-11ea-4f37-8149-3825aaa04fe4.rna_seq.augmented_star_gene_counts.tsv,86b68671-beef-4a15-aabb-89d79396fd9d
TCGA-BRCA,4aa1d78b-37cc-43be-b4f7-ce677992024e,TCGA-BH-A0BG,742a677b-e99b-4916-bb92-3536c55ee5e3,594263d2-e787-4e14-a2de-8f57727de001.rna_seq.augmented_star_gene_counts.tsv,742a677b-e99b-4916-bb92-3536c55ee5e3
TCGA-BRCA,9e1c48c2-ce8e-4256-8cb2-31b12c523c66,TCGA-B6-A409,48847088-1303-4b23-8902-c0ca4ea5ae80,ff93cbad-7bdf-4e5d-81c7-95aacaa3bee9.rna_seq.augmented_star_gene_counts.tsv,48847088-1303-4b23-8902-c0ca4ea5ae80
TCGA-BRCA,8b5c92b7-52d5-4859-926f-f1264e9c1650,TCGA-AR-A0TT,1d7e99d8-052d-491a-8088-91cb0790cb17,a37d7ef3-0840-4114-acec-ce9e29bb54e9.rna_seq.augmented_star_gene_counts.tsv,1d7e99d8-052d-491a-8088-91cb0790cb17
TCGA-BRCA,c144ae50-ed29-4e27-bbee-fa81e79ac7db,TCGA-A7-A0D9,69aebf68-5357-4269-84fb-ee91a6bd67fd,8f4d89ea-3207-4fa7-9898-9b78cb971577.rna_seq.augmented_star_gene_counts.tsv,69aebf68-5357-4269-84fb-ee91a6bd67fd
TCGA-BRCA,9ff0477c-10cd-47d6-8d0d-4e763ea185a8,TCGA-E9-A22H,9b03a281-22c7-4ad4-b1c8-ba7eed0e8c5b,6e8eeaae-cc26-4db8-85f6-5c975b06bf45.rna_seq.augmented_star_gene_counts.tsv,9b03a281-22c7-4ad4-b1c8-ba7eed0e8c5b
TCGA-BRCA,6adbf536-e89b-4148-8ed6-9b9117f78c64,TCGA-BH-A1FL,ae72486a-e98c-4d72-b172-085d5b79df2c,b5e84055-487f-467a-9bc4-bd59ec82f183.rna_seq.augmented_star_gene_counts.tsv,ae72486a-e98c-4d72-b172-085d5b79df2c
TCGA-BRCA,75103265-c66d-4bd9-8ecf-cfcf66402918,TCGA-B6-A0IN,f979b428-649b-42ac-9eae-31ff4daa7b8f,2429f1fd-8612-4944-a405-296a52daec57.rna_seq.augmented_star_gene_counts.tsv,f979b428-649b-42ac-9eae-31ff4daa7b8f
TCGA-BRCA,4fcf4afe-40be-40eb-95cb-5b172ed83d11,TCGA-E2-A15K,e0ec172b-4ad3-43a5-aa90-6d64ebca1a76,24747d11-c715-48f3-821b-f6dbd6a890fb.rna_seq.augmented_star_gene_counts.tsv,e0ec172b-4ad3-43a5-aa90-6d64ebca1a76
TCGA-BRCA,c0819744-0dad-4597-b9ac-9117497418a8,TCGA-A2-A0SX,6e112ec6-1791-4764-8a62-7ad4dfea2d3b,216e4f8a-be1a-41d6-b413-fa4645423caa.rna_seq.augmented_star_gene_counts.tsv,6e112ec6-1791-4764-8a62-7ad4dfea2d3b
TCGA-BRCA,aa1e0129-d008-4648-8098-24f1981bc386,TCGA-A2-A0CZ,36e4ffb0-0bab-4035-88f1-a181b195fce1,d78126ec-68b1-4d77-bf7a-19a47678a5fb.rna_seq.augmented_star_gene_counts.tsv,36e4ffb0-0bab-4035-88f1-a181b195fce1
TCGA-BRCA,b8c9196c-182d-4522-b487-734f9a8f9a78,TCGA-A2-A04N,45bf52c6-b1a3-4f01-8345-a224fc195e18,5020cd67-6bd9-420c-bc6a-1cc8f2f78bde.rna_seq.augmented_star_gene_counts.tsv,45bf52c6-b1a3-4f01-8345-a224fc195e18
TCGA-BRCA,62ce9f85-13d7-445b-a32a-11f6001617e4,TCGA-E2-A15P,d923e06d-c747-419d-bd40-b05eb3e13edb,914508e1-ccc8-47ff-a225-7aca326a54dd.rna_seq.augmented_star_gene_counts.tsv,d923e06d-c747-419d-bd40-b05eb3e13edb
TCGA-BRCA,b58f47b2-c3ce-49a2-9bd2-f4c2cbda734c,TCGA-D8-A1XT,130343f0-62f4-4400-8002-e596edb3c02a,fcc2a5c0-ec23-43b5-b616-9b03c8ff4129.rna_seq.augmented_star_gene_counts.tsv,130343f0-62f4-4400-8002-e596edb3c02a
TCGA-BRCA,1fa2d526-b5d5-47e0-87d1-6ac17add8a0b,TCGA-E2-A14Y,67347e29-6d43-4234-8b04-188be7e6440b,85caaa0e-2811-46d2-b934-d9f9f006afc6.rna_seq.augmented_star_gene_counts.tsv,67347e29-6d43-4234-8b04-188be7e6440b
TCGA-BRCA,0d5c5f1c-d20e-480c-a89b-8feba01caf96,TCGA-AR-A250,206804c1-e5be-4076-9793-406d11094266,57d2c12f-e3ae-457b-b92c-22002aecdba0.rna_seq.augmented_star_gene_counts.tsv,206804c1-e5be-4076-9793-406d11094266
TCGA-BRCA,5dfab1d0-fed6-47b2-a47d-402e088361ad,TCGA-A2-A04V,136df0c2-a2a4-42e9-9cc6-9051d4f4c13d,7faebca5-c36a-4a24-b785-5e673cf5a0ed.rna_seq.augmented_star_gene_counts.tsv,136df0c2-a2a4-42e9-9cc6-9051d4f4c13d
TCGA-BRCA,cb62cd95-92ca-4b83-b8db-1cb9584befc0,TCGA-B6-A0RL,f1934efb-1c8a-4c72-ba94-d263ef0d0cd4,35da5f48-1c64-488b-8330-01e5fcbd9801.rna_seq.augmented_star_gene_counts.tsv,f1934efb-1c8a-4c72-ba94-d263ef0d0cd4
TCGA-BRCA,84ff236c-bc58-4797-9a34-da53eb1620dc,TCGA-A2-A0EW,8d87fbd5-8ca7-4ff6-b8b1-79f098dbca9f,bc1ed706-3abf-407c-9133-18169a4cf0e2.rna_seq.augmented_star_gene_counts.tsv,8d87fbd5-8ca7-4ff6-b8b1-79f098dbca9f
TCGA-BRCA,7cb99442-005b-4611-94f9-03af195ec7e3,TCGA-E2-A15H,78805478-bf7a-4d7b-8c4f-15e334430efd,ed9b3b6b-c2c2-41a2-ac61-dd2cfbb321ba.rna_seq.augmented_star_gene_counts.tsv,78805478-bf7a-4d7b-8c4f-15e334430efd
TCGA-BRCA,8a384d0c-be3c-4a35-8b57-2c48de743ebe,TCGA-C8-A8HP,37af19f9-56f9-48ec-97a9-5b0b6e364293,a37efe02-9662-4b90-8251-003ccb96aed4.rna_seq.augmented_star_gene_counts.tsv,37af19f9-56f9-48ec-97a9-5b0b6e364293
TCGA-BRCA,7231d76b-0aa1-4614-bdaa-84411618c8c0,TCGA-AC-A7VB,fe7c2cdd-7c3f-4d76-ad78-2a676116f464,97a50d88-e662-43d5-9cef-2915545e8968.rna_seq.augmented_star_gene_counts.tsv,fe7c2cdd-7c3f-4d76-ad78-2a676116f464
TCGA-BRCA,d12bd5fd-838e-491b-8949-6a22f78194ad,TCGA-AR-A24P,12959673-a8ec-4223-a5fe-0648276db5fc,ba2e1bd2-56f5-4dfb-94b5-92c50c58b31e.rna_seq.augmented_star_gene_counts.tsv,12959673-a8ec-4223-a5fe-0648276db5fc
TCGA-BRCA,87676c70-e2ad-4103-8bc0-3d3c1e40a790,TCGA-AR-A256,398fa6bf-78af-473b-8f2c-a2b3b605131f,a852a227-c31f-410f-baee-81135917a7d2.rna_seq.augmented_star_gene_counts.tsv,398fa6bf-78af-473b-8f2c-a2b3b605131f
TCGA-BRCA,3374057f-4159-464c-b6c3-276bb12a8902,TCGA-A7-A426,b1d29048-b913-40d9-bb58-97c107b95e8d,3719879b-e7b9-42b4-974c-f69735086cad.rna_seq.augmented_star_gene_counts.tsv,b1d29048-b913-40d9-bb58-97c107b95e8d
TCGA-BRCA,ed00a16b-6b8e-44e4-998a-ae4dcca5a93c,TCGA-D8-A1J9,5b4ec1fd-516d-4c32-a233-0699e591df1a,4331397f-eaf9-4e43-8fa2-e30ad3643aca.rna_seq.augmented_star_gene_counts.tsv,5b4ec1fd-516d-4c32-a233-0699e591df1a
TCGA-BRCA,d92b4202-25d2-40b1-a704-c6bca0eb5bc3,TCGA-EW-A2FS,9dc09c86-c728-4bd9-b2b6-2d9962dad662,d1f1743c-5fd9-4ae8-90c2-8c3e2d475d1b.rna_seq.augmented_star_gene_counts.tsv,9dc09c86-c728-4bd9-b2b6-2d9962dad662
TCGA-BRCA,3f6f1066-37f9-464d-872a-f1390eb36f6e,TCGA-BH-A0B8,aa9179e0-a44c-440a-a150-a9d5727579ea,144d0f39-feff-4dcd-a07d-abcc400e901f.rna_seq.augmented_star_gene_counts.tsv,aa9179e0-a44c-440a-a150-a9d5727579ea
TCGA-BRCA,5c031f2a-0e98-4ab4-b8c5-3a296fda419d,TCGA-BH-A0E7,77e51e8b-b21e-458a-9d00-217baa96d771,28f3a34c-f73a-4d10-8c0a-23e578866289.rna_seq.augmented_star_gene_counts.tsv,77e51e8b-b21e-458a-9d00-217baa96d771
TCGA-BRCA,d1991ebd-1cd1-4c2d-ac99-2a6ecd3f90f1,TCGA-BH-A0BJ,4660cd29-08ac-452c-9bb8-10e9d9e906ab,45f837c9-6b9e-4eed-ba56-9715b4a0356d.rna_seq.augmented_star_gene_counts.tsv,4660cd29-08ac-452c-9bb8-10e9d9e906ab
TCGA-BRCA,834d2e25-da72-413b-bb0e-3beb24d46472,TCGA-AO-A0JL,83eeba96-e3dc-44a3-846c-43dcc2ff9806,631a9df0-9d81-4b15-9ee6-3ae9f31dcba6.rna_seq.augmented_star_gene_counts.tsv,83eeba96-e3dc-44a3-846c-43dcc2ff9806
TCGA-BRCA,3d137341-f9a3-4cf0-8f26-acad49fa113e,TCGA-AC-A5XS,2a73e390-7415-486e-8d15-d9ea6ede09ba,5b875575-24fd-40c1-910c-38775c73004e.rna_seq.augmented_star_gene_counts.tsv,2a73e390-7415-486e-8d15-d9ea6ede09ba
TCGA-BRCA,b5d03f26-66ec-4861-9635-e0ee4a6e41c9,TCGA-BH-A0DD,fcb1b40a-85c0-498c-881e-7161edcf39e6,fd98106a-a2c6-4f23-86f5-66436c2501e5.rna_seq.augmented_star_gene_counts.tsv,fcb1b40a-85c0-498c-881e-7161edcf39e6
TCGA-BRCA,a3afbb9f-f611-4bf7-a7f7-8db59022f66f,TCGA-AC-A2QJ,a260d9e5-d88e-44eb-8431-4266c1baf68a,9c20991b-fb37-4984-8b57-2c1fa8112d1a.rna_seq.augmented_star_gene_counts.tsv,a260d9e5-d88e-44eb-8431-4266c1baf68a
TCGA-BRCA,a919faa8-0df6-4a94-b12d-46d99df6f26d,TCGA-AO-A03T,a542178a-a338-40d4-be52-b9a71af89b58,1a3e846b-4c7f-4aac-8c26-bb5e25f226ae.rna_seq.augmented_star_gene_counts.tsv,a542178a-a338-40d4-be52-b9a71af89b58
TCGA-BRCA,cb914f76-be58-463e-b9df-c7cb2811bd3c,TCGA-LD-A7W6,8e60d7c9-0fee-415f-b7bd-072f1bcd0fac,bf67d13e-231c-4cb7-8381-fb19c4fe90ed.rna_seq.augmented_star_gene_counts.tsv,8e60d7c9-0fee-415f-b7bd-072f1bcd0fac
TCGA-BRCA,bcb6b37b-62f7-40a9-bdb9-1b6479610dd6,TCGA-AR-A1AV,d27acb8c-2551-4ea7-8c09-f211cb4a9ec0,1cc7480c-76e1-42d1-8593-49b356ef624e.rna_seq.augmented_star_gene_counts.tsv,d27acb8c-2551-4ea7-8c09-f211cb4a9ec0
TCGA-BRCA,b7542984-1410-45e6-b936-8333ff902eb4,TCGA-D8-A27H,427a04c9-9b48-49de-8a47-2adc4e1dd32a,fead73ce-2e66-4647-8b6c-b8bbdaaf30fe.rna_seq.augmented_star_gene_counts.tsv,427a04c9-9b48-49de-8a47-2adc4e1dd32a
TCGA-BRCA,9970c93c-8a6c-4e05-9d2f-4b6bdf087a98,TCGA-OL-A6VR,95668f0b-130d-44d4-94c0-ba7a4e7798e6,6365a756-2e65-42cb-be4f-1f726915ca94.rna_seq.augmented_star_gene_counts.tsv,95668f0b-130d-44d4-94c0-ba7a4e7798e6
TCGA-BRCA,f225775e-e46f-4d1d-8b13-042e9776dd72,TCGA-BH-A18Q,c7aeba7e-b78e-4586-a4dd-8a04cc440737,f48956a3-c821-429f-b1ad-a27133d739bd.rna_seq.augmented_star_gene_counts.tsv,c7aeba7e-b78e-4586-a4dd-8a04cc440737
TCGA-BRCA,476b6ab5-f108-4280-9d53-7eb75fe17e4a,TCGA-B6-A0IO,e5016a2d-c839-4962-aa12-16b6c0e1328b,9634f770-bc93-4dfa-949c-98a6da30a102.rna_seq.augmented_star_gene_counts.tsv,e5016a2d-c839-4962-aa12-16b6c0e1328b
TCGA-BRCA,f2a49aa7-b756-4eaa-a6fd-00f56c7e7851,TCGA-C8-A1HF,da7f48b2-3bed-4824-8de7-187d0b22f54d,0a72c39e-889a-4990-bf96-6c7b9b8c1124.rna_seq.augmented_star_gene_counts.tsv,da7f48b2-3bed-4824-8de7-187d0b22f54d
TCGA-BRCA,58d073a2-68b8-4f48-ba5e-020258abef71,TCGA-A1-A0SQ,19520ee7-658f-4e16-8a24-291beed9f0af,40a31ab3-71fa-4f7b-a3b1-22e15ff0f358.rna_seq.augmented_star_gene_counts.tsv,19520ee7-658f-4e16-8a24-291beed9f0af
TCGA-BRCA,69f11430-f6f2-46bd-ba02-f09cec02e168,TCGA-C8-A137,f0a63361-78bb-4a7f-9d78-31f7b2980ba2,1008e8d8-a93c-4779-80b6-1272322e7c52.rna_seq.augmented_star_gene_counts.tsv,f0a63361-78bb-4a7f-9d78-31f7b2980ba2
TCGA-BRCA,9ef8142a-8627-4dcf-8c87-15b1bc2bfea2,TCGA-B6-A0IJ,0b829610-f28e-418e-b79d-d3351e13e1fe,98f3d2d7-edc4-40aa-b09a-63f8abd2b528.rna_seq.augmented_star_gene_counts.tsv,0b829610-f28e-418e-b79d-d3351e13e1fe
TCGA-BRCA,a869827a-f639-4cbf-8efb-1a5f00ed2d0a,TCGA-AO-A12E,afedbcf7-d427-4371-9c2a-f349b03de522,6e209f42-3c0f-4f05-83d7-c982448ccb87.rna_seq.augmented_star_gene_counts.tsv,afedbcf7-d427-4371-9c2a-f349b03de522
TCGA-BRCA,eadfbcf9-0058-4021-8dde-7296d441e42f,TCGA-D8-A1XZ,621b0997-70e5-415b-8d8c-1e5f90d0d4aa,0a430a9a-7e63-41d6-8cd0-1dda1e1df975.rna_seq.augmented_star_gene_counts.tsv,621b0997-70e5-415b-8d8c-1e5f90d0d4aa
TCGA-BRCA,b36c8878-bab6-4f61-9a4e-4dcfca21391e,TCGA-A7-A13F,9c87ef50-5854-4f69-820b-9e0b4d46c982,b3861080-a052-4432-82f8-193122ab29d4.rna_seq.augmented_star_gene_counts.tsv,9c87ef50-5854-4f69-820b-9e0b4d46c982
TCGA-BRCA,6f68a61c-8aec-42d3-b225-22bc6da3e355,TCGA-E2-A15J,8437bf97-2354-40cf-8dc4-631c5d7ae63a,723ed50c-2c78-4a3a-9f6e-9f9e8e264f6b.rna_seq.augmented_star_gene_counts.tsv,8437bf97-2354-40cf-8dc4-631c5d7ae63a
TCGA-BRCA,f754aa5f-49c8-4e8b-a1fe-f370f807499a,TCGA-BH-A1F0,0525bcb6-d206-46c8-b37d-b9b7cc90fef6,46cdbe65-5610-4903-9452-518fd6d5787d.rna_seq.augmented_star_gene_counts.tsv,0525bcb6-d206-46c8-b37d-b9b7cc90fef6
TCGA-BRCA,69bfa6ce-ed46-4321-a107-347c49d68951,TCGA-BH-A0H7,15f5f60a-13f0-41a2-8711-171d19c2903a,9c706e45-00da-42cd-933f-1f42f0b6942e.rna_seq.augmented_star_gene_counts.tsv,15f5f60a-13f0-41a2-8711-171d19c2903a
TCGA-BRCA,860baf5b-abcf-4014-8b4b-d0a4b0d15c51,TCGA-A8-A0AB,ad18b7e0-57ec-41c5-99a1-0c9d8740e0f1,fd2f42a3-d79c-466b-98c2-5f4d0a4a64e9.rna_seq.augmented_star_gene_counts.tsv,ad18b7e0-57ec-41c5-99a1-0c9d8740e0f1
TCGA-BRCA,993d2cba-b4f8-4a46-994b-b97bb9f10d34,TCGA-A8-A06Z,502fcba1-9d3c-4117-86fb-70a26c090692,36998e69-e955-49da-b859-2092caff19cb.rna_seq.augmented_star_gene_counts.tsv,502fcba1-9d3c-4117-86fb-70a26c090692
TCGA-BRCA,b8e8e280-c3ea-4757-bb41-1611c95dc868,TCGA-BH-A8FZ,bb3c5c27-7e75-43cc-8dfd-eab290e2f9da,f58dd06b-ab52-42e5-8603-cde9c4eb7fed.rna_seq.augmented_star_gene_counts.tsv,bb3c5c27-7e75-43cc-8dfd-eab290e2f9da
TCGA-BRCA,cc937913-802f-48cd-a490-e6b90f007c5d,TCGA-E2-A1LK,189f1a1b-96d6-4cb9-9000-001e08dca1ba,1044dff3-e077-4086-8d78-e3c125ec0c84.rna_seq.augmented_star_gene_counts.tsv,189f1a1b-96d6-4cb9-9000-001e08dca1ba
TCGA-BRCA,e5c7ea3c-3aaa-4409-b10b-372f2f8e30f6,TCGA-LL-A5YL,0e3cf07b-2cea-4ce7-a8f0-c8dc7d3db7a7,c469b31e-857a-4ac6-9a45-978c99391d9d.rna_seq.augmented_star_gene_counts.tsv,0e3cf07b-2cea-4ce7-a8f0-c8dc7d3db7a7
TCGA-BRCA,14f380df-eda0-4593-b00f-43abc87e22d4,TCGA-B6-A0X0,a4fc84b0-29ff-4994-b493-1102a044838d,4d54d278-9d82-4681-9b6a-247e79a9a83e.rna_seq.augmented_star_gene_counts.tsv,a4fc84b0-29ff-4994-b493-1102a044838d
TCGA-BRCA,db1c378a-1974-4b79-a027-928cba385e40,TCGA-BH-A18K,c6fd0f95-d74a-49e3-9a70-fec12e63ff1a,a17d056c-59ee-4c93-9357-19d57f108144.rna_seq.augmented_star_gene_counts.tsv,c6fd0f95-d74a-49e3-9a70-fec12e63ff1a
TCGA-BRCA,aafc7bc4-1e57-4df9-9bad-a04a4d9edebd,TCGA-BH-A0AZ,5dfadec2-3a10-40a9-99be-4984e917ba88,a90d3b2d-38f9-455c-88cd-73d5b3729491.rna_seq.augmented_star_gene_counts.tsv,5dfadec2-3a10-40a9-99be-4984e917ba88
TCGA-BRCA,cb7c50bf-c1df-4b2d-939d-cbe1a4b7b667,TCGA-A7-A5ZW,c9bc7edd-c545-4d76-9246-1bfa043a966c,a95ecb1b-9dd9-4916-9b73-b967278f3d85.rna_seq.augmented_star_gene_counts.tsv,c9bc7edd-c545-4d76-9246-1bfa043a966c
TCGA-BRCA,b8348b74-69a1-43b1-a7f5-3ab429378ebb,TCGA-LL-A6FR,5aaaf8b5-a75f-4070-93e8-f5b982144638,0c311d42-5038-4408-ac4a-5ffbb02817e4.rna_seq.augmented_star_gene_counts.tsv,5aaaf8b5-a75f-4070-93e8-f5b982144638
TCGA-BRCA,8ba93ad6-932d-42c9-8268-ddda46802057,TCGA-A7-A3IZ,0e2a0a41-fc0f-40d0-a0e7-d3eecac3cfd7,80afd34a-fc20-46be-85c5-088951628194.rna_seq.augmented_star_gene_counts.tsv,0e2a0a41-fc0f-40d0-a0e7-d3eecac3cfd7
TCGA-BRCA,78feb5be-f9d1-4cc6-baba-274136b9487c,TCGA-AN-A0FX,7d8935d4-33df-4a11-a352-e4e1acc563a4,8f51e90d-f617-4ed2-bbc7-7bcd92d1963d.rna_seq.augmented_star_gene_counts.tsv,7d8935d4-33df-4a11-a352-e4e1acc563a4
TCGA-BRCA,50111388-1058-413a-ac2a-3fd4f84091aa,TCGA-D8-A1JD,7493bcbc-658d-4789-a25c-9a990dcd44b8,62aa3903-4f3b-4693-b5e5-fc5abce184de.rna_seq.augmented_star_gene_counts.tsv,7493bcbc-658d-4789-a25c-9a990dcd44b8
TCGA-BRCA,caa2d510-9024-4d7d-b0ef-80fa4be1e2ee,TCGA-A2-A3Y0,c5baa506-f18b-42d8-bafd-4e9b85e1d390,54022a08-1016-45a7-ac33-5a40b4b5e6b3.rna_seq.augmented_star_gene_counts.tsv,c5baa506-f18b-42d8-bafd-4e9b85e1d390
TCGA-BRCA,3a36b403-ea38-49f9-9c28-710c5d141164,TCGA-E2-A15K,e22bc31b-332f-45a1-b17c-c747179abe61,b1366128-6ab0-4205-ae2b-a854e8ad45bf.rna_seq.augmented_star_gene_counts.tsv,e22bc31b-332f-45a1-b17c-c747179abe61
TCGA-BRCA,7ea6d404-9d2c-4b69-ac8b-d9ccd2d6cc65,TCGA-BH-A0HF,c1d62c39-f3ab-47d3-b654-8b6285cd97a3,5a3d1b74-f904-44ef-94a0-b38291e30be6.rna_seq.augmented_star_gene_counts.tsv,c1d62c39-f3ab-47d3-b654-8b6285cd97a3
TCGA-BRCA,f0785dc2-a43e-4b59-a21c-ab55c490d441,TCGA-BH-A1FH,451ecdf8-433f-4d38-8ab6-3cc8d428ed95,d7eb3fb0-7bfe-4f69-b298-41dde09902e6.rna_seq.augmented_star_gene_counts.tsv,451ecdf8-433f-4d38-8ab6-3cc8d428ed95
TCGA-BRCA,d360da4b-c5b4-42e8-96d5-eac486f0ebbd,TCGA-B6-A0X1,440bdce7-eb0c-4661-b96a-e90d10e230d6,d76cd13a-0481-442a-bfe6-ad322fc3851a.rna_seq.augmented_star_gene_counts.tsv,440bdce7-eb0c-4661-b96a-e90d10e230d6
TCGA-BRCA,0dcfd67b-64b2-4333-af18-a2638dd82952,TCGA-D8-A13Y,4c2a67aa-54ef-405d-a498-45c1790380da,4e75f67b-99df-4ad5-a2ca-1877a3d45655.rna_seq.augmented_star_gene_counts.tsv,4c2a67aa-54ef-405d-a498-45c1790380da
TCGA-BRCA,143fc27d-e119-48ff-a5ea-bd6aafc0404e,TCGA-GI-A2C9,3e0c80d6-5091-454c-ad27-eb513cf6f45d,b161c26d-64b1-4e03-94da-4f9b9de25e88.rna_seq.augmented_star_gene_counts.tsv,3e0c80d6-5091-454c-ad27-eb513cf6f45d
TCGA-BRCA,5dc7e339-f508-4d0d-ae4e-016a5425aba4,TCGA-B6-A0WS,c47a7c89-551d-4115-94e4-7ba4b938e88b,698e64da-61aa-4d7b-9f33-21d627cb4721.rna_seq.augmented_star_gene_counts.tsv,c47a7c89-551d-4115-94e4-7ba4b938e88b
TCGA-BRCA,bfc636bb-4e93-4e8b-bcc3-c98cf820e6e7,TCGA-LD-A7W5,7d1c40bf-6119-4f2b-bb33-3ba23546799f,b0a1f575-657f-4277-95dd-0e02e77279fe.rna_seq.augmented_star_gene_counts.tsv,7d1c40bf-6119-4f2b-bb33-3ba23546799f
TCGA-BRCA,147a9822-8704-4a7f-b856-9a659f4717b3,TCGA-E9-A22E,c587bd27-778a-4729-b614-e0631bb3717b,f79d6a7e-eaaa-4382-a5ed-600cf8d45824.rna_seq.augmented_star_gene_counts.tsv,c587bd27-778a-4729-b614-e0631bb3717b
TCGA-BRCA,7adf414b-c3f7-4e2c-aa80-81d3edd9764e,TCGA-E9-A1NG,8e063797-856c-491a-b702-1a37ebf6b6a8,d8edd309-518d-4358-8245-9e92d7af4441.rna_seq.augmented_star_gene_counts.tsv,8e063797-856c-491a-b702-1a37ebf6b6a8
TCGA-BRCA,c5eb7bf2-fc4a-497e-ace9-c715fea47e5b,TCGA-EW-A1P5,70f7e473-4a58-4186-aedd-1bab29bef4f3,abb411d3-1474-4e6e-afa9-23b974d9a557.rna_seq.augmented_star_gene_counts.tsv,70f7e473-4a58-4186-aedd-1bab29bef4f3
TCGA-BRCA,22ebe36e-3c42-4ca0-a624-c4219074bab9,TCGA-EW-A1OY,97c68557-c395-40bb-aaa3-a16514da3644,19afe60a-30a2-45f6-b4fb-de935154027c.rna_seq.augmented_star_gene_counts.tsv,97c68557-c395-40bb-aaa3-a16514da3644
TCGA-BRCA,7091b5bc-e61d-464d-8931-58d9dbec8cd5,TCGA-AC-A6NO,56cc8f11-ba1c-48c9-8455-1f73640f9cf5,e22c6b51-c27e-468f-883c-f71918330eb0.rna_seq.augmented_star_gene_counts.tsv,56cc8f11-ba1c-48c9-8455-1f73640f9cf5
TCGA-BRCA,eae4c66c-03a5-4663-a484-a01612602409,TCGA-D8-A1JK,06598222-e18b-45b1-9e4b-407aa120442c,a5ecc76e-a696-4e90-8bb4-7a9965e2f8a8.rna_seq.augmented_star_gene_counts.tsv,06598222-e18b-45b1-9e4b-407aa120442c
TCGA-BRCA,3bea8456-da16-4691-a260-5c94a83e2860,TCGA-C8-A130,ed1497db-7c6f-4bd2-83ed-ee05fa286f8b,ca701a41-b397-48b7-bad4-09ef8b4eb462.rna_seq.augmented_star_gene_counts.tsv,ed1497db-7c6f-4bd2-83ed-ee05fa286f8b
TCGA-BRCA,4f5e142f-d936-469d-abaa-37baf6f045af,TCGA-AO-A0J2,62e7008b-f4ca-40e3-88b3-7354ba2585ac,93cc1307-7138-4547-a9a2-8a5398815c01.rna_seq.augmented_star_gene_counts.tsv,62e7008b-f4ca-40e3-88b3-7354ba2585ac
TCGA-BRCA,92058c44-a484-4e08-b1fe-dfe2f03a0aa1,TCGA-E2-A1IU,41e79241-b5a4-4541-848b-e20e693e8ee3,22c2b380-799e-4fad-ae38-46a916c592d5.rna_seq.augmented_star_gene_counts.tsv,41e79241-b5a4-4541-848b-e20e693e8ee3
TCGA-BRCA,5c28c3b3-1dfe-46ac-83f6-dd5cdb47d813,TCGA-A7-A0CJ,c55e6460-fea1-468e-951e-bf45bbddd7a6,d0d2b8fc-6915-49fe-ae4a-f80e2d090cf5.rna_seq.augmented_star_gene_counts.tsv,c55e6460-fea1-468e-951e-bf45bbddd7a6
TCGA-BRCA,33f49b4e-924e-4590-8afa-e17403602137,TCGA-BH-A1FG,e67bbc10-91cf-406e-8d5f-8d44c77315f1,cbf0063b-68e5-42ee-9292-dfbf918a7b08.rna_seq.augmented_star_gene_counts.tsv,e67bbc10-91cf-406e-8d5f-8d44c77315f1
TCGA-BRCA,e0630a0d-d4aa-4c20-87ea-441ea60e6cfe,TCGA-LL-A440,e6f927ef-840f-438a-9559-863cc64f71e0,98447eef-e5af-4bfa-a215-7a1edd601c46.rna_seq.augmented_star_gene_counts.tsv,e6f927ef-840f-438a-9559-863cc64f71e0
TCGA-BRCA,b13ab974-e4a4-4926-bd17-17a1e9ca7ce6,TCGA-AC-A8OS,b2c326d7-25ab-42dc-afc2-bc93381062ea,defae193-bf7c-417c-b68a-57963eb454ef.rna_seq.augmented_star_gene_counts.tsv,b2c326d7-25ab-42dc-afc2-bc93381062ea
TCGA-BRCA,b9ae712b-823b-4ff8-bd1b-2eab4a2b5790,TCGA-E2-A14Z,65bc2a34-2355-4193-b20e-439f2d7f6df2,88d14d8e-cbbe-4157-b3ae-f1ddcb5e9551.rna_seq.augmented_star_gene_counts.tsv,65bc2a34-2355-4193-b20e-439f2d7f6df2
TCGA-BRCA,5012e9c0-a0f3-4f57-8840-fee059dfe671,TCGA-B6-A400,ee39aea6-23f8-470f-863c-545ef6c5ea77,b44be803-b398-4e93-b459-40ecdf2cb130.rna_seq.augmented_star_gene_counts.tsv,ee39aea6-23f8-470f-863c-545ef6c5ea77
TCGA-BRCA,0edb299d-861a-4141-9d5c-132d8c970547,TCGA-E2-A1B4,8d558ae5-f3a1-49fa-aa44-5abc6244b57a,59c3ac05-7a99-4817-ae14-1584f2b7bf36.rna_seq.augmented_star_gene_counts.tsv,8d558ae5-f3a1-49fa-aa44-5abc6244b57a
TCGA-BRCA,25de243d-f03e-496b-b5f0-3dd8e61303fe,TCGA-GM-A2DC,97dbbbc5-cd1a-4bb8-99c5-600870ccd35d,c23d56d0-f27a-48db-b10a-f572b50ef245.rna_seq.augmented_star_gene_counts.tsv,97dbbbc5-cd1a-4bb8-99c5-600870ccd35d
TCGA-BRCA,3440b3eb-511e-4904-873d-7a05d88fe879,TCGA-A7-A4SE,87b7171a-7340-4e1e-849b-c52351f23ab0,43c4bdc2-b3fc-4fb0-9f11-f45394c4256b.rna_seq.augmented_star_gene_counts.tsv,87b7171a-7340-4e1e-849b-c52351f23ab0
TCGA-BRCA,30ce2884-2ce3-4d6a-b758-17a554d6238c,TCGA-E2-A10E,03891509-3109-450d-8564-77b024a6128e,75668632-f0c7-495b-ba34-cd4b00aa9450.rna_seq.augmented_star_gene_counts.tsv,03891509-3109-450d-8564-77b024a6128e
TCGA-BRCA,f642ec37-b771-4b55-a133-a54f3b54ac99,TCGA-D8-A1JF,7300d49e-2e8c-42e0-873a-1674a19b71e6,fb27491d-a418-4957-a387-9a4e4de84b06.rna_seq.augmented_star_gene_counts.tsv,7300d49e-2e8c-42e0-873a-1674a19b71e6
TCGA-BRCA,1ddc4c86-029f-49b5-893c-a218240d3fa4,TCGA-E2-A1BD,57a43ef5-102a-4cd9-833d-00a2daf4e56a,ac175796-57dc-4de1-b6a2-eb71416e4c47.rna_seq.augmented_star_gene_counts.tsv,57a43ef5-102a-4cd9-833d-00a2daf4e56a
TCGA-BRCA,c216cce6-3e13-466e-942d-348f9f803ab2,TCGA-D8-A1XY,16b9a021-447f-44d8-a1f9-ad45edc73bc9,13d6ae6d-1662-4e0a-a10b-a733efc216b2.rna_seq.augmented_star_gene_counts.tsv,16b9a021-447f-44d8-a1f9-ad45edc73bc9
TCGA-BRCA,298e1da3-0691-4675-931e-4a36f2ca858d,TCGA-A8-A08H,30ff778c-844b-4140-9025-7ab1938f10a9,5167da8c-2b1c-4139-a2c4-355e9f07d0be.rna_seq.augmented_star_gene_counts.tsv,30ff778c-844b-4140-9025-7ab1938f10a9
TCGA-BRCA,3d164bd9-7416-47af-a102-29954e3efe2c,TCGA-EW-A1P7,dbdaac00-02bf-41e0-8d54-734273e10baa,bf858293-b533-4a73-ac9b-568109ba05d4.rna_seq.augmented_star_gene_counts.tsv,dbdaac00-02bf-41e0-8d54-734273e10baa
TCGA-BRCA,d6dcbd76-1146-4535-afd6-9a9c0e3c56a9,TCGA-E2-A15G,b5f2a171-35a3-4b7f-9221-199c589f3147,6d1979a2-956e-42d3-a192-01d872e36d22.rna_seq.augmented_star_gene_counts.tsv,b5f2a171-35a3-4b7f-9221-199c589f3147
TCGA-BRCA,5a9087b1-d001-4fcc-b061-f59e7026e711,TCGA-A8-A09X,09f1c0ee-ee22-435f-88c9-d9f5c936c45c,e55a506c-870f-4011-adfc-37eccbf5f17e.rna_seq.augmented_star_gene_counts.tsv,09f1c0ee-ee22-435f-88c9-d9f5c936c45c
TCGA-BRCA,b280103f-8732-4ee4-9e61-357a9cb3a0a9,TCGA-OL-A5RW,c441b2f1-d5ad-4aae-a37e-946579ff604f,5c957f54-8c46-4f13-a22b-49c175e8af3a.rna_seq.augmented_star_gene_counts.tsv,c441b2f1-d5ad-4aae-a37e-946579ff604f
TCGA-BRCA,c90925f3-2126-478f-b0d4-f3b2c50cfbf9,TCGA-A2-A0T1,9d61e56d-690b-4d66-891a-f8d010d704cf,ed13eb3a-17ab-4781-bc60-13797148c7c4.rna_seq.augmented_star_gene_counts.tsv,9d61e56d-690b-4d66-891a-f8d010d704cf
TCGA-BRCA,b4c19f4e-c5bf-4c4f-bad8-9c18128c112d,TCGA-BH-A0DV,287a036d-5b2d-4faf-93a0-cf0be006fa6b,52ff2501-c6d1-4469-a2b7-c458d98cfc8e.rna_seq.augmented_star_gene_counts.tsv,287a036d-5b2d-4faf-93a0-cf0be006fa6b
TCGA-BRCA,df545b98-f81f-4e0d-a714-90b406f2a238,TCGA-A2-A0CU,1dd898ab-3b85-4932-b889-0eb0a494f2b6,e0e050cc-5e2a-41fc-8394-b4816a9dc8a2.rna_seq.augmented_star_gene_counts.tsv,1dd898ab-3b85-4932-b889-0eb0a494f2b6
TCGA-BRCA,29d94e70-4462-4ff5-aa91-75d7a412083f,TCGA-AC-A5XU,46933fec-1800-4da5-814c-30cce4ae2fb5,afd15ee9-ef38-4d14-b1c1-7f4267fe6a04.rna_seq.augmented_star_gene_counts.tsv,46933fec-1800-4da5-814c-30cce4ae2fb5
TCGA-BRCA,41af42ec-7521-4783-916e-2c982eef0f98,TCGA-D8-A1XK,7d496f9f-8a04-496a-ad25-68b1b72f864a,c07a2fe2-d51d-4fd6-a36e-9f04fc3b6c05.rna_seq.augmented_star_gene_counts.tsv,7d496f9f-8a04-496a-ad25-68b1b72f864a
TCGA-BRCA,eee3738e-89d5-41be-8f9d-564e46b4e065,TCGA-D8-A1X9,3728cb73-4a8a-4392-8140-f027ad876cf2,61325789-0b1e-473d-8b71-5ec13ec1dcb7.rna_seq.augmented_star_gene_counts.tsv,3728cb73-4a8a-4392-8140-f027ad876cf2
TCGA-BRCA,2b8c960a-3e9a-49bf-8329-7d322da90326,TCGA-OL-A66I,3f44f7ab-7299-4b8e-b2b9-16ed5291e727,5ea12b9b-56ac-4d0c-8761-bf172b2f23e0.rna_seq.augmented_star_gene_counts.tsv,3f44f7ab-7299-4b8e-b2b9-16ed5291e727
TCGA-BRCA,22ff97e9-f168-48bb-9b61-6f50aba08d27,TCGA-AR-A2LH,f7e414a0-c2ca-40c7-a7a0-282d80247fa0,ee27259c-1aa7-4f5a-a4e6-0b49be4ad051.rna_seq.augmented_star_gene_counts.tsv,f7e414a0-c2ca-40c7-a7a0-282d80247fa0
TCGA-BRCA,4c7ed667-0015-48e5-a262-cabd54a35244,TCGA-D8-A1Y1,a6f9b537-d843-4181-9ba8-712c44986581,f3d3848c-9ff7-4e84-a35c-f6b6e3a57605.rna_seq.augmented_star_gene_counts.tsv,a6f9b537-d843-4181-9ba8-712c44986581
TCGA-BRCA,8b5c7e4d-a220-4499-9e38-7deacc1776a2,TCGA-A8-A092,c7db3ef0-0440-4fcf-a18b-c70b3f88e327,fc801acd-4b1f-46e7-bc1e-47752fb08779.rna_seq.augmented_star_gene_counts.tsv,c7db3ef0-0440-4fcf-a18b-c70b3f88e327
TCGA-BRCA,65ce036f-a8ed-4e83-818c-b54c95529a2e,TCGA-AR-A1AH,59858555-bc6a-4286-8280-0f8341123cac,deba354e-fcc8-4a00-aa1b-63afc9cf2861.rna_seq.augmented_star_gene_counts.tsv,59858555-bc6a-4286-8280-0f8341123cac
TCGA-BRCA,bfb67ae4-dcfe-4002-8f5a-35dbec269889,TCGA-OL-A6VO,4a2ad226-ed26-4f81-af7d-9d8b6db7cdd4,f9683515-b944-4c7b-b41d-ea105bd37a5a.rna_seq.augmented_star_gene_counts.tsv,4a2ad226-ed26-4f81-af7d-9d8b6db7cdd4
TCGA-BRCA,81fc993e-8f5a-4b3b-bea3-4c4c2f5e4ef2,TCGA-AR-A1AY,58764dda-7c61-4705-a834-4d654c60ef2b,4d4d40f2-1f96-4d31-81aa-d44b17a217ed.rna_seq.augmented_star_gene_counts.tsv,58764dda-7c61-4705-a834-4d654c60ef2b
TCGA-BRCA,f93c9b46-b07e-4a5f-9b3e-d7cebe34ebed,TCGA-AO-A0J3,5d720a05-3673-45be-9163-08e0fc332f80,853013f2-fee7-4489-a2a2-fa36112a1c73.rna_seq.augmented_star_gene_counts.tsv,5d720a05-3673-45be-9163-08e0fc332f80
TCGA-BRCA,a92b6d90-f7b4-4b17-b56b-b2fb7103b55f,TCGA-AR-A254,bdee019c-38ae-4686-84fe-2454ba4c70dc,504f8320-62f8-4205-926a-a54d042d0e98.rna_seq.augmented_star_gene_counts.tsv,bdee019c-38ae-4686-84fe-2454ba4c70dc
TCGA-BRCA,8ba7248f-69cd-4b16-8900-ad2feec2eab8,TCGA-EW-A1OX,6f3bd40b-98b5-431b-a0b3-c7767b479d7d,053442de-6d8a-4811-b03c-be1c7a3f207c.rna_seq.augmented_star_gene_counts.tsv,6f3bd40b-98b5-431b-a0b3-c7767b479d7d
TCGA-BRCA,29ba933a-c5f0-4637-b741-ee9739f02cd2,TCGA-D8-A27L,26702590-872f-4e36-a631-ee6cb3f61ec4,09cf8de3-bb0f-434d-8cb3-9f5eeb264b6b.rna_seq.augmented_star_gene_counts.tsv,26702590-872f-4e36-a631-ee6cb3f61ec4
TCGA-BRCA,6cb73e8a-b788-4efc-b60e-f33424fc93de,TCGA-BH-A2L8,7e0c78b6-4020-47b6-a8bf-46cf290c5c85,ce9d6d3a-9ab8-4586-a587-3d4bf00445a5.rna_seq.augmented_star_gene_counts.tsv,7e0c78b6-4020-47b6-a8bf-46cf290c5c85
TCGA-BRCA,dcf7829e-abaa-435f-b41d-a2bcfde5d66a,TCGA-BH-A0E1,c1ac2f8b-9ff2-47b9-a685-6cf10a7a925f,4eee2055-ed1f-4958-b214-4cff055c87bd.rna_seq.augmented_star_gene_counts.tsv,c1ac2f8b-9ff2-47b9-a685-6cf10a7a925f
TCGA-BRCA,fffbf817-1853-4783-b3e3-d05261cf2cd8,TCGA-HN-A2OB,18340589-696e-4f56-80c2-dc7d7428c471,2b00c53b-e257-4305-a0cc-3dfa9ac10d12.rna_seq.augmented_star_gene_counts.tsv,18340589-696e-4f56-80c2-dc7d7428c471
TCGA-BRCA,6d129f34-7de2-4f8a-b150-e6111c5845cc,TCGA-E9-A228,74b16304-eb3f-4311-9b2e-dbf5eac89b44,96cd848e-50fc-4244-beec-8d18b1703fff.rna_seq.augmented_star_gene_counts.tsv,74b16304-eb3f-4311-9b2e-dbf5eac89b44
TCGA-BRCA,8e324f79-8fbf-4d12-94d2-7b5a978425fc,TCGA-E2-A573,b3eb0ef4-66e8-48df-9acc-fd252dc2ac61,f084874a-f9a8-4858-a858-d9b80871755b.rna_seq.augmented_star_gene_counts.tsv,b3eb0ef4-66e8-48df-9acc-fd252dc2ac61
TCGA-BRCA,c514a893-e085-4a67-b386-b61c3b63a22c,TCGA-C8-A12U,318c3a49-64bc-4704-8739-d4cf31cef51f,1d18e4b7-83a5-4c40-94ef-f77c1ba2fdbb.rna_seq.augmented_star_gene_counts.tsv,318c3a49-64bc-4704-8739-d4cf31cef51f
TCGA-BRCA,238ffa7f-eecf-4f46-8831-efa0d23fa66c,TCGA-C8-A12Z,51948358-b1bb-46d7-a25c-8d3fe81557f0,2cfbc50e-e38d-41ad-8809-a3ed9685ddf1.rna_seq.augmented_star_gene_counts.tsv,51948358-b1bb-46d7-a25c-8d3fe81557f0
TCGA-BRCA,3c111956-7bcf-46a7-b64f-708ce11b9ff8,TCGA-AR-A1AQ,ef181439-d071-40e0-a185-f29343085f8c,287f70d5-cb97-459f-963b-68408f92c0f3.rna_seq.augmented_star_gene_counts.tsv,ef181439-d071-40e0-a185-f29343085f8c
TCGA-BRCA,1317942a-ef03-4ed9-b418-40a27aa3d6ec,TCGA-OL-A66P,1af79ae6-8b40-40ae-8f68-195d8367ac38,f0bc4292-6662-460a-8bf8-a3c9fa2fd7be.rna_seq.augmented_star_gene_counts.tsv,1af79ae6-8b40-40ae-8f68-195d8367ac38
TCGA-BRCA,3bc62725-ad6d-4685-bc50-0f1127363d90,TCGA-E2-A2P6,115d8b96-f3ac-4e6f-a975-60b71b32531a,b6a8beee-f393-4d3b-943e-1c44fad65526.rna_seq.augmented_star_gene_counts.tsv,115d8b96-f3ac-4e6f-a975-60b71b32531a
TCGA-BRCA,70e344f1-a29c-42c7-9fe8-da9219d45158,TCGA-AC-A3TN,a9b2ff1a-3b37-4388-a1e6-826e2edea49b,aae81240-6757-42b9-8dce-9936f8574f19.rna_seq.augmented_star_gene_counts.tsv,a9b2ff1a-3b37-4388-a1e6-826e2edea49b
TCGA-BRCA,43623706-5604-4f3d-8746-9bfa0b92c0a9,TCGA-XX-A899,e0cb738d-854a-4033-b370-79fa28d7cef8,69118aea-1784-49a0-9932-082f87fdec62.rna_seq.augmented_star_gene_counts.tsv,e0cb738d-854a-4033-b370-79fa28d7cef8
TCGA-BRCA,bf8eb507-a277-4f3a-a605-313cd37f18b4,TCGA-E9-A249,76d94448-4fd0-4476-af15-3c845d70851d,692ea666-b4ac-4e92-b712-96a67edaef56.rna_seq.augmented_star_gene_counts.tsv,76d94448-4fd0-4476-af15-3c845d70851d
TCGA-BRCA,cc07e1f1-e1e7-4335-ab8b-b7bebef1669f,TCGA-E9-A1N5,d9126541-4eb3-48fc-88ed-2e0ecea0d9d4,1880f86a-77c8-4eac-a3e7-a62f5edad8fb.rna_seq.augmented_star_gene_counts.tsv,d9126541-4eb3-48fc-88ed-2e0ecea0d9d4
TCGA-BRCA,6b746708-f6ef-45cd-b877-afa1949d1d78,TCGA-A2-A3XZ,3974a62d-d399-42f3-b550-336e793b0cfe,081b4937-85e7-44b3-9124-a612f4f2e0ca.rna_seq.augmented_star_gene_counts.tsv,3974a62d-d399-42f3-b550-336e793b0cfe
TCGA-BRCA,80105f2a-438a-4d44-947d-3f5a50d6cab0,TCGA-A2-A0CP,9b980569-4da2-43ee-a06a-18ee09baf41d,d6450e34-ebf4-4749-a27e-8e3139960afb.rna_seq.augmented_star_gene_counts.tsv,9b980569-4da2-43ee-a06a-18ee09baf41d
TCGA-BRCA,008dafdd-a3d1-4801-8c0a-8714e2b58e48,TCGA-AO-A0JJ,c7646bc5-436b-4ad5-b5ae-894b2e843cda,158ab1d9-8925-4a05-95da-b2e0ca297474.rna_seq.augmented_star_gene_counts.tsv,c7646bc5-436b-4ad5-b5ae-894b2e843cda
TCGA-BRCA,38ac0df0-950e-4c55-9f8a-96fd3f837ee6,TCGA-BH-A0HY,1deadf31-dc7d-4361-8041-ab0a27edebb3,01661d94-fc16-4456-95cf-a5fa4e1e196c.rna_seq.augmented_star_gene_counts.tsv,1deadf31-dc7d-4361-8041-ab0a27edebb3
TCGA-BRCA,0fc347ae-7ad9-4987-887a-d37fe871d6c2,TCGA-BH-A1FR,56081713-6249-4a3f-8498-277e688d1ec9,db5f53f3-6438-4f23-9683-ee16244d98b9.rna_seq.augmented_star_gene_counts.tsv,56081713-6249-4a3f-8498-277e688d1ec9
TCGA-BRCA,adbf4056-e7d4-4282-8771-f2d6029386ab,TCGA-BH-A18F,ac7c3a38-5d88-488e-86f7-1c72a26fe5ef,11ed8e05-8f30-460a-b502-01ae09504315.rna_seq.augmented_star_gene_counts.tsv,ac7c3a38-5d88-488e-86f7-1c72a26fe5ef
TCGA-BRCA,b8e11365-4360-4db7-bfe8-a8da3ca4819b,TCGA-EW-A1PF,f90e51cb-b862-4a76-acb0-cc882bfb4ee6,22aac1ce-7a45-481b-b3f6-6393deeadcd6.rna_seq.augmented_star_gene_counts.tsv,f90e51cb-b862-4a76-acb0-cc882bfb4ee6
TCGA-BRCA,02c8bf84-4816-49a9-b5d1-0edebb8627c7,TCGA-BH-A0HO,90e074a0-ca6d-4031-aa26-f79e5c662ba7,9c2ed2bb-8ee1-441e-9f3b-ffbb4def2673.rna_seq.augmented_star_gene_counts.tsv,90e074a0-ca6d-4031-aa26-f79e5c662ba7
TCGA-BRCA,51fb2284-4c63-49d7-9e38-c7d213ab43a6,TCGA-A7-A425,898920ea-31b3-4244-a413-4b957e93594f,3d804011-ba3a-4999-9305-71b4680819b9.rna_seq.augmented_star_gene_counts.tsv,898920ea-31b3-4244-a413-4b957e93594f
TCGA-BRCA,17cdb451-9b35-4aab-8bc2-b4a64ef3e3b4,TCGA-AR-A24U,7af23ba7-e5bf-41b9-b91f-5709321dadb7,073939c1-c857-4340-8a5f-a7b87d2349c3.rna_seq.augmented_star_gene_counts.tsv,7af23ba7-e5bf-41b9-b91f-5709321dadb7
TCGA-BRCA,8835b20e-9343-4266-a356-e0343c657130,TCGA-BH-A0HK,25c20f52-1031-4cd1-a9ed-4b2049b01a3e,87568e73-7eac-4243-9d74-03efb86b6f29.rna_seq.augmented_star_gene_counts.tsv,25c20f52-1031-4cd1-a9ed-4b2049b01a3e
TCGA-BRCA,093150bc-9ea8-4729-8693-32fe1d9690d2,TCGA-E2-A154,84e36620-ae1e-4221-84c9-3a6f1d11606d,13fc37db-3160-4e82-bd63-52fc295e0e19.rna_seq.augmented_star_gene_counts.tsv,84e36620-ae1e-4221-84c9-3a6f1d11606d
TCGA-BRCA,8e666196-bf9d-4b71-9c66-ee9272b671a5,TCGA-AO-A0JA,870fb4d4-8366-4bfa-b4c1-04d55eded427,3ef3fd4b-ed5b-41e1-8096-c573cf609bd3.rna_seq.augmented_star_gene_counts.tsv,870fb4d4-8366-4bfa-b4c1-04d55eded427
TCGA-BRCA,8434f4a2-0ead-40f6-9b63-9c958a3fb812,TCGA-5L-AAT0,a1a6d1dd-a1c6-4c5c-b54d-42de80680bc3,dc857517-6b3d-4008-85a4-a2b35efb1e7a.rna_seq.augmented_star_gene_counts.tsv,a1a6d1dd-a1c6-4c5c-b54d-42de80680bc3
TCGA-LIHC,0a21720b-c36f-402b-b0f4-69570fce8976,TCGA-DD-AAE9,ac2c8fb2-a069-41ef-9daa-b10faf870149,4c34db2e-e3cd-46d9-85ac-4277a1f036f1.rna_seq.augmented_star_gene_counts.tsv,ac2c8fb2-a069-41ef-9daa-b10faf870149
TCGA-LIHC,35600f0a-effb-40a5-a608-d60a42f3a43d,TCGA-ED-A7PX,a53b8623-b659-446a-ab87-65b6361a17cd,4e58c985-012a-4846-97f6-80dac0cae0b4.rna_seq.augmented_star_gene_counts.tsv,a53b8623-b659-446a-ab87-65b6361a17cd
TCGA-LIHC,957cbaf2-52d1-4102-a87e-f1d0d5687c17,TCGA-G3-A7M8,7c134e70-c906-42f8-8169-a6281ece4bf0,cdd3341f-b11c-4b79-b1bc-fd0bc958983a.rna_seq.augmented_star_gene_counts.tsv,7c134e70-c906-42f8-8169-a6281ece4bf0
TCGA-LIHC,8d3e521b-6df4-4633-bb44-7647ded94130,TCGA-DD-A4NP,fb310e6b-1b46-4a67-8a1a-16d9be837dc6,ebf5bac8-5ed4-474c-bda0-efc21b4b805d.rna_seq.augmented_star_gene_counts.tsv,fb310e6b-1b46-4a67-8a1a-16d9be837dc6
TCGA-LIHC,5ff97822-0520-45b7-a28a-a1c68c5ac324,TCGA-G3-A25X,0036fcec-eaed-430b-9a23-5efb2d2cc7f2,32b682ec-8156-44ca-bff0-26155c7fdc12.rna_seq.augmented_star_gene_counts.tsv,0036fcec-eaed-430b-9a23-5efb2d2cc7f2
TCGA-LIHC,7e3298d1-7ee0-470d-be0f-fc638ea6c62e,TCGA-ED-A5KG,72b4e1c9-0c5b-4110-9650-0505cc5fce3a,8be7d2b4-3bf5-49a5-97fb-97bdb5c29295.rna_seq.augmented_star_gene_counts.tsv,72b4e1c9-0c5b-4110-9650-0505cc5fce3a
TCGA-LIHC,5e6e2c83-3102-4130-98aa-167c8be39120,TCGA-FV-A2QR,7da0d21d-971c-420b-9fcd-e9c86134d129,bdf99841-cf6b-4544-823f-3e50d1fe04f1.rna_seq.augmented_star_gene_counts.tsv,7da0d21d-971c-420b-9fcd-e9c86134d129
TCGA-LIHC,d99a9d3c-de04-454e-8aa8-2624fd07f2c3,TCGA-DD-AACY,fd08f2ae-5b8a-45cf-a635-6101abb1e287,47fc6e7f-fc2b-496d-b8d9-49a4b4cbc92d.rna_seq.augmented_star_gene_counts.tsv,fd08f2ae-5b8a-45cf-a635-6101abb1e287
TCGA-LIHC,23d951c1-92e2-4b6b-b716-ff5829e28303,TCGA-CC-A7IJ,0bee0323-d4e5-4f61-97a3-d12e0d21c18d,e6c37259-ade1-42e8-8087-88e04862218c.rna_seq.augmented_star_gene_counts.tsv,0bee0323-d4e5-4f61-97a3-d12e0d21c18d
TCGA-LIHC,481741ac-d3ae-4e1f-92ee-18d382017605,TCGA-2Y-A9GX,b0ab5d25-e993-48fe-b538-699300a90ef1,c169d445-fd3f-45b8-bdff-d91951609960.rna_seq.augmented_star_gene_counts.tsv,b0ab5d25-e993-48fe-b538-699300a90ef1
TCGA-LIHC,7c4e023a-de49-4a4a-b4cf-26731b5650b2,TCGA-G3-AAUZ,c1ea600a-ac08-467b-b540-01b681ad8d9b,2d46de42-03df-475d-9255-d9fc26cfa234.rna_seq.augmented_star_gene_counts.tsv,c1ea600a-ac08-467b-b540-01b681ad8d9b
TCGA-LIHC,9d81f1db-2a62-4ac1-b7d3-2f7b18f0ec1e,TCGA-DD-AACK,2d17c5ed-0229-4dc4-a876-67c8a2f7745a,cdb21b35-6884-40a4-b66d-2275eb5ca0a1.rna_seq.augmented_star_gene_counts.tsv,2d17c5ed-0229-4dc4-a876-67c8a2f7745a
TCGA-LIHC,2be2966f-d7be-4fb4-bee9-c00c47f7ab69,TCGA-DD-A3A5,fcff3742-b3b9-4860-931f-819d85164bc7,d4db8178-db27-4b1c-8cf9-018420a91335.rna_seq.augmented_star_gene_counts.tsv,fcff3742-b3b9-4860-931f-819d85164bc7
TCGA-LIHC,98eeca7b-4918-4176-927d-0ac1e48c5d7e,TCGA-CC-A123,bae83cb3-fb86-4648-802d-504d2e110c1e,209d1c0d-246c-4981-8ec5-ba5c71f61340.rna_seq.augmented_star_gene_counts.tsv,bae83cb3-fb86-4648-802d-504d2e110c1e
TCGA-LIHC,9e4d2c81-e63b-4807-bdd5-f3192b95b3ad,TCGA-DD-AACC,59c0ae99-4212-4ba3-ae15-53e41b6681b6,7ec25db7-c66d-4511-bc2e-3f2d32a0eac1.rna_seq.augmented_star_gene_counts.tsv,59c0ae99-4212-4ba3-ae15-53e41b6681b6
TCGA-BRCA,b4c869f2-6910-4d41-ae52-b08b378bf681,TCGA-E2-A14W,04024f75-7405-4ccc-8976-91d0a3035b3a,e6f4bdc7-ab3f-4a62-aa6d-5223b25bbc89.rna_seq.augmented_star_gene_counts.tsv,04024f75-7405-4ccc-8976-91d0a3035b3a
TCGA-BRCA,9439bb31-588c-433b-a7a5-787d8b496f57,TCGA-AC-A2FE,5bee33e8-6c0e-4b47-b5b4-a82bf5784d81,9cb6482e-6f20-4aad-986c-7ccea66b7cc8.rna_seq.augmented_star_gene_counts.tsv,5bee33e8-6c0e-4b47-b5b4-a82bf5784d81
TCGA-BRCA,b9c728ca-9ff2-4aa4-bd9d-6cb69a8d7e2c,TCGA-BH-A0RX,77f150b1-5f40-442d-91c5-6d3571513513,1fc52882-bc89-4a45-a96e-5e051420c513.rna_seq.augmented_star_gene_counts.tsv,77f150b1-5f40-442d-91c5-6d3571513513
TCGA-BRCA,118fd65d-0b94-4663-a2a3-1f53b278711b,TCGA-E2-A1IH,1581b466-9502-491e-828b-dd9b721690cb,51bced11-ff98-4338-8e54-0b1a35a6d982.rna_seq.augmented_star_gene_counts.tsv,1581b466-9502-491e-828b-dd9b721690cb
TCGA-BRCA,da67ed79-947d-4f49-b1ee-b26b184693ca,TCGA-A7-A4SC,a217c1ab-e2cb-487c-982a-8241da38272f,e4443a5a-144f-434e-b1e0-3139e1e5ed23.rna_seq.augmented_star_gene_counts.tsv,a217c1ab-e2cb-487c-982a-8241da38272f
TCGA-BRCA,d7dc97c6-5819-48ee-99db-e34f117ab1a3,TCGA-AR-A5QQ,f55eb7a0-34e6-4d0d-9427-7d7896ddf060,8a7a2dda-c92e-425c-9c18-5f50aaeba203.rna_seq.augmented_star_gene_counts.tsv,f55eb7a0-34e6-4d0d-9427-7d7896ddf060
TCGA-BRCA,62246534-b42c-4d81-b09e-792e55e3cb9a,TCGA-S3-A6ZH,659f84a0-df18-44a4-8b82-ebaec356153d,e6ac5ada-4358-4ca3-b1cf-05d3e0cf0597.rna_seq.augmented_star_gene_counts.tsv,659f84a0-df18-44a4-8b82-ebaec356153d
TCGA-BRCA,989c2df5-5183-4daa-a8da-fc9ab18a437c,TCGA-BH-A0HX,4ef4f9f1-7883-4fff-91c0-223cac5f1887,dbb3747a-aafe-421c-bb21-84a0b82c6a75.rna_seq.augmented_star_gene_counts.tsv,4ef4f9f1-7883-4fff-91c0-223cac5f1887
TCGA-BRCA,155daece-cd56-4a90-9ee9-2c291c871bff,TCGA-E2-A576,469c052c-d2c8-4626-af1c-7276653168fe,f738acc1-0445-49e0-a279-3469620c8d4a.rna_seq.augmented_star_gene_counts.tsv,469c052c-d2c8-4626-af1c-7276653168fe
TCGA-BRCA,9d39f2cf-84b5-45ba-8c40-0a42d8f303b7,TCGA-E2-A156,ec9437c2-dad0-471a-bd2c-faa61846af57,fb120cb4-2cee-4848-a60e-6c1fba723dc9.rna_seq.augmented_star_gene_counts.tsv,ec9437c2-dad0-471a-bd2c-faa61846af57
TCGA-BRCA,38cfb491-3a6f-41c7-88b1-62bd97dba0c5,TCGA-A7-A56D,430184b1-040d-4b3a-863d-1e6c71009d93,73729b89-4802-4780-9e7f-cb160a04bb17.rna_seq.augmented_star_gene_counts.tsv,430184b1-040d-4b3a-863d-1e6c71009d93
TCGA-BRCA,0ef32921-bb7a-4055-a6ed-e8ced5f824e4,TCGA-E2-A152,1936440a-9cfc-4b04-af40-3fbc22fe87f6,7dc54973-bfae-4811-b947-f98a6ac24b25.rna_seq.augmented_star_gene_counts.tsv,1936440a-9cfc-4b04-af40-3fbc22fe87f6
TCGA-BRCA,e8cb34ed-67cb-48b7-83cd-621a1224e781,TCGA-A7-A0DB,6efd37a6-1669-4cdd-95b6-60c688e1e236,304b7293-0a76-4028-9a18-58c87c751ceb.rna_seq.augmented_star_gene_counts.tsv,6efd37a6-1669-4cdd-95b6-60c688e1e236
TCGA-BRCA,e8cb34ed-67cb-48b7-83cd-621a1224e781,TCGA-A7-A0DB,a8898537-0afa-4655-b123-78c11b90c53a,b4aad532-f92b-43d9-820c-f3c98e382225.rna_seq.augmented_star_gene_counts.tsv,a8898537-0afa-4655-b123-78c11b90c53a
TCGA-BRCA,e61781e7-6c4e-4a6f-8f8d-22896b1243ca,TCGA-E9-A1R0,0b798fe4-1c51-4c36-afc8-5bee39fd6077,e3142cf7-334f-4f34-a5da-53ffa4e1ba33.rna_seq.augmented_star_gene_counts.tsv,0b798fe4-1c51-4c36-afc8-5bee39fd6077
TCGA-BRCA,35b5f5a8-dd85-46d3-97cc-444060b2a11b,TCGA-BH-A0BP,14edb678-3b6c-4a58-aabf-0f9d1f7d9bdc,f5b3a6d0-3b56-4ad2-b520-8bcaadb6bd0e.rna_seq.augmented_star_gene_counts.tsv,14edb678-3b6c-4a58-aabf-0f9d1f7d9bdc
TCGA-BRCA,5ce91cce-a4ac-45e1-bc3e-737494a67769,TCGA-E2-A158,27f4c9d4-d6ba-4fea-9f0b-fb06066e69a8,dd1d9d28-3929-4361-a6ff-0ac781fb0ac3.rna_seq.augmented_star_gene_counts.tsv,27f4c9d4-d6ba-4fea-9f0b-fb06066e69a8
TCGA-BRCA,42c7e92b-6820-4562-9e32-a424a99a6cba,TCGA-AC-A3OD,7e915086-4926-4670-9f43-e35e2d04d6c5,a091a049-ebb1-465c-bf2e-b2abd72e4901.rna_seq.augmented_star_gene_counts.tsv,7e915086-4926-4670-9f43-e35e2d04d6c5
TCGA-BRCA,05bf18cd-2346-4ef9-b6df-58aa8a67e8a5,TCGA-AC-A23G,89ece3f8-e2db-4ed6-b5b8-dd4df34d6224,b1eae07c-4bc8-4b5c-9d33-d85f10214663.rna_seq.augmented_star_gene_counts.tsv,89ece3f8-e2db-4ed6-b5b8-dd4df34d6224
TCGA-BRCA,66e4ecf2-af70-46c8-be47-783e8e3edecd,TCGA-A2-A3XS,14979d31-e8b1-4948-beea-f913dfefa200,deb14c1d-474c-4d6f-bb8a-2b6df5dce5c9.rna_seq.augmented_star_gene_counts.tsv,14979d31-e8b1-4948-beea-f913dfefa200
TCGA-BRCA,049340e0-5ac8-4e7f-9c92-971b1200abae,TCGA-AC-A5EH,99367019-5583-4bcc-aa62-25916515fe17,c28b080d-8eb9-46b7-9e40-c37409820e17.rna_seq.augmented_star_gene_counts.tsv,99367019-5583-4bcc-aa62-25916515fe17
TCGA-BRCA,c677f76a-9a14-455b-b53b-1de5cd448678,TCGA-E9-A5FL,c1f3f326-e99f-4811-9665-d15d6d8a1c33,8b0bdebf-7292-4b66-bcf2-fcb0a06c24e3.rna_seq.augmented_star_gene_counts.tsv,c1f3f326-e99f-4811-9665-d15d6d8a1c33
TCGA-BRCA,ed47a919-be85-4d06-aee3-87b6485498cc,TCGA-GM-A2DA,90452523-0f9a-4c14-9d5f-e44f7079fb18,38387a4f-c65d-4075-8133-fdf259e919ed.rna_seq.augmented_star_gene_counts.tsv,90452523-0f9a-4c14-9d5f-e44f7079fb18
TCGA-BRCA,5006c942-bc9a-41cb-8674-2341b4e66230,TCGA-A2-A0YG,cc7f30ec-5369-45ec-80cb-68534838a655,cc66d11a-33c0-4247-9072-6e7c0d0b6112.rna_seq.augmented_star_gene_counts.tsv,cc7f30ec-5369-45ec-80cb-68534838a655
TCGA-BRCA,122305ed-ca1e-431f-a332-0ac3409cded2,TCGA-C8-A3M8,cde8361d-ade2-4103-b092-3ee9cbf85ea1,4b42e241-a674-4d6c-b217-dcea51e6cc4f.rna_seq.augmented_star_gene_counts.tsv,cde8361d-ade2-4103-b092-3ee9cbf85ea1
TCGA-BRCA,f4544809-7b92-40bc-b121-0db70c8af314,TCGA-AO-A1KO,d240cdef-e1a3-481f-a0d5-895d7cc5cabd,f7df28a8-81d0-434a-bfcf-0ffff4ac9ede.rna_seq.augmented_star_gene_counts.tsv,d240cdef-e1a3-481f-a0d5-895d7cc5cabd
TCGA-BRCA,c7da9758-e55a-4ed7-984f-cd86e2f6ea20,TCGA-AN-A0FN,0022cd20-f64f-4773-b9ff-a3de0b71b259,8d1641ea-7552-4d23-9298-094e0056386a.rna_seq.augmented_star_gene_counts.tsv,0022cd20-f64f-4773-b9ff-a3de0b71b259
TCGA-BRCA,d8b4969f-428d-4bf3-bbd8-883c72e8a934,TCGA-A2-A25F,4d27c8ac-375b-414a-8f88-75092f03bdd8,3f94086c-9e16-403e-b191-e03e9b6e3ce2.rna_seq.augmented_star_gene_counts.tsv,4d27c8ac-375b-414a-8f88-75092f03bdd8
TCGA-BRCA,6c141702-104f-4ce1-ba82-1add65f07d7f,TCGA-E2-A15D,cc7ea1eb-4947-4030-ace5-673e9441a9a8,952e9924-3a48-4572-bf4c-95e5049e452d.rna_seq.augmented_star_gene_counts.tsv,cc7ea1eb-4947-4030-ace5-673e9441a9a8
TCGA-BRCA,3ed5e5ce-12c3-4d15-9414-0b76f874e43c,TCGA-A8-A09R,577dde85-20c6-44c0-bf77-bda22a7f58c0,dda806cc-67a1-406b-8957-ffdb5f9087c8.rna_seq.augmented_star_gene_counts.tsv,577dde85-20c6-44c0-bf77-bda22a7f58c0
TCGA-BRCA,044f9b74-9a16-432e-acac-78c399c001bc,TCGA-BH-A18J,561bb38a-f9b8-4a0a-b03b-fbe70859869a,cab9ff29-e575-45e2-a411-1bfdc2e2610c.rna_seq.augmented_star_gene_counts.tsv,561bb38a-f9b8-4a0a-b03b-fbe70859869a
TCGA-BRCA,990eab72-718f-4d71-aa03-892fdfdfa365,TCGA-E9-A1RG,83707590-e4c8-4e06-98d5-f6c5dc710d1b,85237b9e-67a3-46a2-9c19-3818522994b2.rna_seq.augmented_star_gene_counts.tsv,83707590-e4c8-4e06-98d5-f6c5dc710d1b
TCGA-BRCA,c6d8d136-3bd3-49d2-8305-3377240a1ce7,TCGA-A8-A09V,1300bf72-ead0-4c03-b140-fca26302b43c,2f21d781-2df5-4de1-a595-a61507cfe610.rna_seq.augmented_star_gene_counts.tsv,1300bf72-ead0-4c03-b140-fca26302b43c
TCGA-BRCA,79fc9ed3-4e96-4c0e-869e-1756cbdabb39,TCGA-A7-A13D,50c7c034-fccb-4eb1-b8db-e0a5d9e50172,d820ac02-a30e-437b-b20a-3e92705b7b81.rna_seq.augmented_star_gene_counts.tsv,50c7c034-fccb-4eb1-b8db-e0a5d9e50172
TCGA-BLCA,a536f8f9-3a68-4792-880d-387d78fd0c66,TCGA-DK-A2I6,a57fab5c-b3a2-46b8-be89-dbbd0444a2ad,85336ff5-d423-454d-8edf-bc97af9a5e29.rna_seq.augmented_star_gene_counts.tsv,a57fab5c-b3a2-46b8-be89-dbbd0444a2ad
TCGA-BLCA,6b48dae5-b757-450a-8248-65c2434a7afc,TCGA-DK-A3IT,960daf2a-8884-43bd-ab4f-06dadf4f8f61,75291100-b4e2-4e40-a3dc-232e3bd88831.rna_seq.augmented_star_gene_counts.tsv,960daf2a-8884-43bd-ab4f-06dadf4f8f61
TCGA-BLCA,9bf2d470-cbc4-454a-95ab-3109f045684c,TCGA-GV-A3QK,7a8ce605-eb1c-4281-ac60-6a20a3e31eea,2cb79e67-cb85-48e3-871d-c6a452381e58.rna_seq.augmented_star_gene_counts.tsv,7a8ce605-eb1c-4281-ac60-6a20a3e31eea
TCGA-BLCA,fe1b2be2-296a-4b78-a009-cfb676357323,TCGA-GV-A40E,7bef9a78-a90f-447f-bdaa-3e9b821d5968,6119df9b-af87-4631-b0d1-217cd33b2298.rna_seq.augmented_star_gene_counts.tsv,7bef9a78-a90f-447f-bdaa-3e9b821d5968
TCGA-BLCA,127892ed-8a7a-41cb-8abe-353e09e6d327,TCGA-FD-A3SN,e59d8133-5367-4356-ac8d-c7412ddbdce0,dd57cd8b-27c3-440d-bfee-853a72df10ce.rna_seq.augmented_star_gene_counts.tsv,e59d8133-5367-4356-ac8d-c7412ddbdce0
TCGA-BLCA,9e190462-39fc-41b2-b1d6-2da150412fcf,TCGA-CU-A0YO,1b70e7f7-f918-415f-bfee-039e445e2208,1bb3709b-daab-406a-beeb-dcc901122915.rna_seq.augmented_star_gene_counts.tsv,1b70e7f7-f918-415f-bfee-039e445e2208
TCGA-BLCA,5365eef9-56ca-4e3f-a187-3316158c4a32,TCGA-BL-A0C8,1dffefdd-9d5e-44f2-9646-a949b3a23972,d7094569-100f-4bb1-bd9d-35e0f7485547.rna_seq.augmented_star_gene_counts.tsv,1dffefdd-9d5e-44f2-9646-a949b3a23972
TCGA-BLCA,577700d1-c366-41ef-8a0d-e50deefb5e3c,TCGA-DK-A1AA,51a41e15-b4aa-414d-97df-5ea3b2311a8f,62189a0b-074f-444b-803c-ab89947dbc5e.rna_seq.augmented_star_gene_counts.tsv,51a41e15-b4aa-414d-97df-5ea3b2311a8f
TCGA-BLCA,55072935-cd20-4355-897b-f60f77a18847,TCGA-GV-A3JV,905e8f71-2689-4ce1-98e2-4cce62d2b095,425b5772-f511-4d65-b29f-f937c1fd9995.rna_seq.augmented_star_gene_counts.tsv,905e8f71-2689-4ce1-98e2-4cce62d2b095
TCGA-BLCA,4c811177-e110-44a7-8c3f-729d5948fce3,TCGA-XF-A8HH,0240ae8f-9354-4123-b791-5333317ae9f0,42766493-7dff-4c09-821a-bd5952d95adc.rna_seq.augmented_star_gene_counts.tsv,0240ae8f-9354-4123-b791-5333317ae9f0
TCGA-BLCA,897b2691-b681-4a6f-9163-528c1ae5b228,TCGA-DK-A6B6,5595d7c4-5d84-4e45-92d6-b51bcbc87204,ffcb88ea-de07-4d79-9676-f4438a50f39b.rna_seq.augmented_star_gene_counts.tsv,5595d7c4-5d84-4e45-92d6-b51bcbc87204
TCGA-BLCA,66559b5f-ab2f-406b-9edb-0f5085eec7c5,TCGA-FD-A3N5,b4849657-e1bc-4992-9ace-f69c32b014ee,fea0107b-ea10-42e6-acb7-0f7baca7e65d.rna_seq.augmented_star_gene_counts.tsv,b4849657-e1bc-4992-9ace-f69c32b014ee
TCGA-MESO,365ffa07-a5de-470b-895f-7c3f3a060911,TCGA-LK-A4O0,d6802f68-5402-47e7-9b81-058d3bb9e0d6,bb23d5de-c9a8-44be-b08f-1af8aba78518.rna_seq.augmented_star_gene_counts.tsv,d6802f68-5402-47e7-9b81-058d3bb9e0d6
TCGA-MESO,c7890c17-dd5e-4ccc-9bff-383e9244c4f6,TCGA-UD-AAC1,9ae6308a-2037-4b65-90c2-27fb63e25b3a,4bebecd7-886d-4778-bff5-27d90595f8e7.rna_seq.augmented_star_gene_counts.tsv,9ae6308a-2037-4b65-90c2-27fb63e25b3a
TCGA-BLCA,ea2028dc-8a2f-4eca-84a5-cd403ce100d4,TCGA-XF-AAMT,a9244207-0090-465b-ac79-20f4c66066b5,55dd3b6b-2148-4b42-9685-d6f1c6e776a8.rna_seq.augmented_star_gene_counts.tsv,a9244207-0090-465b-ac79-20f4c66066b5
TCGA-MESO,00718caf-e2c8-4355-a23d-6b2def6b2278,TCGA-3H-AB3S,0ea8ca4e-505b-469c-806a-eee66288e9fd,f8fae9b4-d6ff-4dc9-9018-15d91a8ed36e.rna_seq.augmented_star_gene_counts.tsv,0ea8ca4e-505b-469c-806a-eee66288e9fd
TCGA-MESO,9b4479ab-b8f8-4e9a-871d-06527a07e086,TCGA-UD-AABY,138a7897-ddf8-41e4-9555-ce07d62f316d,c46e9df6-eba7-49c3-a339-2dc82e208a04.rna_seq.augmented_star_gene_counts.tsv,138a7897-ddf8-41e4-9555-ce07d62f316d
TCGA-BLCA,ad2067c7-9fba-4db9-ad14-877bc0c4e20b,TCGA-GU-AATQ,cc1fbf31-0db0-44eb-b18b-3ce5bf323d66,33907c74-4c8c-4461-ad90-ecd1aa6221d5.rna_seq.augmented_star_gene_counts.tsv,cc1fbf31-0db0-44eb-b18b-3ce5bf323d66
TCGA-MESO,9e43d37d-b244-4a37-9e41-cfbd27008ffe,TCGA-3H-AB3T,a1e78a07-a082-4193-97c1-a60fb2ad9948,5cc46e4b-5773-46a8-b3bf-6a3d79b2eb93.rna_seq.augmented_star_gene_counts.tsv,a1e78a07-a082-4193-97c1-a60fb2ad9948
TCGA-MESO,d644008a-8c2c-4d6a-b834-8e7e71fdafc7,TCGA-UD-AAC5,32e5e13b-13ab-43ca-86d7-6868f18816c9,833ca734-3510-4e35-a833-e1de58b3a315.rna_seq.augmented_star_gene_counts.tsv,32e5e13b-13ab-43ca-86d7-6868f18816c9
TCGA-MESO,08130247-fe6d-4644-9abb-29209f441943,TCGA-3H-AB3O,62da5f30-1afa-4afa-9438-1e655882c9b2,5345094f-dc9b-4dda-90ae-ec8749e49163.rna_seq.augmented_star_gene_counts.tsv,62da5f30-1afa-4afa-9438-1e655882c9b2
TCGA-BLCA,4d7d3354-6588-4e02-9354-ab5044ba1ab3,TCGA-BT-A20X,eb5e573d-46b3-47f4-a761-df02765bd899,406bbcc7-4726-4ca8-bb97-77c2a68f64fa.rna_seq.augmented_star_gene_counts.tsv,eb5e573d-46b3-47f4-a761-df02765bd899
TCGA-MESO,9d96f433-0ddb-409d-b1a6-b3618fce25a8,TCGA-LK-A4O7,87a93f92-b940-4cae-bf21-00fb87a26acf,068fb718-0419-4ae0-a4e4-df86e352a0ff.rna_seq.augmented_star_gene_counts.tsv,87a93f92-b940-4cae-bf21-00fb87a26acf
TCGA-BLCA,95c5614a-96ad-4252-bb62-dc2abfd6786b,TCGA-GU-A767,9c91197a-5784-4e76-a94a-ed53ad3f02fc,d45c33cc-88e2-4de5-a578-f7e31a6c0738.rna_seq.augmented_star_gene_counts.tsv,9c91197a-5784-4e76-a94a-ed53ad3f02fc
TCGA-MESO,09a8e856-9b2a-41e7-ae53-de57eea5785e,TCGA-UD-AAC4,54da1536-4b40-4b86-b346-f1c7db97ad9b,1fccaea9-1266-4b3c-a457-7eac409de325.rna_seq.augmented_star_gene_counts.tsv,54da1536-4b40-4b86-b346-f1c7db97ad9b
TCGA-BLCA,52097937-cbcb-43f8-a505-9b4da32d5c6a,TCGA-ZF-AA54,6b746dee-fb0c-46e8-a27b-2d6816c63490,d10fc0ef-df39-4aad-bc02-abddb8b92566.rna_seq.augmented_star_gene_counts.tsv,6b746dee-fb0c-46e8-a27b-2d6816c63490
TCGA-MESO,0d0f8852-1f33-4739-a7b4-91561352b301,TCGA-SC-A6LQ,cd2eaa7e-913c-4c93-814b-141d6378c8a1,b13b0930-70e8-4d37-8dd6-d45fc633536a.rna_seq.augmented_star_gene_counts.tsv,cd2eaa7e-913c-4c93-814b-141d6378c8a1
TCGA-MESO,e44003f2-6dd9-46ae-a7d5-5a36ed9ea27f,TCGA-MQ-A4LM,37b08e33-a3df-402b-ace8-0016f55acb5d,c54c5280-4ffd-4892-92a6-0267a1c01a5f.rna_seq.augmented_star_gene_counts.tsv,37b08e33-a3df-402b-ace8-0016f55acb5d
TCGA-BLCA,08a5e125-28b4-41cd-9a7a-60fe8377cc1e,TCGA-FD-A62N,b503684b-9de0-48c7-bceb-cfc45dc7d86e,b09a2986-6c1c-4494-b00c-c8e8edcc5287.rna_seq.augmented_star_gene_counts.tsv,b503684b-9de0-48c7-bceb-cfc45dc7d86e
TCGA-HNSC,65baae80-7fd5-40b1-b5fb-bdd013b70931,TCGA-CQ-6221,28a3b4b9-ee0e-4554-8c5d-9fe619e81564,eb0e6381-873f-43cc-a78a-22fb5dd7c9b0.rna_seq.augmented_star_gene_counts.tsv,28a3b4b9-ee0e-4554-8c5d-9fe619e81564
TCGA-HNSC,e106cb26-d4f7-4dd3-889f-c1fc35167d3d,TCGA-IQ-7631,9adb359c-7196-4b9e-8cd7-b6b207521db4,efdfb4b0-ba6f-43e1-ba1a-6f22e396a1a5.rna_seq.augmented_star_gene_counts.tsv,9adb359c-7196-4b9e-8cd7-b6b207521db4
TCGA-HNSC,39d9f003-89e6-4349-b060-f5a604789fb3,TCGA-CV-7406,6bbf7ecc-6210-4173-956a-aa241cbbff2c,c83c1267-97c6-410a-9922-af05e099e427.rna_seq.augmented_star_gene_counts.tsv,6bbf7ecc-6210-4173-956a-aa241cbbff2c
TCGA-HNSC,19c44a45-4f80-4d5a-beac-83db256a3434,TCGA-DQ-7589,5ed98c17-8df8-48b3-a6f9-3d5c33119e26,9153c561-deb3-4465-b6c3-b20199689228.rna_seq.augmented_star_gene_counts.tsv,5ed98c17-8df8-48b3-a6f9-3d5c33119e26
TCGA-HNSC,f1cbf326-7657-4c9b-9c8d-e2036e89fd07,TCGA-CN-6021,4a4b8437-d003-4149-9770-fa8365eb3430,29e20159-988e-4e50-985b-b3628a9e45f4.rna_seq.augmented_star_gene_counts.tsv,4a4b8437-d003-4149-9770-fa8365eb3430
TCGA-HNSC,03c9108a-5139-4bac-9641-c7dbbedef420,TCGA-CN-4741,a62d59ff-b040-4986-adb6-044191fe4462,006a0980-b5f9-4ea9-9b98-a3d14a932e7d.rna_seq.augmented_star_gene_counts.tsv,a62d59ff-b040-4986-adb6-044191fe4462
TCGA-HNSC,b707666d-a548-4a17-ad61-4150d887c2a5,TCGA-F7-A620,b4d80398-c339-407b-94d3-57afa590e16d,18ed5122-3bb8-43b6-94c2-acec0129fc78.rna_seq.augmented_star_gene_counts.tsv,b4d80398-c339-407b-94d3-57afa590e16d
TCGA-HNSC,be567c0a-3833-45d7-b846-d229a8e16e16,TCGA-CV-5431,ba27831d-d20b-41e4-8dde-d69ea443450a,52924618-4df5-449e-ad2c-691919683815.rna_seq.augmented_star_gene_counts.tsv,ba27831d-d20b-41e4-8dde-d69ea443450a
TCGA-HNSC,7dafe515-fefb-4656-ab96-b72e09e041f7,TCGA-CV-7424,ee7ba1b6-49e2-4b07-84b4-dfaa95e05074,ff89b167-8690-4103-b9ca-a9408ad07fde.rna_seq.augmented_star_gene_counts.tsv,ee7ba1b6-49e2-4b07-84b4-dfaa95e05074
TCGA-HNSC,ba5d40f5-56a2-438b-92b8-6eb7db6d6afa,TCGA-CN-4737,044de6e3-52f7-493c-b8d2-6aeca52375ea,cbaca6c1-9e91-48ea-b3e6-3a476624bb27.rna_seq.augmented_star_gene_counts.tsv,044de6e3-52f7-493c-b8d2-6aeca52375ea
TCGA-HNSC,273490d1-9862-4480-86aa-12522b35fe24,TCGA-CQ-A4CH,51d2bbc3-8240-458b-9feb-0d9808fa1646,42c01286-ab49-4d6e-ad9a-4579d2f94f2d.rna_seq.augmented_star_gene_counts.tsv,51d2bbc3-8240-458b-9feb-0d9808fa1646
TCGA-HNSC,75df5118-f915-44a9-aa7e-ce9cac1b5d9e,TCGA-CV-7427,b78ac464-2435-4d29-b287-61383ee4aecb,2b972d57-78e5-4ca8-95cf-236226255a23.rna_seq.augmented_star_gene_counts.tsv,b78ac464-2435-4d29-b287-61383ee4aecb
TCGA-HNSC,b069c55b-496a-4a57-a507-1b2e1b4201ae,TCGA-CV-7261,cd81e297-982d-4664-8083-25ec4424a939,9505d819-991a-4885-9cda-93c6ac066b7c.rna_seq.augmented_star_gene_counts.tsv,cd81e297-982d-4664-8083-25ec4424a939
TCGA-HNSC,f0684e03-2d91-4e9b-9d11-a3063ccc2f34,TCGA-CV-7245,74b85e44-faa6-4eae-97bc-76d64c49b4d8,ea86e4b0-d8a8-4aa6-bee3-457793513254.rna_seq.augmented_star_gene_counts.tsv,74b85e44-faa6-4eae-97bc-76d64c49b4d8
TCGA-HNSC,e71c33e9-1f74-4cf6-b6bf-985d0c96f71e,TCGA-CV-5966,0a72a23d-0e31-4060-8a99-c5da7e11c5ef,fa17239b-e5fb-4818-a4f7-f49d996d4a05.rna_seq.augmented_star_gene_counts.tsv,0a72a23d-0e31-4060-8a99-c5da7e11c5ef
TCGA-HNSC,f01165b0-911a-45b0-ba7d-7cd0e723a2e4,TCGA-CQ-6229,55ffd417-0e61-4fe5-9ba4-54ae15c8330a,18075aee-7064-4b22-b976-21f93af49218.rna_seq.augmented_star_gene_counts.tsv,55ffd417-0e61-4fe5-9ba4-54ae15c8330a
TCGA-HNSC,3e433f7a-34e1-4af3-b5a0-8795bfb7b549,TCGA-CV-A45Q,c778256b-62cc-4642-886f-f2950526f374,e8ac63c4-fc48-4b20-9e7f-abb81afc1ac3.rna_seq.augmented_star_gene_counts.tsv,c778256b-62cc-4642-886f-f2950526f374
TCGA-HNSC,041d7de0-fdee-4f6b-9945-058f8bab509c,TCGA-D6-A6EQ,722617cc-6c69-40e7-bddb-d2a22a7aa6d5,3d561a15-c268-43f3-8102-ae4bf052c4d7.rna_seq.augmented_star_gene_counts.tsv,722617cc-6c69-40e7-bddb-d2a22a7aa6d5
TCGA-HNSC,d3fd433a-9522-409f-8c09-3a90e2ef6e26,TCGA-UF-A7JD,7ccb0411-d6a2-434e-847e-b4d65f2b1142,7acc59c7-cdf6-41d5-a82a-d8696586e327.rna_seq.augmented_star_gene_counts.tsv,7ccb0411-d6a2-434e-847e-b4d65f2b1142
TCGA-HNSC,9ee0f161-0976-4697-bf69-7e42e7149feb,TCGA-CV-6951,919ad647-d821-45d7-ad7c-bc4078f6dc83,b6590233-22ad-43cc-aaad-703ae738d1a8.rna_seq.augmented_star_gene_counts.tsv,919ad647-d821-45d7-ad7c-bc4078f6dc83
TCGA-HNSC,a26d04d0-1501-4cc7-afea-154a89cff0ff,TCGA-CR-6478,494a88b0-ea90-4a12-b4a1-48582a6cf9ea,552ce814-6af2-4043-81e5-71625d69f238.rna_seq.augmented_star_gene_counts.tsv,494a88b0-ea90-4a12-b4a1-48582a6cf9ea
TCGA-HNSC,2027ede3-13f5-40f6-bef6-16704981d676,TCGA-BA-4078,95cff59f-cec7-490d-9519-83b39c202cb2,c29f985d-859c-4eaf-8593-276ac8d6af69.rna_seq.augmented_star_gene_counts.tsv,95cff59f-cec7-490d-9519-83b39c202cb2
TCGA-HNSC,3774c511-1e37-4d82-a040-a647939de80b,TCGA-CX-7082,f0710431-74a4-4b7e-a715-885b09db10f2,a3e73737-78a8-4e9c-84bf-067c50927efb.rna_seq.augmented_star_gene_counts.tsv,f0710431-74a4-4b7e-a715-885b09db10f2
TCGA-LIHC,20a2b10b-b7e3-4fe3-b8b6-ecbd4e91c5eb,TCGA-RG-A7D4,8842358a-057c-4a49-8d0c-a2c72e2a042b,1cb99a58-aee1-4c4c-a9e2-fd8c084fe073.rna_seq.augmented_star_gene_counts.tsv,8842358a-057c-4a49-8d0c-a2c72e2a042b
TCGA-LIHC,dc595eed-d459-40fd-8417-6a1c56759ec8,TCGA-CC-5262,4e34e3c0-7b98-4a4f-8889-489f87383ba4,9d164d74-ec27-4cef-81b0-0580550e96af.rna_seq.augmented_star_gene_counts.tsv,4e34e3c0-7b98-4a4f-8889-489f87383ba4
TCGA-LIHC,c7352d50-28d0-4284-a54a-df0f9629efdc,TCGA-DD-AADK,cc46ac99-00d9-43e3-813c-ffc2f611ea32,15c9c88d-1489-48e5-857a-6feb6dbe29b4.rna_seq.augmented_star_gene_counts.tsv,cc46ac99-00d9-43e3-813c-ffc2f611ea32
TCGA-LIHC,63552745-eb7f-4948-a552-05b77f645de4,TCGA-MI-A75E,96a14578-77fc-44f0-ba46-9cba2a214a8e,6db82dae-7d24-472c-9558-08291f9b96bb.rna_seq.augmented_star_gene_counts.tsv,96a14578-77fc-44f0-ba46-9cba2a214a8e
TCGA-KIRP,c0b14e94-2a8e-4126-a35c-f35244e13a71,TCGA-BQ-7059,21938fb7-2eec-431c-b316-655d64ad8c13,4a03d542-dfb7-4570-9226-db715816eccd.rna_seq.augmented_star_gene_counts.tsv,21938fb7-2eec-431c-b316-655d64ad8c13
TCGA-KIRP,9e23e7d4-3e17-4144-8c4b-5671c7a20816,TCGA-5P-A9K0,db0b7ece-8388-4544-9b03-40737d453bff,d3177862-732f-4f47-9350-7a8fecea4645.rna_seq.augmented_star_gene_counts.tsv,db0b7ece-8388-4544-9b03-40737d453bff
TCGA-LIHC,3065d32f-2852-4478-a6e7-c8129a2acf0b,TCGA-DD-AADA,67993fc6-feaf-4468-927c-0daf9ca72aed,b89c4049-eeac-4f22-a9b6-18ffd9f07132.rna_seq.augmented_star_gene_counts.tsv,67993fc6-feaf-4468-927c-0daf9ca72aed
TCGA-LIHC,f43f95a7-29d8-499a-b8ea-f2a2edd906f9,TCGA-MI-A75I,fcf07cf2-437a-4178-a405-c34d800cf75f,0ac55bd1-ee36-4795-b9d9-4a07495e5a46.rna_seq.augmented_star_gene_counts.tsv,fcf07cf2-437a-4178-a405-c34d800cf75f
TCGA-LIHC,fd7c8159-102b-4af5-ae93-4e468e54ec10,TCGA-G3-A7M7,35b21093-a92a-45e4-bdb2-a82fb400c6ea,a9ec76be-2ef4-4b95-9ab8-0b47fd793b0e.rna_seq.augmented_star_gene_counts.tsv,35b21093-a92a-45e4-bdb2-a82fb400c6ea
TCGA-LIHC,6477af21-e833-4b46-8658-5da593030fed,TCGA-2Y-A9GU,023b8a0a-1b32-4feb-8b9d-0844dc0e7c6c,a7d51d09-db64-418f-a44f-574d3fbe3501.rna_seq.augmented_star_gene_counts.tsv,023b8a0a-1b32-4feb-8b9d-0844dc0e7c6c
TCGA-LIHC,bfc24617-ab7b-494e-b404-ab0c1934b5b3,TCGA-DD-AAD3,30bec809-3ad4-4a01-a7e4-7846643d1a06,bc96f6df-c22f-459a-a712-be9df674b3f0.rna_seq.augmented_star_gene_counts.tsv,30bec809-3ad4-4a01-a7e4-7846643d1a06
TCGA-BLCA,ea8d5230-c27d-4cf4-9964-6bab8a68e933,TCGA-E7-A541,7de76992-4942-4011-afdf-7225842a9294,93e49e7a-3ac0-49cb-9f79-723676e4b56e.rna_seq.augmented_star_gene_counts.tsv,7de76992-4942-4011-afdf-7225842a9294
TCGA-MESO,d467175b-f8e5-4579-a0e1-1f85238c5a93,TCGA-SC-A6LP,5ea7de4c-8df3-4516-af23-e1c9d70f7f7f,8110d0e9-0ae0-46a1-a542-d83e3bb7219e.rna_seq.augmented_star_gene_counts.tsv,5ea7de4c-8df3-4516-af23-e1c9d70f7f7f
TCGA-MESO,1b45900c-f51a-4c0e-bcd0-8e2f59798106,TCGA-TS-A7P0,a2837fe4-2b9a-4cc5-b040-588d81acdd38,398002cb-61ec-4f08-add1-cc6e3646e3ec.rna_seq.augmented_star_gene_counts.tsv,a2837fe4-2b9a-4cc5-b040-588d81acdd38
TCGA-BLCA,10f2ed03-4e58-41aa-ae19-4d44f57cbdf5,TCGA-DK-AA6M,3c1cb2bb-6249-45d1-94f9-ac25b428219c,d7b2ff08-39a2-413f-b9c2-f28c964cca9b.rna_seq.augmented_star_gene_counts.tsv,3c1cb2bb-6249-45d1-94f9-ac25b428219c
TCGA-BLCA,02351552-109a-48b6-a2e5-8d2a7e4b6c96,TCGA-FD-A5BR,65b5577d-5de3-45b2-8e3a-39a0b4ae01f1,7037dd53-bf1c-4d91-8a80-9bc608e1efa0.rna_seq.augmented_star_gene_counts.tsv,65b5577d-5de3-45b2-8e3a-39a0b4ae01f1
TCGA-MESO,d41d45fe-5fd6-4ff1-b7e6-1aed94ce3bdc,TCGA-SH-A7BH,b718af60-e78c-4288-ba46-a5d4114faf0d,b0b965b6-bf81-47f6-a677-2f3886e8b6bf.rna_seq.augmented_star_gene_counts.tsv,b718af60-e78c-4288-ba46-a5d4114faf0d
TCGA-BLCA,d5f2a552-91c3-4750-a66f-30c3c854d6e1,TCGA-BT-A42F,d8ce29f1-3d83-4639-b02b-849510bc17d8,7ec906a3-e491-40e4-a68f-c0b745050538.rna_seq.augmented_star_gene_counts.tsv,d8ce29f1-3d83-4639-b02b-849510bc17d8
TCGA-BLCA,73a76b8a-ba29-459a-8395-3068a3a9b5ce,TCGA-HQ-A5NE,b5a579fb-51e6-47d2-b681-a4f5c75dadba,05777c89-4fc0-47b3-a87d-57f0df77ac22.rna_seq.augmented_star_gene_counts.tsv,b5a579fb-51e6-47d2-b681-a4f5c75dadba
TCGA-BLCA,d25c4cba-553c-459a-9249-433726b84c3a,TCGA-KQ-A41R,c3bb09b6-f161-44d1-a4f4-9733ffd20207,45dc751a-3cdb-4bc7-b550-ef074e3c1190.rna_seq.augmented_star_gene_counts.tsv,c3bb09b6-f161-44d1-a4f4-9733ffd20207
TCGA-BLCA,6e63e194-e41f-4f0d-979b-1e0439da1bfc,TCGA-2F-A9KO,0be0d83b-9baa-4898-967c-81c466e8fb78,edd5bf74-7675-4c67-9863-2369b2f72bfa.rna_seq.augmented_star_gene_counts.tsv,0be0d83b-9baa-4898-967c-81c466e8fb78
TCGA-MESO,6c2df08b-0741-4833-b8a6-66cbed736dfc,TCGA-ZN-A9VP,03902ef2-8a01-4d14-ae8b-efd0734e712e,7a1d80d7-d1ee-4fc0-8299-cbf119263b52.rna_seq.augmented_star_gene_counts.tsv,03902ef2-8a01-4d14-ae8b-efd0734e712e
TCGA-BLCA,652e7049-0114-4dba-ab6d-2bfb8df5bed3,TCGA-XF-A8HD,54991bf3-8da2-4bbd-a101-b9a7a038a05a,8225d29e-2cd9-4bf8-bb0b-d09dfc9d50db.rna_seq.augmented_star_gene_counts.tsv,54991bf3-8da2-4bbd-a101-b9a7a038a05a
TCGA-BLCA,15255077-f06b-45df-84c0-cab7850a729c,TCGA-GU-A766,63c812a4-c084-4689-876a-a34db611aeef,e744a035-3ae3-4c6e-b8f8-a2cc6dba0871.rna_seq.augmented_star_gene_counts.tsv,63c812a4-c084-4689-876a-a34db611aeef
TCGA-BLCA,0c9c512c-0d91-4f83-b706-cac1127cdab0,TCGA-XF-AAMZ,4d356fe2-d8c0-4e7a-bc54-98887c7d0847,4ecaeb4e-2ca9-48d2-b2ca-95e6a2edd050.rna_seq.augmented_star_gene_counts.tsv,4d356fe2-d8c0-4e7a-bc54-98887c7d0847
TCGA-BLCA,a4acab2e-d8f9-41ab-8e03-d3580221d2af,TCGA-K4-A5RH,10fd912f-aa39-41a9-a412-45c280ee6825,33baaa5b-c5cc-447a-9374-ad33072f5a5c.rna_seq.augmented_star_gene_counts.tsv,10fd912f-aa39-41a9-a412-45c280ee6825
TCGA-BLCA,3c7de6de-68e0-443b-946d-437b8aece057,TCGA-ZF-A9RD,3e0cf0a5-3791-4baa-9adf-f5b752ea48a4,ed88c858-52d4-4895-a208-d4b4beeb2728.rna_seq.augmented_star_gene_counts.tsv,3e0cf0a5-3791-4baa-9adf-f5b752ea48a4
TCGA-BLCA,89ec2dfd-7a0c-4631-958d-d5492bc89f8d,TCGA-BT-A20N,1f8056d2-b99e-4a81-bb13-999bda6719d6,8cb52bcb-c5b2-472a-b5f7-622a3ae4dae0.rna_seq.augmented_star_gene_counts.tsv,1f8056d2-b99e-4a81-bb13-999bda6719d6
TCGA-BLCA,227a8e56-3e04-4244-96ee-f9d2da882079,TCGA-XF-A8HI,a836a46a-1d54-476b-be66-8fb9e13059f5,1d80a3b3-9edc-4a2c-bd06-c8707896259e.rna_seq.augmented_star_gene_counts.tsv,a836a46a-1d54-476b-be66-8fb9e13059f5
TCGA-BLCA,927ac1a0-08c1-4d62-86c3-0df801fadbb9,TCGA-GV-A6ZA,ea475654-2b19-4630-96d2-c19dc4b41ff4,aca39501-79c5-4c03-a364-0a80bfe637ae.rna_seq.augmented_star_gene_counts.tsv,ea475654-2b19-4630-96d2-c19dc4b41ff4
TCGA-BLCA,bb24b09a-7230-4e2c-92fd-f820981c65e9,TCGA-XF-A9SW,b45de871-d65f-4f5e-bd80-aecd17b50296,3194f4b9-f9d9-495f-9cb0-5a64727ff5d2.rna_seq.augmented_star_gene_counts.tsv,b45de871-d65f-4f5e-bd80-aecd17b50296
TCGA-BLCA,6d7d103d-08a9-4acd-aefa-ea7580bdf6b0,TCGA-4Z-AA7S,0c884015-1384-42a9-b74e-79e525d562da,d5ac19ad-a7b1-44f1-be67-66bca26b46f0.rna_seq.augmented_star_gene_counts.tsv,0c884015-1384-42a9-b74e-79e525d562da
TCGA-BLCA,b83bab59-8667-4920-9593-575997621b34,TCGA-2F-A9KR,472e3377-06dc-42ff-9c0f-1c086144b637,bfb245cd-f789-4a6e-932b-9b634fcf9bc1.rna_seq.augmented_star_gene_counts.tsv,472e3377-06dc-42ff-9c0f-1c086144b637
TCGA-BLCA,253f84ab-fce2-4e2d-955b-0b8d13a9e4f0,TCGA-DK-A1AB,fb9fb5e4-e0e0-4d13-9628-898ed183f1d9,a3773b34-29f0-448d-9d57-45181a08d13a.rna_seq.augmented_star_gene_counts.tsv,fb9fb5e4-e0e0-4d13-9628-898ed183f1d9
TCGA-BRCA,9ad80473-9148-45a7-ad6d-9936a899e022,TCGA-BH-A0W3,f8e5691a-e24d-4dba-873e-9ffa3ca12bb6,80de2366-cd3c-4b51-9957-06ac3e152cf0.rna_seq.augmented_star_gene_counts.tsv,f8e5691a-e24d-4dba-873e-9ffa3ca12bb6
TCGA-BRCA,49bfd2cc-fddd-4376-8e53-8008ca075779,TCGA-AR-A24V,d01e4cd5-3c52-4655-8b7c-ef6070d58090,d9666e09-51bb-49a4-b289-0e6b69636858.rna_seq.augmented_star_gene_counts.tsv,d01e4cd5-3c52-4655-8b7c-ef6070d58090
TCGA-BRCA,0d5aa7a3-3488-4339-b8f1-e4971912e2bc,TCGA-C8-A12P,09a491b5-1bfb-47d9-963f-69f6c7e6c1e5,bae57be0-48af-438d-88fa-cbaaf16b3d33.rna_seq.augmented_star_gene_counts.tsv,09a491b5-1bfb-47d9-963f-69f6c7e6c1e5
TCGA-BRCA,097b9dd5-5617-48ba-8600-ec5a99c75a42,TCGA-AC-A8OQ,e52108ad-c4ab-4ab4-8636-caaeaae7ea62,b02ec16a-9dff-4b98-9960-73175454082a.rna_seq.augmented_star_gene_counts.tsv,e52108ad-c4ab-4ab4-8636-caaeaae7ea62
TCGA-BRCA,684196da-0213-497f-b239-7b5e76b01d0e,TCGA-EW-A1OV,57044315-cc7f-4677-90fa-2e959740bd9c,857c6778-f94c-4b61-9df0-7ee340fb88bf.rna_seq.augmented_star_gene_counts.tsv,57044315-cc7f-4677-90fa-2e959740bd9c
TCGA-BRCA,3c8913ca-bc61-415b-9c6f-12295328022c,TCGA-OL-A66L,e4744b03-e390-43f2-a14b-86bddceaf9ae,c32e3393-3a51-4d72-aa60-e8e6e8c083f0.rna_seq.augmented_star_gene_counts.tsv,e4744b03-e390-43f2-a14b-86bddceaf9ae
TCGA-BRCA,71e87611-903b-4b9d-a506-87e58914dc81,TCGA-A2-A1FX,8f1fa5b0-7b8b-41ae-9ba4-9bce8776e5a8,b1e1ae0d-4558-4d30-9b20-79aa40fa5a2a.rna_seq.augmented_star_gene_counts.tsv,8f1fa5b0-7b8b-41ae-9ba4-9bce8776e5a8
TCGA-BRCA,a56aa062-cc7f-4ceb-96d6-2a6c251fc9b5,TCGA-D8-A1JU,67eceef4-f870-47a0-82d8-b39aa3282bd3,8087339c-4fdc-42e4-94ff-299a59ae88a3.rna_seq.augmented_star_gene_counts.tsv,67eceef4-f870-47a0-82d8-b39aa3282bd3
TCGA-BRCA,a189a276-126a-4357-8aea-9ac6a791a1c5,TCGA-AR-A2LO,f7619693-b880-408e-8be5-f266f61a403e,a2b566c2-bdbc-41c0-a9dc-8207582e1a51.rna_seq.augmented_star_gene_counts.tsv,f7619693-b880-408e-8be5-f266f61a403e
TCGA-BRCA,392933ed-ca0e-458d-b0b1-6ccfe71df1c3,TCGA-A8-A0AD,ecf9996e-0cba-4394-9f5a-51fceab1ac56,47bdf86d-922f-4615-b7dc-8b19a0cbcf60.rna_seq.augmented_star_gene_counts.tsv,ecf9996e-0cba-4394-9f5a-51fceab1ac56
TCGA-BRCA,d4371446-8326-4e35-9e86-d8a48393efae,TCGA-D8-A27M,b3b9ae66-e8d1-4a32-a2a9-46931b753527,e627254f-65f9-4939-add4-bb77bfd92e16.rna_seq.augmented_star_gene_counts.tsv,b3b9ae66-e8d1-4a32-a2a9-46931b753527
TCGA-BRCA,723a715f-02aa-4708-bb61-84a36792ec83,TCGA-PE-A5DD,e5f6e803-fc44-4f0f-9f6e-562b4e7d77ca,360280b4-a4eb-40f0-ac1a-35d6858f4aeb.rna_seq.augmented_star_gene_counts.tsv,e5f6e803-fc44-4f0f-9f6e-562b4e7d77ca
TCGA-BRCA,daf94b80-d57a-4525-be1d-6ca0f83204e3,TCGA-E2-A105,2e60bad2-2dd2-4dc3-aa45-dfc36ef4884b,e1ef10f3-a1e2-4391-bfec-ac6b0231ae5d.rna_seq.augmented_star_gene_counts.tsv,2e60bad2-2dd2-4dc3-aa45-dfc36ef4884b
TCGA-BRCA,035ceab2-5468-41d5-9adf-f669225be543,TCGA-A8-A09A,762adf07-6d7a-4d02-98fb-16fffd548a93,f518ad50-78d8-4b0f-a6b0-07bad20462ce.rna_seq.augmented_star_gene_counts.tsv,762adf07-6d7a-4d02-98fb-16fffd548a93
TCGA-BRCA,ad9e6197-47ac-454c-9c33-1988e9b66611,TCGA-E9-A5FK,da29bf10-4629-4234-8e49-43a4513fe579,7f2a1bd4-9b71-4e12-ae92-6aaaf247ebca.rna_seq.augmented_star_gene_counts.tsv,da29bf10-4629-4234-8e49-43a4513fe579
TCGA-BRCA,002997ef-3b93-443a-80a3-bae63e129d99,TCGA-BH-A203,4bf6ebc1-575d-49e4-9f66-068b537373c0,767425eb-9fa2-45bc-a3ad-ca8dbafd373f.rna_seq.augmented_star_gene_counts.tsv,4bf6ebc1-575d-49e4-9f66-068b537373c0
TCGA-BRCA,e2b02d95-df95-48ad-b26f-3eb15201969d,TCGA-A7-A26I,3e5dce7b-3f1e-4b43-b83e-8c0fc654e9c4,1b392450-2b27-4dce-9205-7de33a64ba42.rna_seq.augmented_star_gene_counts.tsv,3e5dce7b-3f1e-4b43-b83e-8c0fc654e9c4
TCGA-BRCA,c6514deb-3214-4ceb-8db6-46daca13911f,TCGA-GM-A2DD,e3cfb618-5ed2-4841-b7c1-a9f049ac8f9d,021d9e06-9d27-400c-8776-08e89c817b46.rna_seq.augmented_star_gene_counts.tsv,e3cfb618-5ed2-4841-b7c1-a9f049ac8f9d
TCGA-BRCA,11678ad0-81ae-4420-8976-52f99c5d7d5d,TCGA-B6-A1KF,0fef4f4a-1c4e-4035-acff-af12febbaf1e,f383e1a0-2847-49e0-bede-abe5ce5147ce.rna_seq.augmented_star_gene_counts.tsv,0fef4f4a-1c4e-4035-acff-af12febbaf1e
TCGA-BRCA,ddee0b07-2771-40c7-bdda-c1100958f0d8,TCGA-AO-A0JF,a9b5ab37-10c2-4fb6-9c4e-3fcd5ea26526,dbc4f72a-3937-4092-92b8-d52c6b0c3340.rna_seq.augmented_star_gene_counts.tsv,a9b5ab37-10c2-4fb6-9c4e-3fcd5ea26526
TCGA-BRCA,e29fc4e1-4c82-46d7-997c-be59470c7751,TCGA-A2-A04R,2fa144d0-2776-46d9-a7d4-41f68a1d3727,89424841-6b5a-4f5f-b5c2-209630c6f597.rna_seq.augmented_star_gene_counts.tsv,2fa144d0-2776-46d9-a7d4-41f68a1d3727
TCGA-BRCA,0bc7a0cb-2a16-4f63-8188-39fd4c20b8b3,TCGA-EW-A1PE,28b84c2b-6524-46ee-9d1e-24e7d6379af4,b55e91d5-8675-4f6e-b9f0-cef4c82b7323.rna_seq.augmented_star_gene_counts.tsv,28b84c2b-6524-46ee-9d1e-24e7d6379af4
TCGA-BRCA,269af1ab-d92d-42da-bb6b-91929fab99f0,TCGA-A8-A07C,d9ea5bde-aa1a-4210-976f-b2f67c6d0191,5b858b45-79a5-4857-b59e-8c56a8b04320.rna_seq.augmented_star_gene_counts.tsv,d9ea5bde-aa1a-4210-976f-b2f67c6d0191
TCGA-BRCA,da9dc40b-0350-4b8c-8a7a-15100d5aeb90,TCGA-EW-A1PB,2081a155-9d2d-41f6-b243-68a12e9b342a,62ca3ce8-77f9-4e02-ace4-af79519b53fd.rna_seq.augmented_star_gene_counts.tsv,2081a155-9d2d-41f6-b243-68a12e9b342a
TCGA-BRCA,758fc615-957e-4bd0-a0c6-bcd23eb7d167,TCGA-E2-A1AZ,ed797859-4d7e-40e6-bae3-54ef15ad0f0a,22190dbc-a176-4f26-96d8-c2d2667b64ae.rna_seq.augmented_star_gene_counts.tsv,ed797859-4d7e-40e6-bae3-54ef15ad0f0a
TCGA-BRCA,5ebda262-2b64-4495-afec-38d3fa616d9a,TCGA-A8-A090,812eeeed-1222-4add-b6d1-f53ae2669218,f04a6a90-d4d9-4b17-afaa-f97044ff4b6a.rna_seq.augmented_star_gene_counts.tsv,812eeeed-1222-4add-b6d1-f53ae2669218
TCGA-BRCA,cf11642a-eb96-4b37-b914-371c71f8e0ca,TCGA-AO-A0J4,7fa9ad2e-67a7-449f-be73-9e18dc46b529,5d5bb9d2-2244-4673-99db-653609cf5de2.rna_seq.augmented_star_gene_counts.tsv,7fa9ad2e-67a7-449f-be73-9e18dc46b529
TCGA-BRCA,32b46b33-43d1-4663-bebd-f31673f18a16,TCGA-A8-A08X,12f8a326-1417-478e-a45e-abdff8b44266,3ccab1b1-39f2-4947-bbac-1c25750f0464.rna_seq.augmented_star_gene_counts.tsv,12f8a326-1417-478e-a45e-abdff8b44266
TCGA-BRCA,9f55d963-2c1d-4886-980e-edff099babf5,TCGA-EW-A1OW,7b738087-65b1-4c6e-94c4-d0ba6bb17098,c8c213fe-4ab7-4671-81cb-fe09b11fcbe7.rna_seq.augmented_star_gene_counts.tsv,7b738087-65b1-4c6e-94c4-d0ba6bb17098
TCGA-BRCA,2399b5a8-f089-4a62-b75a-e6c0bd909846,TCGA-AR-A0TP,95f4620f-f9b0-4533-bb13-f412d774244a,d8d139e8-6e6f-4771-b624-69518f847b85.rna_seq.augmented_star_gene_counts.tsv,95f4620f-f9b0-4533-bb13-f412d774244a
TCGA-BRCA,6ab6c7d7-a0b5-4830-94a3-f16bc11ef953,TCGA-AC-A2FO,586d9c21-e58a-4171-9755-30c0e8b16293,3ffa2cdf-4a54-4362-a6cf-b0567ef69551.rna_seq.augmented_star_gene_counts.tsv,586d9c21-e58a-4171-9755-30c0e8b16293
TCGA-BRCA,5a1bb598-9a38-452a-9599-365501038a88,TCGA-EW-A6SA,9b5bdd89-05ac-4cde-beee-66739a903939,27d65db7-ad41-46f0-bfd1-61c693073e19.rna_seq.augmented_star_gene_counts.tsv,9b5bdd89-05ac-4cde-beee-66739a903939
TCGA-BRCA,518be2c7-fba5-47b1-8c8b-fef812fa74a4,TCGA-BH-A18R,373e0f41-a47e-4f4e-88fe-9703d16a840c,e869b178-9abe-44ca-ae6b-a6caae1834fb.rna_seq.augmented_star_gene_counts.tsv,373e0f41-a47e-4f4e-88fe-9703d16a840c
TCGA-BRCA,a6c10459-25fb-486d-a027-d17f1941b5ae,TCGA-D8-A73W,94ae90d4-16a8-4922-b6b6-e5fcec9d0ae6,f1d01b35-7a63-48c1-82ae-a9684906ef65.rna_seq.augmented_star_gene_counts.tsv,94ae90d4-16a8-4922-b6b6-e5fcec9d0ae6
TCGA-BRCA,8fa798fe-f032-4d77-b362-06261db78e6d,TCGA-BH-A202,6a89e8a2-577e-4531-98e8-ba6fc6cfe525,2bbbdb50-4486-473c-a158-6b1656bdb242.rna_seq.augmented_star_gene_counts.tsv,6a89e8a2-577e-4531-98e8-ba6fc6cfe525
TCGA-BRCA,ea7fb858-c17b-40d4-9a22-cbd9da614b65,TCGA-A2-A0CM,8fb0660c-fb39-47f0-8450-1f7abff3b656,3334577a-8045-4613-9a1b-e79fd62d5d6d.rna_seq.augmented_star_gene_counts.tsv,8fb0660c-fb39-47f0-8450-1f7abff3b656
TCGA-BRCA,f3ac7557-714a-492c-a166-246ef7298952,TCGA-AR-A1AX,4c46a463-f0e3-4e19-ad95-5dab0231d1c6,f2ab4258-222d-4a08-a805-3628048ebf1c.rna_seq.augmented_star_gene_counts.tsv,4c46a463-f0e3-4e19-ad95-5dab0231d1c6
TCGA-BRCA,0de093d5-c752-4e93-a783-ec262b3a3780,TCGA-WT-AB41,679ba4c3-49da-47d1-bef2-ce25fd862758,cd40e8d1-b307-4840-bba6-fd2f71d0c26d.rna_seq.augmented_star_gene_counts.tsv,679ba4c3-49da-47d1-bef2-ce25fd862758
TCGA-BRCA,ae5c9a58-e3ae-420f-8f72-1e4ffdd3df24,TCGA-D8-A1X5,26466526-2d6e-4869-a06a-c33344e5fab2,586df577-513d-4d43-ac47-89c52f322d30.rna_seq.augmented_star_gene_counts.tsv,26466526-2d6e-4869-a06a-c33344e5fab2
TCGA-BRCA,34e08e44-8c58-48bd-b682-1ede7baead3c,TCGA-OL-A66N,ccd1dcec-f3c1-42ca-b3e8-a73a7d2237ff,032e5aa7-8028-48ad-8fe4-6a5cc6aee5cb.rna_seq.augmented_star_gene_counts.tsv,ccd1dcec-f3c1-42ca-b3e8-a73a7d2237ff
TCGA-BRCA,7153d60a-43d2-4a9a-bd8d-c15cd0bd9d75,TCGA-AR-A1AM,37bf6454-a4e7-4e00-9562-57ba6fd58b6d,7fe106c5-4235-4930-83cd-84dc5250db89.rna_seq.augmented_star_gene_counts.tsv,37bf6454-a4e7-4e00-9562-57ba6fd58b6d
TCGA-BRCA,e5bfc024-9ee5-4e37-97ee-45e695489f8d,TCGA-A8-A07L,59d61414-a337-4e45-9e89-4526dde82786,fe8166b9-08e8-477b-9122-0e9194f34818.rna_seq.augmented_star_gene_counts.tsv,59d61414-a337-4e45-9e89-4526dde82786
TCGA-BRCA,97ad1ecf-7643-461f-b9a2-1ac953825895,TCGA-LL-A5YN,cdf2bc60-591c-4219-bf96-40dd8b6c8459,6a8e570e-dd05-4c06-9ed0-52ba0727faec.rna_seq.augmented_star_gene_counts.tsv,cdf2bc60-591c-4219-bf96-40dd8b6c8459
TCGA-BRCA,996911f9-c9fe-48d8-aa35-5672610e72fb,TCGA-E2-A15F,15e249cf-4c45-4006-84fd-899f9927e376,4796719b-2fa2-40ee-9fa9-6a8caa703823.rna_seq.augmented_star_gene_counts.tsv,15e249cf-4c45-4006-84fd-899f9927e376
TCGA-BRCA,b692cb10-ff2f-456b-a2c0-706b608d4e7e,TCGA-C8-A27A,5422b305-6411-4a01-b371-dc74c9e351e4,be8e200c-dced-4b24-a70d-6b6baecb7300.rna_seq.augmented_star_gene_counts.tsv,5422b305-6411-4a01-b371-dc74c9e351e4
TCGA-BRCA,22848a4a-ed0d-4efb-850f-a49f11cd77ec,TCGA-E2-A107,9e4b6ad6-99f7-4244-8f1b-20b7b36c457f,51c66f38-afcb-423c-9004-708081b729f6.rna_seq.augmented_star_gene_counts.tsv,9e4b6ad6-99f7-4244-8f1b-20b7b36c457f
TCGA-BRCA,cbc8cfce-6c77-4b2e-90a1-198eaaba6fde,TCGA-B6-A0WW,e4732dd4-002a-4b37-9a56-d01d551e9cc3,9c1779d3-6e10-413b-9df9-a9378862d8c4.rna_seq.augmented_star_gene_counts.tsv,e4732dd4-002a-4b37-9a56-d01d551e9cc3
TCGA-BRCA,af9f631b-2857-48e2-8d77-34f66c1c6149,TCGA-EW-A1J1,86ce8513-c2a6-4b5c-9811-904f0eee21a0,8b7eaa6a-3ea9-4bf4-b814-7b2e7dbb3528.rna_seq.augmented_star_gene_counts.tsv,86ce8513-c2a6-4b5c-9811-904f0eee21a0
TCGA-BRCA,710eae35-a21d-4939-8414-d2af4ea02fdd,TCGA-E2-A109,eea8e274-7b23-444d-999d-1741d7a928d2,20ef7196-2274-44e1-a105-0761f80c893c.rna_seq.augmented_star_gene_counts.tsv,eea8e274-7b23-444d-999d-1741d7a928d2
TCGA-BRCA,174435cc-64d1-4d33-953c-1ada5df46ecd,TCGA-EW-A1P6,2b64d9ef-56fc-4362-99c7-d0cc6011c2a4,68bf0c2e-f2ad-48f3-b29d-b2a3c5d1c568.rna_seq.augmented_star_gene_counts.tsv,2b64d9ef-56fc-4362-99c7-d0cc6011c2a4
TCGA-BRCA,cd8ac496-cd1b-426f-8e17-8f15ba8e94d1,TCGA-E2-A2P5,526d750f-3cab-4379-9b3e-1b7f9fa84528,8909b639-c15f-4935-a698-6de79c3d0433.rna_seq.augmented_star_gene_counts.tsv,526d750f-3cab-4379-9b3e-1b7f9fa84528
TCGA-BRCA,9f52ae8b-7fe7-441c-9fb6-c55a9bd1a0d0,TCGA-EW-A1PD,de5e449b-bc57-4836-89e4-73a3ba24abdf,748e4eaa-2b96-4dce-a903-c7df733d7f50.rna_seq.augmented_star_gene_counts.tsv,de5e449b-bc57-4836-89e4-73a3ba24abdf
TCGA-BRCA,41dc8345-7968-42b2-af20-8501b9d2223d,TCGA-AN-A0XN,1341b934-ead3-4c4a-bd84-09084895fa83,6ddab78f-8bf5-43ef-847b-f68c15475d46.rna_seq.augmented_star_gene_counts.tsv,1341b934-ead3-4c4a-bd84-09084895fa83
TCGA-BRCA,05507d2c-3dea-4554-8f06-039fd555309a,TCGA-AO-A03P,50e8fce6-5775-41d6-bcaa-73773db999e2,ea55206b-29c6-4a8b-9219-cfd28c29117a.rna_seq.augmented_star_gene_counts.tsv,50e8fce6-5775-41d6-bcaa-73773db999e2
TCGA-BRCA,ef0d266d-d3a7-4f80-91ae-7e275dd2f0df,TCGA-AR-A0TR,04a7cce8-c3b3-4994-9dac-c0e53099f37d,676cce88-9f6e-4490-8e73-c0e88bd00075.rna_seq.augmented_star_gene_counts.tsv,04a7cce8-c3b3-4994-9dac-c0e53099f37d
TCGA-BRCA,d6e981ee-1afc-4f84-a3be-e87e0d1460cd,TCGA-GM-A2DL,3396edba-0d2a-4485-ad0a-5114b38c1abe,2e64abe2-6024-4d28-9e09-560ce2a9fd15.rna_seq.augmented_star_gene_counts.tsv,3396edba-0d2a-4485-ad0a-5114b38c1abe
TCGA-BRCA,5c016b5f-9e0b-4b33-90a0-d8b833de27d3,TCGA-A2-A4RX,4382bb60-997e-4a1a-9cdb-3d8738806379,790ea932-848f-40cf-ab94-673eea700aa2.rna_seq.augmented_star_gene_counts.tsv,4382bb60-997e-4a1a-9cdb-3d8738806379
TCGA-BRCA,8d84c9f4-6f19-42a6-9f55-8b4ccafc6117,TCGA-D8-A1JH,793d3caa-8353-4536-83e5-711215bd51e9,6fb7c578-dec9-4fe8-a9bf-3888bb765658.rna_seq.augmented_star_gene_counts.tsv,793d3caa-8353-4536-83e5-711215bd51e9
TCGA-BRCA,27e8b056-063f-4742-a591-b98fb9a948a5,TCGA-E9-A3QA,d67d6fbf-50fa-485e-8ac7-a3c7ac33b3b2,63eff205-4fd4-4148-a596-2f7c17da328f.rna_seq.augmented_star_gene_counts.tsv,d67d6fbf-50fa-485e-8ac7-a3c7ac33b3b2
TCGA-BRCA,81243c1f-affa-4985-ba0e-1f19db52db73,TCGA-A2-A1G4,871d28f4-09d5-4f16-8c29-4aa7d247f3e3,ba00c48c-c33e-4dab-beb6-0575ee076dfd.rna_seq.augmented_star_gene_counts.tsv,871d28f4-09d5-4f16-8c29-4aa7d247f3e3
TCGA-BRCA,73b3be1b-c125-487c-943d-908f31220e20,TCGA-E2-A106,bc0a4326-63d2-4ec4-9af6-7b421aa8aa49,650319bc-20e1-4451-bcb5-a35c360060ef.rna_seq.augmented_star_gene_counts.tsv,bc0a4326-63d2-4ec4-9af6-7b421aa8aa49
TCGA-BRCA,558c43ad-12ad-42dd-94b2-80a607465fcb,TCGA-E9-A1NI,56a26df4-d9c1-4f43-bb44-8afd34eea927,95e77e5a-9963-4d65-935d-893a5dbe702e.rna_seq.augmented_star_gene_counts.tsv,56a26df4-d9c1-4f43-bb44-8afd34eea927
TCGA-BRCA,81f193d9-ad19-43c2-b89f-54003a8d133e,TCGA-A1-A0SD,3b9e620f-a661-4a1d-ac46-ab4c56a4b241,04c428b5-d0b9-4ecf-86e8-8a42dc4cbb5e.rna_seq.augmented_star_gene_counts.tsv,3b9e620f-a661-4a1d-ac46-ab4c56a4b241
TCGA-BRCA,6fe6d586-3b5d-4cd4-acb8-5691936441b9,TCGA-D8-A27P,b93b04d3-7526-4d65-bc15-0148e75ac225,2244c5e8-a873-4e29-abb7-e869a7d79e3f.rna_seq.augmented_star_gene_counts.tsv,b93b04d3-7526-4d65-bc15-0148e75ac225
TCGA-BRCA,ca0d78dc-c860-4835-ad07-052f176804a4,TCGA-E9-A1RF,e0bd84f0-9524-4bd2-aa92-7205357596e5,083eb05f-0af4-4f73-bf09-3806eb3b71bb.rna_seq.augmented_star_gene_counts.tsv,e0bd84f0-9524-4bd2-aa92-7205357596e5
TCGA-BRCA,18bb30b2-6018-45af-9393-f7a8ea40fa04,TCGA-BH-A0AW,b0fc63c9-c4aa-4206-8636-47245f510cff,8d66b5ac-4ceb-40a3-b2b9-4d0c24be01a7.rna_seq.augmented_star_gene_counts.tsv,b0fc63c9-c4aa-4206-8636-47245f510cff
TCGA-BRCA,9f40b937-e6c0-4259-bc0a-5fdcc6549b46,TCGA-OL-A5D7,41a97024-43f7-41b8-8755-94cd29105a5f,62e41b20-5f83-43c2-9887-809e97794f04.rna_seq.augmented_star_gene_counts.tsv,41a97024-43f7-41b8-8755-94cd29105a5f
TCGA-BRCA,5559a7ea-5db7-4af8-b491-24bb9871b89d,TCGA-B6-A0RH,6b62d6dd-bb6f-4f39-9041-992c47b875f3,d1f7678a-8106-46c9-95b7-5ec5d940f08c.rna_seq.augmented_star_gene_counts.tsv,6b62d6dd-bb6f-4f39-9041-992c47b875f3
TCGA-BRCA,d3c85f76-56ed-4f64-9edb-9cdf80526e33,TCGA-A2-A0CX,3bb2e240-9cea-4dd2-be32-6bc6976a79b1,ce362483-60b7-4654-b201-834c60e38690.rna_seq.augmented_star_gene_counts.tsv,3bb2e240-9cea-4dd2-be32-6bc6976a79b1
TCGA-PAAD,69663afc-2cb6-4163-a9a1-64cd4593da63,TCGA-HZ-A8P1,ef502468-0656-4c82-ad4c-bbbba43986be,10b614d3-7608-48fb-a20a-aad19292598a.rna_seq.augmented_star_gene_counts.tsv,ef502468-0656-4c82-ad4c-bbbba43986be
TCGA-PAAD,0dd80160-fc7e-4162-b744-32474bb7223e,TCGA-FB-AAPS,1bccd28f-ef99-486b-b191-e07c17185d57,b296880d-cf96-4783-9b5c-849bf412ca44.rna_seq.augmented_star_gene_counts.tsv,1bccd28f-ef99-486b-b191-e07c17185d57
TCGA-PAAD,71e44d9e-5f8c-4549-a33d-f785a301f152,TCGA-IB-AAUN,84d8e8f1-fe75-46bb-9693-423d055c7fd1,6f02939a-7dc3-47d6-9376-87251ea37d42.rna_seq.augmented_star_gene_counts.tsv,84d8e8f1-fe75-46bb-9693-423d055c7fd1
TCGA-PAAD,7df8b4b5-c5d8-4b49-b59a-8ec5271289b4,TCGA-3A-A9I7,3eb32ae7-a542-4c58-8394-fef21dbeaac7,9e5fbb22-7d22-48ae-b077-265c11863dd9.rna_seq.augmented_star_gene_counts.tsv,3eb32ae7-a542-4c58-8394-fef21dbeaac7
TCGA-PAAD,35b924a7-0b6c-47cc-98c6-732a0711e33a,TCGA-FB-AAPY,0c098157-254b-492b-ad08-54cf813814d9,0c7c39b2-e01c-4df4-bfce-abae7985ef79.rna_seq.augmented_star_gene_counts.tsv,0c098157-254b-492b-ad08-54cf813814d9
TCGA-PAAD,be6085d3-e73b-4e26-b7d3-f768072592bb,TCGA-2J-AABP,d4b54ce7-b3ed-4a31-8bf7-867efc78e980,96f79902-9710-4a2c-9b26-92cc9430d441.rna_seq.augmented_star_gene_counts.tsv,d4b54ce7-b3ed-4a31-8bf7-867efc78e980
TCGA-PAAD,7e36bec6-1b3b-43d9-a97e-9d96d323f0f5,TCGA-2L-AAQM,8bff1374-4e7d-4229-afe3-94aaa2cea9e0,68c6543a-fc7b-494e-96be-ed86b226446c.rna_seq.augmented_star_gene_counts.tsv,8bff1374-4e7d-4229-afe3-94aaa2cea9e0
TCGA-PAAD,3fc8ab9f-c744-4d0e-8f74-c6c436ab68e3,TCGA-HZ-8519,08675d5b-7408-489c-8b5b-a37fe94d8c4d,d1134e43-0cc6-4a95-951d-cb19623b27c1.rna_seq.augmented_star_gene_counts.tsv,08675d5b-7408-489c-8b5b-a37fe94d8c4d
TCGA-PAAD,be7e2197-4c7c-4ab5-a003-940054104848,TCGA-PZ-A5RE,e501087c-0bfa-4447-b7f3-4ca93b4a6c0e,2442dd44-a393-4160-a377-3082a9a825ba.rna_seq.augmented_star_gene_counts.tsv,e501087c-0bfa-4447-b7f3-4ca93b4a6c0e
TCGA-PAAD,bec00d02-06d8-40a0-b387-339f4cb4d0db,TCGA-HZ-8002,0110e743-ac32-4b78-8eed-6e6cb8b75849,79924ccb-c0e0-4b16-8b06-c1037cd55d61.rna_seq.augmented_star_gene_counts.tsv,0110e743-ac32-4b78-8eed-6e6cb8b75849
TCGA-PAAD,2f600885-e2f7-4bf1-b0e2-f00138a17b74,TCGA-HZ-A77P,df863996-d40d-43e3-84f0-938ca2a78fe9,966870d5-cfb6-4f7b-bc8e-3032eaa4d03a.rna_seq.augmented_star_gene_counts.tsv,df863996-d40d-43e3-84f0-938ca2a78fe9
TCGA-PAAD,a8b93262-43c7-4d73-a6b2-479673612d53,TCGA-US-A77E,4be7003d-17f1-4c16-a8ef-d93a447f5a1d,a79c34bc-b143-4850-87e8-1dfe7e0753f5.rna_seq.augmented_star_gene_counts.tsv,4be7003d-17f1-4c16-a8ef-d93a447f5a1d
TCGA-PAAD,4a004132-335f-4299-88cd-95f473523ed3,TCGA-HV-A7OP,d38c7ed8-f049-44da-bcaa-6dfed9e87562,4a6786b8-5fad-44ae-a9bf-ca732930f167.rna_seq.augmented_star_gene_counts.tsv,d38c7ed8-f049-44da-bcaa-6dfed9e87562
TCGA-PAAD,75099a24-6487-4556-8893-249eb02e8c87,TCGA-2J-AAB6,75bca18c-55fd-4c78-bcac-543d64d55c28,1759258a-e562-458b-ba00-de2d766db773.rna_seq.augmented_star_gene_counts.tsv,75bca18c-55fd-4c78-bcac-543d64d55c28
TCGA-PAAD,93d309d1-2c1b-4189-8aee-0c87684c0b45,TCGA-IB-7645,818a7d3a-8c14-4fd6-83f1-000cca2be04b,0dd7a05f-bbe4-4fd7-98cc-4b90568be8fc.rna_seq.augmented_star_gene_counts.tsv,818a7d3a-8c14-4fd6-83f1-000cca2be04b
TCGA-PAAD,22b8698c-d821-4d97-b4c8-23607b4cabc9,TCGA-2J-AABF,eb40b06c-68b1-4298-9d1f-4de1e28f07dd,7e35ad10-6c63-4743-b43d-d921159faddd.rna_seq.augmented_star_gene_counts.tsv,eb40b06c-68b1-4298-9d1f-4de1e28f07dd
TCGA-PAAD,b52b3fd1-29b7-4c74-b4bd-03f88500960f,TCGA-FB-AAPU,333abc63-0410-4b63-b64d-11ecb404305e,d04f25f3-9c96-4f44-befe-a68d9e555cc8.rna_seq.augmented_star_gene_counts.tsv,333abc63-0410-4b63-b64d-11ecb404305e
TCGA-PAAD,6a57b90f-bd7a-4d50-8585-baee5cc6f282,TCGA-RB-AA9M,90321946-18e9-4ebb-9412-2b7b4bb7b1e4,9ed859cc-42db-41aa-bda0-3248de0d84d4.rna_seq.augmented_star_gene_counts.tsv,90321946-18e9-4ebb-9412-2b7b4bb7b1e4
TCGA-PAAD,02884cc4-f047-4d54-8389-b835e7707958,TCGA-2J-AAB9,4d5b1ac7-1ed8-4ea7-bbaf-a83d1c5cddf3,4271b388-e311-4cb1-8e89-f031f1a7e032.rna_seq.augmented_star_gene_counts.tsv,4d5b1ac7-1ed8-4ea7-bbaf-a83d1c5cddf3
TCGA-PAAD,e15258dc-ef34-407b-b23d-f5b242a95d6d,TCGA-HZ-A8P0,245632c2-f70b-4b31-b4b4-81ff6a860bc4,90fe6068-0176-4cf8-9fd0-a5eb8d2cc090.rna_seq.augmented_star_gene_counts.tsv,245632c2-f70b-4b31-b4b4-81ff6a860bc4
TCGA-PAAD,618851a2-a6c8-4a0b-b1d9-d1365309fee6,TCGA-L1-A7W4,d2e361de-6670-428b-ae73-7b2ea49e743a,73dfe663-7d60-4317-843b-d4933353abb6.rna_seq.augmented_star_gene_counts.tsv,d2e361de-6670-428b-ae73-7b2ea49e743a
TCGA-PAAD,fb8b9904-e06a-4655-98f6-04b6eca74a8a,TCGA-FB-A4P5,8fafe83c-9f15-40c7-ae4e-f1955b8d17ee,8ccaefb1-3db4-464e-8559-d5bb0e0933eb.rna_seq.augmented_star_gene_counts.tsv,8fafe83c-9f15-40c7-ae4e-f1955b8d17ee
TCGA-PAAD,9ec045e9-52cb-42c9-be4f-cc44615b6aff,TCGA-IB-A5SO,330772f0-6c6f-45b6-8b22-342325fbad53,84d01517-3acf-4b2f-a404-63c2b0f9d6d8.rna_seq.augmented_star_gene_counts.tsv,330772f0-6c6f-45b6-8b22-342325fbad53
TCGA-PAAD,814b2dbd-07f3-4063-a7df-f80511853045,TCGA-IB-7649,c0ed500e-e4cb-424e-bcd2-ca7c62f0f014,9cc01b29-95b6-4cde-a821-e9e93c582605.rna_seq.augmented_star_gene_counts.tsv,c0ed500e-e4cb-424e-bcd2-ca7c62f0f014
TCGA-UVM,42bbb13b-da94-44ff-a01c-4776a74aea6f,TCGA-V4-A9EV,e523c375-f64a-4904-af5c-3da6d2d4f59a,d48466f5-2fbe-455a-9e19-2277f71983d5.rna_seq.augmented_star_gene_counts.tsv,e523c375-f64a-4904-af5c-3da6d2d4f59a
TCGA-UVM,742356f6-b0f3-4c2c-a3a1-5cedfc0d086a,TCGA-VD-A8KK,8c5e6f18-3a16-4065-ab12-d3391da154e9,61b1ca49-d26b-432d-bc34-98c4644f8b4f.rna_seq.augmented_star_gene_counts.tsv,8c5e6f18-3a16-4065-ab12-d3391da154e9
TCGA-UVM,f028a8c2-1ad9-4ccd-9ef4-076f90d73806,TCGA-VD-A8KA,3c44e284-32e2-48bb-aeed-20c739ef4260,598eebde-1c35-4dfb-be46-167c6b2b3819.rna_seq.augmented_star_gene_counts.tsv,3c44e284-32e2-48bb-aeed-20c739ef4260
TCGA-UVM,281e9cdc-3811-4482-86fc-1bf43f0fcc41,TCGA-YZ-A983,1d970f75-011a-4fc6-a151-1ad62e016c35,0c792398-8789-4708-bc3a-73b0bde80175.rna_seq.augmented_star_gene_counts.tsv,1d970f75-011a-4fc6-a151-1ad62e016c35
TCGA-UVM,cb4b93a6-6d36-469a-b273-142edc21c9c4,TCGA-WC-A880,2c941f66-90ae-4126-9ff4-44ce398c3d3f,f42e7ae4-f25b-4cec-a514-cd7f47dd43b8.rna_seq.augmented_star_gene_counts.tsv,2c941f66-90ae-4126-9ff4-44ce398c3d3f
TCGA-UVM,4f916580-94c9-4424-9d36-f8b5daf0d595,TCGA-WC-A87Y,0db0e29f-bd16-4f9a-944a-9b2b73ae3231,f94feb03-e191-4328-9818-7220696e3a86.rna_seq.augmented_star_gene_counts.tsv,0db0e29f-bd16-4f9a-944a-9b2b73ae3231
TCGA-UVM,a9de97a9-fb10-44ad-803c-efbdd3403f85,TCGA-WC-A888,4222f092-b07a-42a9-8f97-c89545790942,e1ac88db-c63b-405a-bf22-0c02eab7ecff.rna_seq.augmented_star_gene_counts.tsv,4222f092-b07a-42a9-8f97-c89545790942
TCGA-UVM,f1a146ce-b2c6-4cd5-9153-f640d38abaf1,TCGA-V4-A9ED,7fff968e-af87-4766-98a0-3eebed53264c,b72d0a6b-8984-4854-b4b3-3f4671a0bff5.rna_seq.augmented_star_gene_counts.tsv,7fff968e-af87-4766-98a0-3eebed53264c
TCGA-UVM,9fee606b-30e8-4bd6-b4c3-e21efe64870c,TCGA-V4-A9EZ,276aeda4-33d9-45c4-abe5-734da78a78ea,ddc9ddb7-8686-4cd7-8f81-71ff37c8203e.rna_seq.augmented_star_gene_counts.tsv,276aeda4-33d9-45c4-abe5-734da78a78ea
TCGA-UVM,ad550f5e-1469-4a09-9cda-3f069b1ae258,TCGA-V4-A9F4,1f1c530d-5934-4bfb-bc45-d5d7d632301d,3a9a7eaf-120e-4c63-8185-a27f697ce299.rna_seq.augmented_star_gene_counts.tsv,1f1c530d-5934-4bfb-bc45-d5d7d632301d
TCGA-UVM,8fed554b-543a-4aec-8516-16e3e3ee0f1e,TCGA-WC-A87W,3ec5342f-740b-452b-8e13-87d81a36060c,8dbf5d9d-67b7-4107-a596-6af42710b7b6.rna_seq.augmented_star_gene_counts.tsv,3ec5342f-740b-452b-8e13-87d81a36060c
TCGA-UVM,8b8de492-5c73-4c11-829c-bbe0b11f5587,TCGA-WC-A88A,beb0cc9b-4bfd-40e2-85d0-c7f80924aa44,00922fb6-95ec-458b-9f4e-9811cbb643eb.rna_seq.augmented_star_gene_counts.tsv,beb0cc9b-4bfd-40e2-85d0-c7f80924aa44
TCGA-UVM,6b903079-a499-4ae3-b399-59276dcb9c70,TCGA-V4-A9F8,94449598-9604-4b06-b647-57b2d015af88,96e154ab-2822-4477-990e-4b65e6d1432b.rna_seq.augmented_star_gene_counts.tsv,94449598-9604-4b06-b647-57b2d015af88
TCGA-UVM,b48c5179-16e6-47f1-87c7-ee8b71989bf9,TCGA-VD-A8KF,a6086929-603b-4bd5-8214-fc925ff38293,e089d94c-a4d2-44ff-b8e7-2fa6838f0bc5.rna_seq.augmented_star_gene_counts.tsv,a6086929-603b-4bd5-8214-fc925ff38293
TCGA-UVM,30822e80-8ef8-4ac9-af5d-304aa7f8c1dd,TCGA-VD-AA8R,c5f1b74e-095f-45ef-a8e2-d973b2c084cb,79255954-1b33-4a51-bc0d-6c4cd59183dc.rna_seq.augmented_star_gene_counts.tsv,c5f1b74e-095f-45ef-a8e2-d973b2c084cb
TCGA-UVM,0077ccb8-615d-4725-95e7-72708732e963,TCGA-V4-A9EI,36999a4f-9ab2-435c-b4f4-c3412e7b68b2,8a851a1b-c39e-4ee2-876a-447ff4b088c4.rna_seq.augmented_star_gene_counts.tsv,36999a4f-9ab2-435c-b4f4-c3412e7b68b2
TCGA-UVM,76af65dc-cccd-4257-8d05-38334d3110da,TCGA-V4-A9E7,24036f4b-2361-48e9-a4a0-ef5f5c7d2dd9,3fe63e9d-8cdd-4e22-b1f0-475a23e075f7.rna_seq.augmented_star_gene_counts.tsv,24036f4b-2361-48e9-a4a0-ef5f5c7d2dd9
TCGA-UVM,86e0c8dd-546c-4b53-a56b-2c985e58ce68,TCGA-VD-A8KL,b6c9c1d7-ebd4-4ccb-8177-80a4242c93d9,ac60cc0f-3aa5-4299-94f1-f7094537d906.rna_seq.augmented_star_gene_counts.tsv,b6c9c1d7-ebd4-4ccb-8177-80a4242c93d9
TCGA-HNSC,47ec5010-4353-493b-ab28-c95bc2cb026c,TCGA-CV-6433,c013ba53-35bf-4b40-a744-21f390303dee,6a4d9398-65fd-408f-b92f-def4db9c362f.rna_seq.augmented_star_gene_counts.tsv,c013ba53-35bf-4b40-a744-21f390303dee
TCGA-HNSC,a39131b9-e7c7-4385-a1b9-d8a0a0950337,TCGA-CR-7404,6a74413d-938b-492c-94ac-d5113d255240,09e827e7-9bb3-49ce-95ea-8ca9e1dfbc64.rna_seq.augmented_star_gene_counts.tsv,6a74413d-938b-492c-94ac-d5113d255240
TCGA-HNSC,0454d779-7645-4509-ac03-85f29e1871c2,TCGA-CR-7394,5fb5f7ac-6241-4c3d-8350-b18f28c317c5,ce9fde25-d159-47df-9a48-d6ab0d392477.rna_seq.augmented_star_gene_counts.tsv,5fb5f7ac-6241-4c3d-8350-b18f28c317c5
TCGA-HNSC,e3764a8c-c97d-432e-9b0f-fcab8e6d2113,TCGA-CQ-7072,ce6dbffc-c526-4f4a-90de-ba402b2b63ef,4fbdd1f0-c83a-4634-bf6a-2dd37560f9f2.rna_seq.augmented_star_gene_counts.tsv,ce6dbffc-c526-4f4a-90de-ba402b2b63ef
TCGA-HNSC,617df1e0-b075-4610-b6d5-8850786fea70,TCGA-CN-5374,ef041670-f4a9-4463-9a23-fb5a409d53dd,c820cbc9-cc38-41b4-abe0-b227323125f0.rna_seq.augmented_star_gene_counts.tsv,ef041670-f4a9-4463-9a23-fb5a409d53dd
TCGA-HNSC,d9069e24-2f26-420c-bdf0-37e7529d1f48,TCGA-IQ-A61E,2a82e572-e911-4103-b01a-8a5fc8dcc8a6,16a4979e-c57f-4341-8471-3dea2a358a96.rna_seq.augmented_star_gene_counts.tsv,2a82e572-e911-4103-b01a-8a5fc8dcc8a6
TCGA-HNSC,e7d35c82-8992-4cc0-aa65-df5cab5727eb,TCGA-CV-7095,d8251860-ff31-4639-9dcf-88b4d44d18ce,aabd9d0c-6892-4d07-a294-eb9d23dff6dd.rna_seq.augmented_star_gene_counts.tsv,d8251860-ff31-4639-9dcf-88b4d44d18ce
TCGA-HNSC,d22843cb-8a14-4592-b339-a04cf1514205,TCGA-T3-A92M,9bd7d902-9828-49a7-93c8-7223340ba3b6,e0821d5c-eb82-4bae-acb1-cd2a114cce17.rna_seq.augmented_star_gene_counts.tsv,9bd7d902-9828-49a7-93c8-7223340ba3b6
TCGA-HNSC,b4a36114-80d3-4f28-b85a-077dc31eb485,TCGA-CV-5432,2da6fba1-296e-4cdf-8ffb-f9a4f7709038,939207e7-b6be-4c9f-bf4f-540709c0abc9.rna_seq.augmented_star_gene_counts.tsv,2da6fba1-296e-4cdf-8ffb-f9a4f7709038
TCGA-HNSC,dc649d39-482d-4855-b9e3-129552e5e421,TCGA-CV-5434,63cf0b7d-bfdb-4576-8c68-6b815da9835c,099b49a9-c975-4cab-abca-e7eff0a7761d.rna_seq.augmented_star_gene_counts.tsv,63cf0b7d-bfdb-4576-8c68-6b815da9835c
TCGA-HNSC,03753a30-0549-4636-946f-89c73aae1e1f,TCGA-CQ-5331,6fcfff7a-0e6b-47a6-bc96-6cc12d530d27,861ee15f-1ee1-4842-997d-18855a595ce2.rna_seq.augmented_star_gene_counts.tsv,6fcfff7a-0e6b-47a6-bc96-6cc12d530d27
TCGA-HNSC,9b60705b-95c4-4079-a907-e4a4b65a3cf4,TCGA-QK-A6V9,0df563f3-af10-446d-bf7d-9c16c685aaa4,c9692040-9da5-4293-a774-b228d60fa372.rna_seq.augmented_star_gene_counts.tsv,0df563f3-af10-446d-bf7d-9c16c685aaa4
TCGA-HNSC,262d3cf5-c3b4-4622-b041-a6a7e131ac8e,TCGA-CR-7379,74ad1b3f-bc69-49bd-9b7f-b4819ba155f9,19838839-8987-449b-9f11-5c65d4435c18.rna_seq.augmented_star_gene_counts.tsv,74ad1b3f-bc69-49bd-9b7f-b4819ba155f9
TCGA-HNSC,f3f57fc3-e8d6-452e-bead-edbe25e4bad8,TCGA-CQ-A4CE,0295ea9f-3c48-400e-8004-05ca911f460d,31a7d787-3d81-4ee0-8995-1579c57bc29d.rna_seq.augmented_star_gene_counts.tsv,0295ea9f-3c48-400e-8004-05ca911f460d
TCGA-HNSC,0e0af838-3a62-44a6-9e8e-0f9ba07730fa,TCGA-CV-7430,19993db1-8cd3-4095-80fb-5e0c7c8d14d3,041c0d94-40ee-45b9-b7d1-d75e417c7023.rna_seq.augmented_star_gene_counts.tsv,19993db1-8cd3-4095-80fb-5e0c7c8d14d3
TCGA-HNSC,7560ec6d-e0f2-4b55-88bf-62e7173126a1,TCGA-CV-5978,35642bf7-b6a9-4b78-a11e-e89c2a30d451,90486461-668f-4cf9-b685-13318391ad72.rna_seq.augmented_star_gene_counts.tsv,35642bf7-b6a9-4b78-a11e-e89c2a30d451
TCGA-HNSC,1ed822f5-fea5-46de-9681-ec484de734d8,TCGA-CV-6939,b84e7ed5-b84b-4bee-b555-49bd197b9de3,7f9b9735-b744-47eb-9e0c-e9de4f217dfa.rna_seq.augmented_star_gene_counts.tsv,b84e7ed5-b84b-4bee-b555-49bd197b9de3
TCGA-HNSC,60411f5f-15ee-4fe8-aeb0-30a740b746e3,TCGA-C9-A480,a22b70b1-3c74-43d9-9786-07d254605fb0,6cd313d5-c56e-4e40-b300-589c41cf4145.rna_seq.augmented_star_gene_counts.tsv,a22b70b1-3c74-43d9-9786-07d254605fb0
TCGA-HNSC,a8d8886b-b422-4c66-b0b4-4c9f0546b1b3,TCGA-CR-7382,89472f4a-ab97-477f-8da5-92bb6b153426,ad7867fb-5c55-408e-926f-3226eb593285.rna_seq.augmented_star_gene_counts.tsv,89472f4a-ab97-477f-8da5-92bb6b153426
TCGA-HNSC,d81234fd-4e10-469a-81e6-f23a192f1ef1,TCGA-IQ-7630,06c46190-b2e2-4c28-9dd8-ec9df9b3faac,a7d9074b-3fcc-4563-ba1b-d2fea419a167.rna_seq.augmented_star_gene_counts.tsv,06c46190-b2e2-4c28-9dd8-ec9df9b3faac
TCGA-HNSC,c03b3dfa-7b9b-4a21-9274-d174bc14440b,TCGA-D6-A74Q,c10916ac-5a60-41db-ba5d-a9329dce486d,e1633fc2-ebd0-4e37-8215-57ebb726b368.rna_seq.augmented_star_gene_counts.tsv,c10916ac-5a60-41db-ba5d-a9329dce486d
TCGA-HNSC,13f44682-a9e0-4968-8f40-5bb43191d38c,TCGA-D6-A6EN,340f6bf2-e251-4e6e-beb0-0d835e292df4,934910be-b029-4990-86be-d73e637c19fa.rna_seq.augmented_star_gene_counts.tsv,340f6bf2-e251-4e6e-beb0-0d835e292df4
TCGA-HNSC,2da83450-04c2-44d0-ab8a-9cc876242d5a,TCGA-D6-6823,73c3420a-f453-47f7-9d80-ad0ddc8e4000,1931e031-f7a9-4b2e-93e3-4db2788d2295.rna_seq.augmented_star_gene_counts.tsv,73c3420a-f453-47f7-9d80-ad0ddc8e4000
TCGA-HNSC,77be0d91-0525-439f-bb34-3a0702c81085,TCGA-CR-7374,867a2368-8027-45d1-b7b2-5a6f5523640f,e9952261-abcb-419f-9889-d98fe970cf20.rna_seq.augmented_star_gene_counts.tsv,867a2368-8027-45d1-b7b2-5a6f5523640f
TCGA-HNSC,2d9e869f-d10e-43a2-bc28-f4720cb201f5,TCGA-BB-A5HU,996fc9a8-2cdd-4f23-a716-218aaa69df94,72165763-bcce-4215-a93b-ba13cbe45e5c.rna_seq.augmented_star_gene_counts.tsv,996fc9a8-2cdd-4f23-a716-218aaa69df94
TCGA-HNSC,a4b8631d-80aa-4665-86b4-0caa7241da66,TCGA-T2-A6X0,7e910e81-71a8-4120-993e-746d29902026,59f36c25-d612-4fa8-a52e-7d910f6ed8d5.rna_seq.augmented_star_gene_counts.tsv,7e910e81-71a8-4120-993e-746d29902026
TCGA-HNSC,bc127d71-69b1-4df0-9ae2-aafb1b6e091b,TCGA-BB-A6UO,9b55f6d0-87d1-4afe-b27a-491c5e4784b1,7938c256-104d-4d46-b833-6758275ee33d.rna_seq.augmented_star_gene_counts.tsv,9b55f6d0-87d1-4afe-b27a-491c5e4784b1
TCGA-HNSC,afb7ea63-2959-4e53-95ea-7a032dcb5a8b,TCGA-CR-6470,21aca47f-d70d-4c5b-857d-36cea1169726,b75fd3ed-7171-474d-9cb6-a3daec88d5c8.rna_seq.augmented_star_gene_counts.tsv,21aca47f-d70d-4c5b-857d-36cea1169726
TCGA-HNSC,7bdb4e29-be48-4e55-a018-4ecc9053c767,TCGA-CV-7425,2399c612-2197-4e5b-8b3a-7c9927da9ea6,a2fa11ea-71e4-45b8-81ce-4e1b75eac180.rna_seq.augmented_star_gene_counts.tsv,2399c612-2197-4e5b-8b3a-7c9927da9ea6
TCGA-HNSC,b2382010-122d-4a62-a55f-62810b34ba1e,TCGA-IQ-A61J,9826930c-b7bd-49ba-b824-1f940e207f4b,f8514d71-3592-4b54-b4ef-fd3373bea997.rna_seq.augmented_star_gene_counts.tsv,9826930c-b7bd-49ba-b824-1f940e207f4b
TCGA-HNSC,398932ab-74c1-400d-8289-f2c1c8d85e1c,TCGA-CV-A6K0,3cf8f0d0-caaf-493b-987f-3259db70dadd,f26bfb05-5870-4f75-b9ba-1c6fa28e35ca.rna_seq.augmented_star_gene_counts.tsv,3cf8f0d0-caaf-493b-987f-3259db70dadd
TCGA-HNSC,eca57bc5-dbc4-4fbd-87cc-1ebbf90ef9c9,TCGA-DQ-7592,0398eb84-be87-4906-9e22-cb94494b54f6,85de0d7a-0624-4cd6-a33f-146b11b1b306.rna_seq.augmented_star_gene_counts.tsv,0398eb84-be87-4906-9e22-cb94494b54f6
TCGA-HNSC,ad242eac-a5ae-42b7-85ce-3e4d0dd308d6,TCGA-CQ-6224,bf7e3880-e49d-412a-99bb-0f17456bd692,a831d086-aa8a-4276-8edd-0fe6e01afa6d.rna_seq.augmented_star_gene_counts.tsv,bf7e3880-e49d-412a-99bb-0f17456bd692
TCGA-HNSC,808fae88-8f70-4514-a577-62a4c5dee3f3,TCGA-CQ-A4CA,4280c77b-0291-4c1f-aad0-78e3e710ba6b,2a74c2b4-9329-491c-8df5-26fa59b95ba1.rna_seq.augmented_star_gene_counts.tsv,4280c77b-0291-4c1f-aad0-78e3e710ba6b
TCGA-HNSC,4e644ee9-9f05-4a7b-86f6-7cb836a5cf17,TCGA-CQ-5326,7acd7331-19ee-4160-9bed-f23663032491,d409a68f-39e6-4b1d-af0b-69a9cf8a6532.rna_seq.augmented_star_gene_counts.tsv,7acd7331-19ee-4160-9bed-f23663032491
TCGA-HNSC,904d5793-ae7f-492b-aaed-ea6cca865d63,TCGA-CV-A460,f05758de-1cfc-446e-b133-1555800bea62,aa339103-355c-4cdd-b4b0-2475dc96c59e.rna_seq.augmented_star_gene_counts.tsv,f05758de-1cfc-446e-b133-1555800bea62
TCGA-HNSC,6766e43d-12fd-49ba-bdde-c19bb71d329d,TCGA-CV-7421,29b722ad-3c3a-493a-96d2-daeb00763881,d5d7baec-3dd6-493a-98f5-e45e715859b7.rna_seq.augmented_star_gene_counts.tsv,29b722ad-3c3a-493a-96d2-daeb00763881
TCGA-HNSC,62e8f535-cf5e-4f90-afcd-1e0136066820,TCGA-CQ-6228,409790bc-30ef-4f2f-9025-52d0c1864a04,8488045b-16a9-4910-80e8-719381516fe6.rna_seq.augmented_star_gene_counts.tsv,409790bc-30ef-4f2f-9025-52d0c1864a04
TCGA-HNSC,19c823d3-c15b-4a1c-9a27-6ce489f3b640,TCGA-IQ-A61I,7332ea7f-d612-4e35-8317-78707b8025ed,4caf9dc4-059c-4518-b762-5aa69997b00f.rna_seq.augmented_star_gene_counts.tsv,7332ea7f-d612-4e35-8317-78707b8025ed
TCGA-HNSC,2311deec-8dbc-4449-be09-fcd4e3bafd87,TCGA-CN-4740,09552102-8f10-4e2a-9710-f1585b6a7efb,4c6bcb4d-d212-4ecb-ae60-77da82be4449.rna_seq.augmented_star_gene_counts.tsv,09552102-8f10-4e2a-9710-f1585b6a7efb
TCGA-HNSC,e723f1bb-73a3-4d65-bd25-de76138515e9,TCGA-HD-7753,15b120ca-b99c-43f9-b836-529583c50fe9,155b4627-6a5a-4991-a58e-609c4fcbd5b9.rna_seq.augmented_star_gene_counts.tsv,15b120ca-b99c-43f9-b836-529583c50fe9
TCGA-HNSC,2d8d11be-421d-4f96-b5d6-4cbc632f11f3,TCGA-D6-6516,a0e5df28-f34e-4fc8-8100-ea276c5956e4,062971ce-dde4-4ff0-b244-92424d9e93e0.rna_seq.augmented_star_gene_counts.tsv,a0e5df28-f34e-4fc8-8100-ea276c5956e4
TCGA-HNSC,29095e45-9036-404e-890c-9ef4f261a915,TCGA-H7-A6C4,d3c1273c-e516-4180-8d21-86ce947ddf22,f4be9bf5-56c9-46e3-afe3-f3de382e78b6.rna_seq.augmented_star_gene_counts.tsv,d3c1273c-e516-4180-8d21-86ce947ddf22
TCGA-HNSC,73479b59-8a67-45be-aaa5-8ba6770a6d4c,TCGA-CQ-A4CG,95285ee2-cc8b-4f0d-b3da-ae146c1efca2,aef2bec8-0a64-479b-9a3e-06b3b0d9108f.rna_seq.augmented_star_gene_counts.tsv,95285ee2-cc8b-4f0d-b3da-ae146c1efca2
TCGA-HNSC,05c3d8a0-47a2-44b2-b0c3-144ec0cb2673,TCGA-CR-7399,52b3f43c-5b7f-46ea-adf6-a9534eaedf6c,5d42d6db-2471-4449-864f-a8d7705563e2.rna_seq.augmented_star_gene_counts.tsv,52b3f43c-5b7f-46ea-adf6-a9534eaedf6c
TCGA-HNSC,4f845fb4-4724-455f-88f2-09de7259a484,TCGA-CR-6471,01938448-39ff-474a-865e-b41c5207f3bb,8c9688b2-7aaf-4041-94cb-1882149a2eaf.rna_seq.augmented_star_gene_counts.tsv,01938448-39ff-474a-865e-b41c5207f3bb
TCGA-HNSC,ac9d779a-efc8-4b69-a0b1-ab1d7f83e3f4,TCGA-MT-A67A,8549e24f-b9d7-4203-97ef-15aeb7a7fde6,0e99a0dc-8a50-4622-8094-da5e16c532bd.rna_seq.augmented_star_gene_counts.tsv,8549e24f-b9d7-4203-97ef-15aeb7a7fde6
TCGA-HNSC,50f6615a-49cc-4e14-b5dd-54784b66c27b,TCGA-H7-7774,9c2a05d4-9f94-44bb-b1ee-a71f4f1c5e8f,e15a9105-47f3-4e2b-a9f4-697c311ec0a4.rna_seq.augmented_star_gene_counts.tsv,9c2a05d4-9f94-44bb-b1ee-a71f4f1c5e8f
TCGA-KIRC,2c98b857-5550-4b7c-ad77-2c17348a2d85,TCGA-B8-4146,44c858ac-1ce0-491a-aef5-979224aa09f5,144cc9bb-bd29-4986-89a7-5855168dac8e.rna_seq.augmented_star_gene_counts.tsv,44c858ac-1ce0-491a-aef5-979224aa09f5
TCGA-KIRC,35c747c0-38bb-4d2e-a428-8e24106adfab,TCGA-BP-4977,3bca5269-8bb3-4826-bc22-e7b068853f45,44dce722-f50f-4b75-bcf4-aac9afd39e41.rna_seq.augmented_star_gene_counts.tsv,3bca5269-8bb3-4826-bc22-e7b068853f45
TCGA-KIRC,4a3c1455-336e-44da-b780-e3a168824276,TCGA-BP-4981,b65b4ebc-e8b9-4926-8761-56b99fbd9e9a,19f6bda2-39bb-4733-8efc-a4626afb6bd1.rna_seq.augmented_star_gene_counts.tsv,b65b4ebc-e8b9-4926-8761-56b99fbd9e9a
TCGA-KIRC,26f77108-c3b0-4833-9a1a-df457d7415a9,TCGA-CJ-5675,2faa29c8-49e9-4fda-baea-f73583f3a27f,11c9e0b9-c94c-466f-877a-65325a76dcaf.rna_seq.augmented_star_gene_counts.tsv,2faa29c8-49e9-4fda-baea-f73583f3a27f
TCGA-KIRC,eab2c452-8263-4351-9150-7b51f84066c3,TCGA-B0-4845,633fef2c-c9ce-4b76-ae7b-0dfcc4123a6f,ba0e046d-ea06-4a64-9847-14b35eb72aee.rna_seq.augmented_star_gene_counts.tsv,633fef2c-c9ce-4b76-ae7b-0dfcc4123a6f
TCGA-KIRC,889c2a1f-9659-433e-852c-1dcdb650d9cc,TCGA-B4-5377,c0dc2255-258a-463b-bd10-f6ee1771860d,001cd1f1-f1d1-45c5-bf3d-62f4a40ab1f8.rna_seq.augmented_star_gene_counts.tsv,c0dc2255-258a-463b-bd10-f6ee1771860d
TCGA-KIRC,8b31900a-bca5-42da-b06a-87004970f9fb,TCGA-B8-5163,39c94a70-a68c-405c-bfbf-9675fbb1411a,d05527b8-f63e-4d0d-900a-6a237d8d4b7d.rna_seq.augmented_star_gene_counts.tsv,39c94a70-a68c-405c-bfbf-9675fbb1411a
TCGA-KIRC,18714b14-6138-46af-99a1-24acbc326530,TCGA-B0-5092,db99b502-b286-4b36-a0a5-28b6b413b81a,eaa703f3-b044-4ee4-a3ea-61b1b41c35fb.rna_seq.augmented_star_gene_counts.tsv,db99b502-b286-4b36-a0a5-28b6b413b81a
TCGA-KIRC,7dadf224-ecec-424e-a851-c5deeeaee6ff,TCGA-AK-3458,4bc67f13-2c7c-4be8-8bfe-1c2fffecf694,4b62c9b2-a3f4-4db4-8a79-434a1e28ed20.rna_seq.augmented_star_gene_counts.tsv,4bc67f13-2c7c-4be8-8bfe-1c2fffecf694
TCGA-KIRC,154de511-2bba-4959-970b-6a8429f29793,TCGA-BP-4161,e1beebe9-dc24-4f9d-a89f-87001fcf25c7,b93e9aab-9d4c-4e1e-9a04-b2b858b32fa8.rna_seq.augmented_star_gene_counts.tsv,e1beebe9-dc24-4f9d-a89f-87001fcf25c7
TCGA-KIRC,dd3d1953-11f2-47bc-9c89-31d307fa51ea,TCGA-BP-4769,c69d9c36-61e3-4985-b17b-b64bd7ed3821,eb8069ea-756b-4d4c-9c14-dd2b8b2a7af6.rna_seq.augmented_star_gene_counts.tsv,c69d9c36-61e3-4985-b17b-b64bd7ed3821
TCGA-KIRC,7dffc172-1f87-4e4a-8d26-c6fd2180bd06,TCGA-CJ-4887,4a0d03ae-65be-4168-89c9-0a756f0e47fc,3e330807-a35c-468a-9a1d-4d406457bd73.rna_seq.augmented_star_gene_counts.tsv,4a0d03ae-65be-4168-89c9-0a756f0e47fc
TCGA-KIRC,42c600be-b9fe-476b-9fa3-3c61e1c1ab83,TCGA-B0-4833,fa7f749b-6c8e-4052-8196-fd91d52e67f1,65e00fee-35a4-487d-98ca-2ba5bee5d74e.rna_seq.augmented_star_gene_counts.tsv,fa7f749b-6c8e-4052-8196-fd91d52e67f1
TCGA-KIRC,9aaa185b-41a7-49fb-82f7-254854b8b775,TCGA-BP-4167,d19fa0dd-5832-46a8-a7a0-142075684a55,911e92db-84e1-495f-9406-c9538be909f3.rna_seq.augmented_star_gene_counts.tsv,d19fa0dd-5832-46a8-a7a0-142075684a55
TCGA-KIRC,9f949dc1-bb9d-4e38-a313-e243c79acddb,TCGA-A3-3323,8ebdb262-631c-4ac0-af24-16dca92d8c45,c045b9d4-b4d6-4826-9db7-664ca443c8bc.rna_seq.augmented_star_gene_counts.tsv,8ebdb262-631c-4ac0-af24-16dca92d8c45
TCGA-KIRC,5e11daf8-523b-42e5-a9b5-a16bffc4299c,TCGA-B8-5158,88aade97-0051-480d-be54-bce61b4e5b91,8bd01b90-18ff-481f-ae57-48eec05dfbd2.rna_seq.augmented_star_gene_counts.tsv,88aade97-0051-480d-be54-bce61b4e5b91
TCGA-KIRC,a27dd46b-a5c5-493c-8254-567919d60faf,TCGA-B0-5713,6304f098-1ae4-4c6c-93c7-ac5b15b307a7,fb231a6f-eb93-4dce-b4cd-9f06bbe05911.rna_seq.augmented_star_gene_counts.tsv,6304f098-1ae4-4c6c-93c7-ac5b15b307a7
TCGA-KIRC,77b75b10-3d22-42e6-a058-ca617caf1ce5,TCGA-CJ-5672,0666c919-fe81-415e-84ea-c782234e3aa0,fcfd97d0-70ee-4b14-8953-63e96f62f04a.rna_seq.augmented_star_gene_counts.tsv,0666c919-fe81-415e-84ea-c782234e3aa0
TCGA-KIRC,0c8ff168-a5ba-40ed-b2b0-b58c9b9959b7,TCGA-B0-5084,8398a735-962c-4b4c-87b6-cf1e0a07ce91,72cb55a7-9cf6-439f-8ac8-a36ca59858ea.rna_seq.augmented_star_gene_counts.tsv,8398a735-962c-4b4c-87b6-cf1e0a07ce91
TCGA-KIRC,de8225ab-7150-4a1f-a2b2-5cf2ba1137b9,TCGA-CZ-5452,b2c3a163-384f-4246-880f-ae2caebf0d17,d96c15e3-28ba-448c-bee7-1ed38ccabbec.rna_seq.augmented_star_gene_counts.tsv,b2c3a163-384f-4246-880f-ae2caebf0d17
TCGA-KIRC,45cb042c-ee57-42ad-a8c2-1e2d75330f50,TCGA-B8-A54G,c1873d0a-2c67-44c7-97ba-9a10cd7ed962,e9d3cb06-8a78-4e3e-8582-234f5bb23f6c.rna_seq.augmented_star_gene_counts.tsv,c1873d0a-2c67-44c7-97ba-9a10cd7ed962
TCGA-KIRC,38041aeb-60fe-4784-a5d8-fd04b5c0c5f8,TCGA-B0-5110,a34f90d2-32b4-44e7-a820-07f3d48823ce,862104a6-f318-4617-8ddb-72c767394ce5.rna_seq.augmented_star_gene_counts.tsv,a34f90d2-32b4-44e7-a820-07f3d48823ce
TCGA-KIRC,df00a039-e892-4824-a308-1b5230d383ba,TCGA-CW-5591,19062abb-b733-43e2-a9f2-81bca6d65a1e,04b616ae-93cd-46c3-9bd5-7f0c9151afd5.rna_seq.augmented_star_gene_counts.tsv,19062abb-b733-43e2-a9f2-81bca6d65a1e
TCGA-KIRC,1593b8d4-1fbb-42a1-943f-376bc05af4ea,TCGA-BP-4330,4d986c3f-bde2-4e66-836d-30b701d0781c,bd2fccd5-e584-4616-8962-1f563d2bf36f.rna_seq.augmented_star_gene_counts.tsv,4d986c3f-bde2-4e66-836d-30b701d0781c
TCGA-UVM,e835bb77-e3ee-41b0-b8e0-d39e966f91a7,TCGA-V3-A9ZY,b5b0f524-d70e-40eb-ae49-16d2b5ea5467,0e86cd4d-d678-4061-9717-ffcd93f05dbd.rna_seq.augmented_star_gene_counts.tsv,b5b0f524-d70e-40eb-ae49-16d2b5ea5467
TCGA-UVM,7b9619b2-1fb6-4076-8a47-fcd392e8b27e,TCGA-VD-AA8S,e34a4ad6-6c02-4e7b-b47b-7692b2b4788d,1ab744be-3780-4baa-971a-50defda0e791.rna_seq.augmented_star_gene_counts.tsv,e34a4ad6-6c02-4e7b-b47b-7692b2b4788d
TCGA-UVM,5cb8105a-6d8b-441b-a8f7-89308dd4fc92,TCGA-V4-A9E9,d48060d6-bea4-4d02-9bb6-38a43aea36af,2a6ea7b6-7ec3-4226-9d58-37b544e78aec.rna_seq.augmented_star_gene_counts.tsv,d48060d6-bea4-4d02-9bb6-38a43aea36af
TCGA-UVM,75a06e1e-cf06-418c-bfb7-3b9147d19078,TCGA-VD-A8KG,2e2874d4-4932-4f81-b464-1ea2f509a119,7850ab16-4701-4e05-b2b8-6086b8ed63bb.rna_seq.augmented_star_gene_counts.tsv,2e2874d4-4932-4f81-b464-1ea2f509a119
TCGA-UVM,458d4f88-6a67-4174-a7da-cb9e3888a641,TCGA-YZ-A984,3ebf5ee0-d140-4a74-bc20-51a7ee98cd2e,f9862bd4-4530-4ba9-b940-658d39907222.rna_seq.augmented_star_gene_counts.tsv,3ebf5ee0-d140-4a74-bc20-51a7ee98cd2e
TCGA-UVM,6029915f-6337-4816-998a-9754c770ed93,TCGA-VD-AA8P,b5213c67-a73f-4b3d-ac9b-deedfbc08160,97aede8f-8315-4d49-8f04-41b4c266d78c.rna_seq.augmented_star_gene_counts.tsv,b5213c67-a73f-4b3d-ac9b-deedfbc08160
TCGA-UVM,a320eac2-c0fb-44d0-9849-dd541c2428e1,TCGA-V4-A9EH,7b0ba77b-5af5-4529-995a-18ef231c0b41,74e2edb8-5d55-48b2-a24d-2d76db8a04bd.rna_seq.augmented_star_gene_counts.tsv,7b0ba77b-5af5-4529-995a-18ef231c0b41
TCGA-UVM,0fd5fe1f-4d9d-4de0-9cb6-0356698d4425,TCGA-VD-AA8T,f96a0144-600b-4a7b-aada-1e87d8596a63,c1867a9a-942f-46f9-b7ff-bfe8edb04f6d.rna_seq.augmented_star_gene_counts.tsv,f96a0144-600b-4a7b-aada-1e87d8596a63
TCGA-UVM,ccbaaa72-af7f-4676-8476-80d35732868c,TCGA-VD-AA8N,dfd688a4-aac4-4588-9035-87635ddc96a4,d720c62a-64a3-40b6-9400-7fc41e0f12f2.rna_seq.augmented_star_gene_counts.tsv,dfd688a4-aac4-4588-9035-87635ddc96a4
TCGA-UVM,e8c4defb-7781-4b3d-b209-7d444a1a1bb5,TCGA-V4-A9EY,29fb9a0c-a98a-4884-a6f2-79b0de3dfee9,c1f10672-b50f-453b-ba18-3a5858a10bf6.rna_seq.augmented_star_gene_counts.tsv,29fb9a0c-a98a-4884-a6f2-79b0de3dfee9
TCGA-UVM,9f17305b-1afe-4811-bc70-9aecfaf985d5,TCGA-VD-A8KI,d681e616-e248-47b9-a966-6e5132c3c818,37d341cf-24de-4af2-9a2b-ee801c416ec8.rna_seq.augmented_star_gene_counts.tsv,d681e616-e248-47b9-a966-6e5132c3c818
TCGA-UVM,a1daa8ee-3755-4cc7-b2e5-fcd220792916,TCGA-VD-A8KO,f84b24e5-751f-4b17-a6dd-74b046844d0d,45fcc1a1-d73a-4ec5-95ae-f9ca82c5b3fd.rna_seq.augmented_star_gene_counts.tsv,f84b24e5-751f-4b17-a6dd-74b046844d0d
TCGA-UVM,78da02b6-41d6-4911-8762-a71657f26f3c,TCGA-RZ-AB0B,d2c0009c-f833-4a3c-86ff-3f6b19bb299d,05ec7139-df1a-48af-8d31-0acb26ee037b.rna_seq.augmented_star_gene_counts.tsv,d2c0009c-f833-4a3c-86ff-3f6b19bb299d
TCGA-UVM,2f2ff6c7-9568-47e4-ab09-6050f84bbf5c,TCGA-V4-A9F2,216abb23-24f6-483a-9295-afc8732236b7,26afaa53-4039-4efd-a008-9578dea6a301.rna_seq.augmented_star_gene_counts.tsv,216abb23-24f6-483a-9295-afc8732236b7
TCGA-UVM,9fd9f385-a009-44ae-836f-f18bad96628f,TCGA-V4-A9E5,37b6b698-b9d0-4efd-b8fa-410803ff43f7,d12f92f8-960c-4969-adec-fa55ce64fbee.rna_seq.augmented_star_gene_counts.tsv,37b6b698-b9d0-4efd-b8fa-410803ff43f7
TCGA-UVM,3106274b-1330-4c1d-9d6f-ee36138bc929,TCGA-VD-A8KB,90d51c25-d04d-4ef6-bc42-a65886cad80f,23d3ea07-1507-4b92-b05b-5c464ecb9858.rna_seq.augmented_star_gene_counts.tsv,90d51c25-d04d-4ef6-bc42-a65886cad80f
TCGA-UVM,9f324851-eaae-41b8-bb0e-5d5ceb9e5b23,TCGA-V4-A9EK,b73b5094-7b4f-4de7-bf89-5e9aa440e6af,7dcf88b1-efbf-4d15-8702-c089871ec52e.rna_seq.augmented_star_gene_counts.tsv,b73b5094-7b4f-4de7-bf89-5e9aa440e6af
TCGA-UVM,27ca4ab8-3cac-4937-906f-c4f62dbd7531,TCGA-WC-A87U,6a5fc50d-285f-4b43-89e8-4e0369adccd0,06cbde58-ac14-4736-ad91-0ba2bf399527.rna_seq.augmented_star_gene_counts.tsv,6a5fc50d-285f-4b43-89e8-4e0369adccd0
TCGA-UVM,79658dc3-f2b6-4c5e-9bf7-2c0e440ba3bf,TCGA-V4-A9EM,2099feee-53e9-4c8d-b4f1-f80a55b34e1c,bdae6108-fe46-463f-98de-58d5f680bdaf.rna_seq.augmented_star_gene_counts.tsv,2099feee-53e9-4c8d-b4f1-f80a55b34e1c
TCGA-UVM,44c9d4b1-adc4-4ea7-bfe3-473b29f775e0,TCGA-WC-A882,1c7d0c48-1ff5-4de3-9e47-ad3a67dde79a,850c83fc-adb5-4f71-bba6-006022c4f4c5.rna_seq.augmented_star_gene_counts.tsv,1c7d0c48-1ff5-4de3-9e47-ad3a67dde79a
TCGA-UVM,81194b66-eba6-4ad8-a745-6cabd69218f0,TCGA-VD-A8KJ,7a3399f3-a7c4-48c9-925d-c42860ed83b6,e71db7d0-f7b7-4522-a382-c83b7520f608.rna_seq.augmented_star_gene_counts.tsv,7a3399f3-a7c4-48c9-925d-c42860ed83b6
TCGA-UVM,69f3ece7-394d-4fa7-93e7-b6dcd538831a,TCGA-V4-A9EX,ab3f65bf-14b3-45be-8e6a-28855d9a8beb,2aa9348e-e78c-4af8-9aa1-ac2a0771ea7c.rna_seq.augmented_star_gene_counts.tsv,ab3f65bf-14b3-45be-8e6a-28855d9a8beb
TCGA-UVM,ddc9047a-fd34-4874-87b0-72dab50311e6,TCGA-VD-AA8M,875d9e2e-1f35-4374-97b4-5d58c5b9c4c5,c317811d-b28a-430e-96e3-23bba15f04a3.rna_seq.augmented_star_gene_counts.tsv,875d9e2e-1f35-4374-97b4-5d58c5b9c4c5
TCGA-UVM,62859c7e-4b8d-4122-9365-b1595e944c42,TCGA-V4-A9F0,5bec0dff-25e9-422b-ba9b-e718aa8e3f64,72d9b028-1c20-4835-a7f9-882e5dd80797.rna_seq.augmented_star_gene_counts.tsv,5bec0dff-25e9-422b-ba9b-e718aa8e3f64
TCGA-UVM,3dd23c74-0b1d-40f4-8e8e-a5032cc7c87d,TCGA-VD-A8KN,71c889d4-ac45-443d-8676-aa2d4079f7d6,d8d59d9b-c57a-4383-8962-9204a8b9175a.rna_seq.augmented_star_gene_counts.tsv,71c889d4-ac45-443d-8676-aa2d4079f7d6
TCGA-UVM,9c21476f-e62a-4259-bd84-52e539eb5806,TCGA-VD-AA8O,a150bfbe-72d3-42a3-b87f-842399d3c541,71adf9b8-e04d-454a-814e-855aa2f106d6.rna_seq.augmented_star_gene_counts.tsv,a150bfbe-72d3-42a3-b87f-842399d3c541
TCGA-KIRC,f8bc0763-5043-4b7d-9045-797d47c46066,TCGA-DV-5574,79b49079-070b-4b97-80b9-838bbd32f33c,a2f07423-e34f-43d0-b063-3c9838206135.rna_seq.augmented_star_gene_counts.tsv,79b49079-070b-4b97-80b9-838bbd32f33c
TCGA-KIRC,3dee8e6f-a904-42eb-bade-967a2f893686,TCGA-BP-5199,d014104d-47ca-441c-9756-66672008cb14,511fe1c3-6bc0-4610-8a3a-00ca018a04df.rna_seq.augmented_star_gene_counts.tsv,d014104d-47ca-441c-9756-66672008cb14
TCGA-KIRC,9aaca08a-3e46-4058-b95c-b41900d1887a,TCGA-B0-4707,4b2c1bf1-9a07-4b71-8a9a-c60c9564b686,617ca133-bc23-4e60-92dc-f6b9d320ec66.rna_seq.augmented_star_gene_counts.tsv,4b2c1bf1-9a07-4b71-8a9a-c60c9564b686
TCGA-KIRC,b7f4acb3-a84d-45c9-b3bc-e90200bca754,TCGA-CZ-4854,32d5318e-4553-4f8d-81bb-82f59885fc60,c23298c9-3d14-41bb-a14b-4ce8bcfaf89e.rna_seq.augmented_star_gene_counts.tsv,32d5318e-4553-4f8d-81bb-82f59885fc60
TCGA-KIRC,233c6672-a850-48e0-99fd-024cf1a76b4c,TCGA-BP-5168,8eb67e14-ab2d-4d8c-a945-fbdc6ad6a7be,c1b13e89-976f-4aff-9bff-054118b30b92.rna_seq.augmented_star_gene_counts.tsv,8eb67e14-ab2d-4d8c-a945-fbdc6ad6a7be
TCGA-KIRC,daa4e4ff-d483-430a-a218-896bd9237456,TCGA-BP-4762,4dcd0f2b-a6c0-4732-92eb-37a593afd93a,5a430bfd-9123-496e-b77c-220f47f1fdc5.rna_seq.augmented_star_gene_counts.tsv,4dcd0f2b-a6c0-4732-92eb-37a593afd93a
TCGA-KIRC,bcb1bab9-d7d0-49c8-b7be-175011bc4965,TCGA-B0-5691,b43e8a88-6ed9-4a7a-ade7-91f340ad5465,b25c28e1-8e51-4708-92e7-19f323ff7799.rna_seq.augmented_star_gene_counts.tsv,b43e8a88-6ed9-4a7a-ade7-91f340ad5465
TCGA-KIRC,2d987bc5-bc12-46ec-8d8e-192465c362a0,TCGA-A3-3307,b605224a-cf9c-4092-beb4-5ed43c1179de,78855102-69a0-454f-b67a-c0919dc154fb.rna_seq.augmented_star_gene_counts.tsv,b605224a-cf9c-4092-beb4-5ed43c1179de
TCGA-KIRC,d2baff9a-220a-4f44-bbdb-a02cdfd908c9,TCGA-CJ-4643,2693e892-e285-4d51-b84a-7498437b6956,7a0d5bd0-e053-4438-be82-dc4be659f020.rna_seq.augmented_star_gene_counts.tsv,2693e892-e285-4d51-b84a-7498437b6956
TCGA-KIRC,36cb6f79-4d32-408b-8bb0-897dac58696c,TCGA-CJ-4905,9c146666-fd40-4251-9b57-ee537addac17,093b3b97-0c32-487b-bc62-c06b98718fc0.rna_seq.augmented_star_gene_counts.tsv,9c146666-fd40-4251-9b57-ee537addac17
TCGA-KIRC,e803e3fe-27fa-4af5-a81e-5b61f85decac,TCGA-CJ-4888,160f9fb3-e1e0-4f32-ab86-9555e838a0a0,b0e4b742-75f5-4270-9180-8c55f1cdbef5.rna_seq.augmented_star_gene_counts.tsv,160f9fb3-e1e0-4f32-ab86-9555e838a0a0
TCGA-KIRC,d1130332-1f54-48d6-9c73-0c7b55454b06,TCGA-BP-4989,c4143095-ebf5-4ce2-91fe-6aea9cc62cc7,e4e6d880-0752-4ec8-bd07-e550f20f8f29.rna_seq.augmented_star_gene_counts.tsv,c4143095-ebf5-4ce2-91fe-6aea9cc62cc7
TCGA-KIRC,18c3a1de-b145-437f-a4ee-16fc58f83a61,TCGA-A3-3376,f1aa53c8-fb44-431d-9bb9-ba7647cd9ead,1e2a58d2-411f-4f24-812d-5e58483f61a3.rna_seq.augmented_star_gene_counts.tsv,f1aa53c8-fb44-431d-9bb9-ba7647cd9ead
TCGA-KIRC,2c46a26a-3454-4966-ac59-af6e0a11d1e9,TCGA-CZ-5469,6ae1ed76-5b6f-41a6-917b-cc713f874a03,b8e400b0-9d4f-426d-ad7f-8083e182ce95.rna_seq.augmented_star_gene_counts.tsv,6ae1ed76-5b6f-41a6-917b-cc713f874a03
TCGA-KIRC,39a55ee6-ddb3-4a84-9d5e-80224aef960c,TCGA-A3-A8OV,e0ab8fc2-a369-4e2b-a07a-67794bf6955b,ebf6fd51-b536-4d85-896f-8b14e2394583.rna_seq.augmented_star_gene_counts.tsv,e0ab8fc2-a369-4e2b-a07a-67794bf6955b
TCGA-KIRC,635e81bb-87a7-401e-8faa-5263f71688de,TCGA-BP-4991,54813ceb-f5c7-4c62-8b0a-047145bb6bae,470b4dea-6773-4a43-8c72-0ca82fbab681.rna_seq.augmented_star_gene_counts.tsv,54813ceb-f5c7-4c62-8b0a-047145bb6bae
TCGA-KIRC,d8c6ee52-a119-4299-a1e7-72266e7bbfb2,TCGA-BP-4972,e6a09aba-4d6e-4079-9b34-0e9caf705885,05468136-c936-455f-b5dd-75062f8df0fd.rna_seq.augmented_star_gene_counts.tsv,e6a09aba-4d6e-4079-9b34-0e9caf705885
TCGA-KIRC,ef5f633b-f9fa-49b1-8f69-bee72f89f403,TCGA-B0-5109,5474fa69-b83c-44b9-8e1b-1b16406a42ed,ffc8654f-1fef-49cf-ab0e-004b87fba769.rna_seq.augmented_star_gene_counts.tsv,5474fa69-b83c-44b9-8e1b-1b16406a42ed
TCGA-KIRC,2f1e11d0-dac6-499a-8a19-8ee05a24ba34,TCGA-B0-4821,ba209e1e-87f1-47a9-a858-d60953ef4528,28089de8-830d-4774-937f-97d6dd7cfa0a.rna_seq.augmented_star_gene_counts.tsv,ba209e1e-87f1-47a9-a858-d60953ef4528
TCGA-KIRC,1bcb3bf2-6472-495f-949b-48e2d3b373a3,TCGA-B2-5633,61894bd0-9fdb-4bb1-b32c-f52dbc10c850,1e28caa3-197f-4deb-95c1-f6d8a41756ca.rna_seq.augmented_star_gene_counts.tsv,61894bd0-9fdb-4bb1-b32c-f52dbc10c850
TCGA-KIRC,3dc4161e-161a-4fee-af32-4dcee6dd80f2,TCGA-B0-5690,e44dbaa1-6ef0-48ba-bf0f-3cfa502cbd14,61b5d1b4-7126-4b3d-b469-7a532f55f61c.rna_seq.augmented_star_gene_counts.tsv,e44dbaa1-6ef0-48ba-bf0f-3cfa502cbd14
TCGA-LGG,d2775f99-cc96-4c72-94ff-e3ba985dc151,TCGA-HT-7468,7cdc56cf-2e0e-467e-8e96-5b2391309b7f,88eced1f-bfd2-4e98-9164-a58894f83820.rna_seq.augmented_star_gene_counts.tsv,7cdc56cf-2e0e-467e-8e96-5b2391309b7f
TCGA-LGG,5fbc6fe2-e12c-4d01-b80e-046b29a68153,TCGA-DU-7015,dff492f1-7fdc-4ff6-b868-c355cedd6cad,862383b0-7b9f-4ed0-bfe8-0771668f4ffc.rna_seq.augmented_star_gene_counts.tsv,dff492f1-7fdc-4ff6-b868-c355cedd6cad
TCGA-LGG,7f6b5679-49e1-498d-bd1f-a757cd7db4cc,TCGA-HT-7601,155b732b-3603-4035-94d4-57a81a23a0d1,af61697d-5228-4f84-9d20-b76c9a2b05e8.rna_seq.augmented_star_gene_counts.tsv,155b732b-3603-4035-94d4-57a81a23a0d1
TCGA-LGG,33752dc3-5b99-4922-85f9-00f7a58c005f,TCGA-DU-A6S7,67bec45d-ed1e-41c5-9c61-4d7fb1592450,b90ec08a-e1d4-4ef4-a4a7-c66d4a15c59c.rna_seq.augmented_star_gene_counts.tsv,67bec45d-ed1e-41c5-9c61-4d7fb1592450
TCGA-LGG,661f567e-3e63-4692-8ef8-b80a83e6c8de,TCGA-IK-7675,106669c1-e20c-4ed8-863c-3ada529f58a4,3fb1b531-00c6-4f08-95c7-03de14c74f9a.rna_seq.augmented_star_gene_counts.tsv,106669c1-e20c-4ed8-863c-3ada529f58a4
TCGA-LGG,8bf3b3f3-1735-49d5-b6b9-b1fddacd6a02,TCGA-E1-A7YE,5cc420bf-ffe7-4f28-8395-4fc01df8efe9,8c23799f-7e71-407f-8628-3f9014527f64.rna_seq.augmented_star_gene_counts.tsv,5cc420bf-ffe7-4f28-8395-4fc01df8efe9
TCGA-LGG,cc207e89-0a9c-4756-bdf1-5fab8b444022,TCGA-HT-8107,5a7c9588-ee50-48a5-8f66-ce890a21a3e5,2f889c97-6877-4d36-a71d-04092da63fa3.rna_seq.augmented_star_gene_counts.tsv,5a7c9588-ee50-48a5-8f66-ce890a21a3e5
TCGA-LGG,b16c0429-9b18-4852-abb4-1ef16d5e310f,TCGA-HT-7467,9e519f4d-6578-4617-9f47-09a60f213465,63f1fd15-a4d1-434c-85e7-a8ec6380c693.rna_seq.augmented_star_gene_counts.tsv,9e519f4d-6578-4617-9f47-09a60f213465
TCGA-LGG,531e3db6-1dfb-4c36-a51c-b8a9c913196a,TCGA-DU-8164,51e56ffc-afc4-4342-89b0-010d3e536ed7,1d3f60fe-7562-4ec5-8e90-c92367a51315.rna_seq.augmented_star_gene_counts.tsv,51e56ffc-afc4-4342-89b0-010d3e536ed7
TCGA-LGG,8e6663ee-8c6a-412e-b5d1-6d855916367a,TCGA-TQ-A7RF,3e3ead73-d0d7-457c-a195-f858fa17b103,28470aea-f0ed-4fcf-8cab-808e974a7ad3.rna_seq.augmented_star_gene_counts.tsv,3e3ead73-d0d7-457c-a195-f858fa17b103
TCGA-LGG,ded0f767-9cee-4f1d-8e91-cb242d30b57e,TCGA-E1-5307,ba48abc9-c26f-4251-8811-0accc26cc251,df26e441-52f8-4fee-bbac-0a140fd71cd1.rna_seq.augmented_star_gene_counts.tsv,ba48abc9-c26f-4251-8811-0accc26cc251
TCGA-LGG,bc5744f2-1fba-4d80-98af-24aa89f5a597,TCGA-HT-8564,620833e1-3bc7-4ff1-a191-0f6f3e821d33,8de5db06-e1a0-4d8c-a863-99de4db37ed3.rna_seq.augmented_star_gene_counts.tsv,620833e1-3bc7-4ff1-a191-0f6f3e821d33
TCGA-LGG,0767dafb-fdd8-4654-9677-16b79bc78f9d,TCGA-DB-A4XB,aca54307-630b-400a-b03b-63b055d4c170,75f58afe-0b42-4b7f-873e-a0a4d77904f3.rna_seq.augmented_star_gene_counts.tsv,aca54307-630b-400a-b03b-63b055d4c170
TCGA-LGG,d35e7d1e-0e3c-4fc5-8809-d8f879e6adea,TCGA-WY-A85C,9908b233-1fd5-4c57-8164-22c195dd8752,e870cd62-cce9-4376-b362-8c2a6911c3e3.rna_seq.augmented_star_gene_counts.tsv,9908b233-1fd5-4c57-8164-22c195dd8752
TCGA-LGG,6d20c10a-68e1-492a-aa7c-9fcaf5bc55a5,TCGA-S9-A6WM,479f933e-a088-4c53-a4d1-eaf9a3a9ad39,41da41b9-2586-4981-aeee-ae3867f6d316.rna_seq.augmented_star_gene_counts.tsv,479f933e-a088-4c53-a4d1-eaf9a3a9ad39
TCGA-LGG,4e5aee62-df39-4a74-917c-c3ab154f8d0e,TCGA-CS-4941,20443648-a8c8-41ef-b589-d4a42a288277,843f0cc6-cd74-4af8-be28-5fb02b532269.rna_seq.augmented_star_gene_counts.tsv,20443648-a8c8-41ef-b589-d4a42a288277
TCGA-LGG,d24a30af-b43c-4d2d-8161-c37dfc04cbf2,TCGA-E1-A7YU,b65e20ec-c7d5-488f-91b8-5f46ceeff8f0,b5b4f110-4e89-4c1b-a747-922534395f9d.rna_seq.augmented_star_gene_counts.tsv,b65e20ec-c7d5-488f-91b8-5f46ceeff8f0
TCGA-LGG,c3f37b41-abbc-45c6-8ae0-ebc33fbcdba2,TCGA-QH-A6CW,4b4deca0-b67d-4c1d-a127-1dcd7fb9fb0f,4f601dad-46a5-4ee3-a92b-cc02fe348535.rna_seq.augmented_star_gene_counts.tsv,4b4deca0-b67d-4c1d-a127-1dcd7fb9fb0f
TCGA-LGG,7b8f26ab-aad4-4191-9c1e-188a3a7a220a,TCGA-HT-7860,77b1c8d4-c019-4bf0-9c34-b3abc0878fcc,caa32dcc-c440-4381-ab54-59f96dc8b44d.rna_seq.augmented_star_gene_counts.tsv,77b1c8d4-c019-4bf0-9c34-b3abc0878fcc
TCGA-LGG,6db4de4f-e0e1-4923-9c69-a7ffa5fc3671,TCGA-FG-A4MY,7b49c69f-9115-4155-a8bc-b5361d9d7145,bfc01973-ba94-4395-9657-67f685896e43.rna_seq.augmented_star_gene_counts.tsv,7b49c69f-9115-4155-a8bc-b5361d9d7145
TCGA-LGG,c6171ccf-9675-47c6-a23e-e33d74014080,TCGA-HT-7470,fe377618-2fba-4327-88c5-8f27223e0011,0e100747-b7c4-448a-bba7-4576c190c51b.rna_seq.augmented_star_gene_counts.tsv,fe377618-2fba-4327-88c5-8f27223e0011
TCGA-LGG,bf8e8426-dc44-40b0-8459-ad1dbaf9ba5a,TCGA-RY-A847,1928e314-d29f-4cb5-b261-c9fe40609e8c,0c4d26bc-c4fb-4d6c-8331-9d5afcae11c7.rna_seq.augmented_star_gene_counts.tsv,1928e314-d29f-4cb5-b261-c9fe40609e8c
TCGA-LGG,44727267-0e9b-4793-b3e4-a0541de5a583,TCGA-CS-5394,40da8335-2b0a-4dca-9580-255bbde86756,74a6cd3d-a6e4-49c6-a547-eeadf7fbb61a.rna_seq.augmented_star_gene_counts.tsv,40da8335-2b0a-4dca-9580-255bbde86756
TCGA-LGG,d220c68f-dc22-48c2-b11c-ae86e6e3ff42,TCGA-E1-A7Z2,d20cf786-ccae-4aba-a46b-06355adf7e0a,f4cfb770-82ce-4c31-90a9-a7ccb57c87d4.rna_seq.augmented_star_gene_counts.tsv,d20cf786-ccae-4aba-a46b-06355adf7e0a
TCGA-LGG,101aaa90-fe0a-42b7-bcc7-4f44e29883ec,TCGA-DU-5852,7b089561-d449-4b86-bff0-6aa5eed1c8de,602acda6-a90d-42bc-a8aa-6eade2a791c4.rna_seq.augmented_star_gene_counts.tsv,7b089561-d449-4b86-bff0-6aa5eed1c8de
TCGA-KIRC,77c0c882-6c44-4820-8745-3b7217353426,TCGA-BP-4797,1164d793-7d50-42c9-9b8c-74affd93964d,002049e1-5d2b-4019-a9ed-61a90fd952ce.rna_seq.augmented_star_gene_counts.tsv,1164d793-7d50-42c9-9b8c-74affd93964d
TCGA-KIRC,307f759a-5793-4bde-8f45-3bea8154b326,TCGA-BP-4763,578db3bb-5ca7-413d-a38b-79876d4b98ac,dbc81626-bcbc-4e80-9bfe-818ee7bb1ac3.rna_seq.augmented_star_gene_counts.tsv,578db3bb-5ca7-413d-a38b-79876d4b98ac
TCGA-KIRC,50ed062d-64cd-4c93-b51b-c179ef7af6c7,TCGA-BP-5173,be6fa48c-95e0-4a7f-aa05-362d1b7a5a4a,c8d944e8-b5cf-4d9f-b256-c78784ec963b.rna_seq.augmented_star_gene_counts.tsv,be6fa48c-95e0-4a7f-aa05-362d1b7a5a4a
TCGA-KIRC,1ca70c1e-a4b9-41aa-aaa8-f55296aae041,TCGA-BP-4971,6b95e135-1a51-4d0c-bd2c-ab55273a3eb7,7a6b27cb-f41f-4d57-9116-179c76283d6f.rna_seq.augmented_star_gene_counts.tsv,6b95e135-1a51-4d0c-bd2c-ab55273a3eb7
TCGA-KIRC,5d8c8d4b-0416-4121-ac97-717bc2ea8f27,TCGA-B0-4693,afb1e9c1-aa37-40d4-a2b0-5996c023d30b,0f6509d2-4bda-4eee-89f6-848d6b94c881.rna_seq.augmented_star_gene_counts.tsv,afb1e9c1-aa37-40d4-a2b0-5996c023d30b
TCGA-KIRC,548e1a51-b951-4f57-91d9-984d4b0f1afb,TCGA-B8-4143,fa927427-fa20-44d0-b574-81d99277be8a,eb13f276-cfa2-4129-8a8f-ea9d2eb40e8b.rna_seq.augmented_star_gene_counts.tsv,fa927427-fa20-44d0-b574-81d99277be8a
TCGA-KIRC,1cafc728-e080-47b7-95e8-eb5194c8fcb9,TCGA-A3-3362,61ffeb1c-0382-40bb-bd32-a071b2b4c39d,51f52dbe-cb60-4495-9896-09db6176ac5f.rna_seq.augmented_star_gene_counts.tsv,61ffeb1c-0382-40bb-bd32-a071b2b4c39d
TCGA-KIRC,1de65bee-b525-4517-9295-27691e49e42c,TCGA-CZ-5988,a810deed-122b-4c57-9d6f-8146c5064712,c7fcc566-c577-4b0e-b2de-f8dabf5d8d66.rna_seq.augmented_star_gene_counts.tsv,a810deed-122b-4c57-9d6f-8146c5064712
TCGA-KIRC,45b17cb6-94c7-4e9c-a025-76e6dae5abbc,TCGA-BP-4349,c35bcaa8-f2f8-4c08-af74-910f73e5bc94,e51ccbf9-cdf0-4708-90bf-3db9ffaadab6.rna_seq.augmented_star_gene_counts.tsv,c35bcaa8-f2f8-4c08-af74-910f73e5bc94
TCGA-KIRC,1b7b8c2c-41bf-4733-a213-704f86e5aa46,TCGA-CJ-4889,dab754d3-54c4-4941-879a-dc107def74d8,abd77d33-2cca-43e3-91dc-60eafa9c099f.rna_seq.augmented_star_gene_counts.tsv,dab754d3-54c4-4941-879a-dc107def74d8
TCGA-KIRC,8d54b22b-ee4b-45e0-922e-24e3c20c4c1a,TCGA-CZ-5457,e79eb779-6742-452b-87d4-35e67d30de92,27fe2b74-28b3-4279-b66a-89ed2abc6891.rna_seq.augmented_star_gene_counts.tsv,e79eb779-6742-452b-87d4-35e67d30de92
TCGA-KIRC,910e6a50-1c73-4b3f-8112-aec92c4645cc,TCGA-A3-A8OU,56c82934-f740-406c-afad-f9d8bd17aff3,195e0fec-c626-4070-a7cd-3cfe6284a24c.rna_seq.augmented_star_gene_counts.tsv,56c82934-f740-406c-afad-f9d8bd17aff3
TCGA-BRCA,eda0ff5c-84cf-44cb-888f-0aab17441dfa,TCGA-A2-A25D,e6cbdcab-7fd1-43a6-be43-68b6a0fb4fe9,e548b6da-7025-48ef-bac6-50dcf66abe71.rna_seq.augmented_star_gene_counts.tsv,e6cbdcab-7fd1-43a6-be43-68b6a0fb4fe9
TCGA-BRCA,7893162b-3d19-4c54-86ee-aa4884d84e8a,TCGA-BH-A201,9415696a-44d9-477f-aba3-0a30ded48778,3c3c4741-8eda-46fe-8d36-2cd683f4a987.rna_seq.augmented_star_gene_counts.tsv,9415696a-44d9-477f-aba3-0a30ded48778
TCGA-BRCA,0dba8c12-0f21-4489-8639-47c156ddfa5f,TCGA-A8-A085,8644d07c-979f-4ec6-928a-afe9229fb9f1,38b11e1f-1db0-4733-bdf6-fb64664027d4.rna_seq.augmented_star_gene_counts.tsv,8644d07c-979f-4ec6-928a-afe9229fb9f1
TCGA-BRCA,151a1187-e07e-4b76-b2d2-2da133b9116b,TCGA-AR-A5QP,61f32a8d-4649-4ea8-8374-00ab281464bf,0d9db3d9-8f0a-41f8-bf2b-5de447d676b8.rna_seq.augmented_star_gene_counts.tsv,61f32a8d-4649-4ea8-8374-00ab281464bf
TCGA-BRCA,0ca24149-4cc4-4ad1-b448-4cc33fef851e,TCGA-E9-A1NE,b3d19aa0-af01-4998-b234-81f313b7a6f0,8c22f448-940a-46f4-a192-f389d1931f0a.rna_seq.augmented_star_gene_counts.tsv,b3d19aa0-af01-4998-b234-81f313b7a6f0
TCGA-BRCA,28e05d2f-0559-425a-accf-d5b4c1152548,TCGA-E9-A1N8,4b445a8f-b60b-44c3-b501-de93010172f7,ce098c6d-1b12-48df-bbbb-4f1ea8788942.rna_seq.augmented_star_gene_counts.tsv,4b445a8f-b60b-44c3-b501-de93010172f7
TCGA-BRCA,9cbd4bd6-244b-4274-a230-a7bd02e79571,TCGA-AC-A23C,ec67e25e-9cc6-45a7-a7c0-8dc778ae14c1,a068f661-e689-4e30-9572-3103039981aa.rna_seq.augmented_star_gene_counts.tsv,ec67e25e-9cc6-45a7-a7c0-8dc778ae14c1
TCGA-BRCA,2b721ce6-b620-4216-9846-c82543880bb3,TCGA-A2-A0YF,5dee4a6f-9cf4-4360-a37b-e7b94aa70dac,5ef81653-adf0-4286-9f43-218490539508.rna_seq.augmented_star_gene_counts.tsv,5dee4a6f-9cf4-4360-a37b-e7b94aa70dac
TCGA-BRCA,f45e5bb1-c07d-4869-8acd-03036629e83d,TCGA-AN-A0XV,debafec8-b9f4-45f3-aa4c-8e48e58e6a49,4fb42c7e-2a7e-4641-ae7c-e92fd9c2be11.rna_seq.augmented_star_gene_counts.tsv,debafec8-b9f4-45f3-aa4c-8e48e58e6a49
TCGA-BRCA,b2921c9d-c655-46f3-86e5-2fc2bed1ed33,TCGA-BH-A0H6,4af55932-ab7a-41e5-aa7f-fb16ab18c629,668e1e67-cc4f-40fd-b921-23aec5078635.rna_seq.augmented_star_gene_counts.tsv,4af55932-ab7a-41e5-aa7f-fb16ab18c629
TCGA-BRCA,d32e480b-d1ee-4bae-af15-8b5b94c1cc8a,TCGA-D8-A27V,1d0878a6-5c7c-40b9-8eab-64981d783b71,44df0b54-867f-4aef-8769-5d3fa8887b94.rna_seq.augmented_star_gene_counts.tsv,1d0878a6-5c7c-40b9-8eab-64981d783b71
TCGA-BRCA,061f9bb8-09f5-4788-b39d-35138a3aa019,TCGA-EW-A2FR,9568dc22-f91c-44dd-95ec-370466ee64c3,17985496-652a-4034-997b-b888d97316e3.rna_seq.augmented_star_gene_counts.tsv,9568dc22-f91c-44dd-95ec-370466ee64c3
TCGA-BRCA,36ccb542-78a6-4960-8d49-fa02e08fd36f,TCGA-A2-A0T4,7d5e390d-86f3-4988-9606-aeedabd31b52,fd5d7370-2c7c-4f6e-a236-e25366e463a8.rna_seq.augmented_star_gene_counts.tsv,7d5e390d-86f3-4988-9606-aeedabd31b52
TCGA-BRCA,515600aa-a11b-4630-b88d-c59082ed1684,TCGA-Z7-A8R6,404cea41-efa9-44c0-84a1-5dd603d7a2a4,69ed2c6f-9495-475c-b8d6-c1db8f4b0537.rna_seq.augmented_star_gene_counts.tsv,404cea41-efa9-44c0-84a1-5dd603d7a2a4
TCGA-BRCA,905c8468-92b3-4e58-8445-6692775c7fde,TCGA-A2-A0YL,c4afcca9-94e4-4ecd-98d1-0aab86de8685,7dfcf573-5004-4c46-a269-8a07e303f873.rna_seq.augmented_star_gene_counts.tsv,c4afcca9-94e4-4ecd-98d1-0aab86de8685
TCGA-BRCA,f2eac3ac-cb30-4d6d-a85a-4ea1ad3e7301,TCGA-C8-A1HE,5223fb98-dd63-4c20-a7c0-02e0b13ccb33,7b7c91b5-0358-4d09-af89-26a791d7a23a.rna_seq.augmented_star_gene_counts.tsv,5223fb98-dd63-4c20-a7c0-02e0b13ccb33
TCGA-BRCA,fb0b2d84-d982-4d3a-9803-36420f2e7e46,TCGA-E9-A1NH,11e658a7-64e3-47ac-8993-eea0d17fc949,36e48370-2ecb-4d2c-91ab-7f7426647213.rna_seq.augmented_star_gene_counts.tsv,11e658a7-64e3-47ac-8993-eea0d17fc949
TCGA-BRCA,8e391bec-541c-49dc-a0a8-5ece5f268f1f,TCGA-AC-A2FM,d32a2386-8747-4f9f-84b2-130a2c948342,7e11de5c-487d-4fc2-845e-efab7a39e031.rna_seq.augmented_star_gene_counts.tsv,d32a2386-8747-4f9f-84b2-130a2c948342
TCGA-BRCA,5fce29d3-4250-4696-b691-d4bc953c21cd,TCGA-E9-A2JT,d144a154-2dcb-484f-b50d-1b65ab9eb19e,0fb8ee34-b7c8-4ea6-987a-b69c00baa53a.rna_seq.augmented_star_gene_counts.tsv,d144a154-2dcb-484f-b50d-1b65ab9eb19e
TCGA-BRCA,685fa2ea-3dff-450a-8ea6-e97dfe9000a4,TCGA-A8-A07B,cee943a8-ea26-4b2f-b8a4-66300ccacfb5,7eb5f037-355b-4a38-b22b-a5e1f41ff1e9.rna_seq.augmented_star_gene_counts.tsv,cee943a8-ea26-4b2f-b8a4-66300ccacfb5
TCGA-BRCA,ef48e806-e31c-4a11-afe8-dcc232357329,TCGA-BH-A0HQ,cf801232-8aa2-4ede-80b0-8c5b9876941b,c861f2ac-61fd-45cc-9e14-f775f9eed494.rna_seq.augmented_star_gene_counts.tsv,cf801232-8aa2-4ede-80b0-8c5b9876941b
TCGA-BRCA,6dd4870f-1ec2-484b-8703-6397d8e67daa,TCGA-A2-A04T,a701ab46-0745-4f23-8723-df5846e8806f,29246ea5-44e5-43d3-be04-c038c20db027.rna_seq.augmented_star_gene_counts.tsv,a701ab46-0745-4f23-8723-df5846e8806f
TCGA-BRCA,a63690bb-5761-47d7-854e-7be44d9b0b3a,TCGA-E2-A1IL,26caf8b1-0202-4656-9bb9-4a80ffc94118,1516c4ec-98c0-41dc-9ad1-86cc05305fc1.rna_seq.augmented_star_gene_counts.tsv,26caf8b1-0202-4656-9bb9-4a80ffc94118
TCGA-BRCA,48c16c0d-085f-4266-b729-13bfd7aa9dab,TCGA-D8-A1XW,e7789185-2581-4846-bafd-8b920edc0973,a29c8616-0f82-4515-870e-68887a628c92.rna_seq.augmented_star_gene_counts.tsv,e7789185-2581-4846-bafd-8b920edc0973
TCGA-BRCA,d9e29db0-558c-4bd5-aa94-15d5d57110b1,TCGA-AN-A03X,a2837f64-2441-4d31-befc-514f8526b1f7,1729f18b-f4d7-4e1c-af9f-2c651023e7fc.rna_seq.augmented_star_gene_counts.tsv,a2837f64-2441-4d31-befc-514f8526b1f7
TCGA-BRCA,de8ae7a3-d96b-4b54-9373-8e63f3ac926b,TCGA-EW-A2FV,4d2cc90a-574f-4184-9a1c-86af222e9bb6,15933e60-dee1-493a-a4f9-d5791dd15325.rna_seq.augmented_star_gene_counts.tsv,4d2cc90a-574f-4184-9a1c-86af222e9bb6
TCGA-BRCA,4a299407-b9dc-4500-b6b1-27a474ab4c4a,TCGA-C8-A26V,41a87746-ec8e-47e3-986c-d1a119e7c96b,628501d9-94e5-440e-b39f-df0e3ea09986.rna_seq.augmented_star_gene_counts.tsv,41a87746-ec8e-47e3-986c-d1a119e7c96b
TCGA-BRCA,6edcdb8a-80e8-42a8-86ff-3950c1f3cb89,TCGA-AN-A0XR,fd7a6cfc-0ebe-4b79-b93d-d70b9bf533bc,8997a81b-4046-4c31-91f6-7c1519f1d2ec.rna_seq.augmented_star_gene_counts.tsv,fd7a6cfc-0ebe-4b79-b93d-d70b9bf533bc
TCGA-BRCA,b32287fb-5ff5-4f5f-a9dc-0c0d514351b4,TCGA-D8-A1JL,5fe2671d-4314-444b-adc1-64bbc6a85aab,548b1967-fca4-4238-8d59-ae5405122c90.rna_seq.augmented_star_gene_counts.tsv,5fe2671d-4314-444b-adc1-64bbc6a85aab
TCGA-BRCA,57e65074-4dc7-4f55-9638-8d123702305c,TCGA-A2-A25A,1ca86ab0-2f8a-4cd3-81b8-d19e8579b1d6,b9bfdf3b-d23e-433b-892f-1b61e24abdfa.rna_seq.augmented_star_gene_counts.tsv,1ca86ab0-2f8a-4cd3-81b8-d19e8579b1d6
TCGA-BRCA,6a914b5f-5bc2-4152-b80e-fcc864a415b0,TCGA-BH-A18M,00b13ccf-ad7c-4613-8366-7c583a399691,c763a483-415e-4cb4-9cdf-4e6c31e8a9c9.rna_seq.augmented_star_gene_counts.tsv,00b13ccf-ad7c-4613-8366-7c583a399691
TCGA-BRCA,72367269-4151-4e1f-8636-ff91396ba46c,TCGA-BH-A1FJ,8f4d34b3-5dd0-4ff2-b017-0cfa6e5c5f6b,95e450bd-ff88-4498-9418-e09883c94988.rna_seq.augmented_star_gene_counts.tsv,8f4d34b3-5dd0-4ff2-b017-0cfa6e5c5f6b
TCGA-BRCA,0c12ea89-eeb4-4865-91eb-10cf75884c21,TCGA-AO-A0J6,0f0b1a31-1f88-40e0-bd25-320046de4970,9eb69ff7-492b-4ed3-8762-c25c3dffa1fe.rna_seq.augmented_star_gene_counts.tsv,0f0b1a31-1f88-40e0-bd25-320046de4970
TCGA-BRCA,4d088b92-ccb7-44fe-a582-f1d9034cd643,TCGA-LL-A73Y,8ca36e25-aabc-4bd9-9ced-a8d432ca0260,6e6eeb9a-6437-4e53-9fb7-c283f738d3bd.rna_seq.augmented_star_gene_counts.tsv,8ca36e25-aabc-4bd9-9ced-a8d432ca0260
TCGA-BRCA,cac72f1c-d337-4e20-8ba0-e48126517a66,TCGA-AO-A12B,3782bc2e-5a29-4380-9b44-735ca1ac8896,ffe82e73-0990-4d3d-a4d1-7d4e169dfdf5.rna_seq.augmented_star_gene_counts.tsv,3782bc2e-5a29-4380-9b44-735ca1ac8896
TCGA-BRCA,2678d877-e48e-48e3-95c1-65ecce46308e,TCGA-GM-A5PX,578022ab-5178-4440-8996-73e8826dd74d,840ce2d8-5bf8-4a2c-9739-e7dff5d7cb21.rna_seq.augmented_star_gene_counts.tsv,578022ab-5178-4440-8996-73e8826dd74d
TCGA-BRCA,cd17957d-1e5c-4874-8070-890c1d692a0b,TCGA-E2-A15O,99502a82-c77e-482b-8589-82d9ef82d5d1,79beb4e0-5066-481f-b432-94d69219bfe8.rna_seq.augmented_star_gene_counts.tsv,99502a82-c77e-482b-8589-82d9ef82d5d1
TCGA-BRCA,108f6aeb-833e-45a1-81fc-4b0b8e3c7163,TCGA-AN-A0AR,422ef158-74dd-4a5e-88a6-5b0da33004d1,9b7c81c7-d03c-446c-9d25-8c966058b0e3.rna_seq.augmented_star_gene_counts.tsv,422ef158-74dd-4a5e-88a6-5b0da33004d1
TCGA-BRCA,582b2af4-08e5-44d8-996d-d00db1e98413,TCGA-A8-A099,072cae2e-f4c1-4a3f-85e1-6f7e35a65108,91941243-48d2-4416-b104-0affb8c46316.rna_seq.augmented_star_gene_counts.tsv,072cae2e-f4c1-4a3f-85e1-6f7e35a65108
TCGA-BRCA,cf5fda71-8fba-43fc-91f3-e4baa36571dd,TCGA-LL-A5YM,4af2ea24-60fe-4fc1-858b-68ed98855082,8f1c0479-48ac-46e7-a2c2-973a8a6c4747.rna_seq.augmented_star_gene_counts.tsv,4af2ea24-60fe-4fc1-858b-68ed98855082
TCGA-BRCA,660954c6-51ed-4b74-8eb0-65c282da3971,TCGA-D8-A140,f5e5f153-f422-4c2a-ae54-fc11f416c637,343c349a-57ce-4599-8185-3ed2e15c6fdd.rna_seq.augmented_star_gene_counts.tsv,f5e5f153-f422-4c2a-ae54-fc11f416c637
TCGA-BRCA,b462982a-4dd0-425e-bce3-0eb8f5527264,TCGA-E2-A1LG,1b8dddf2-89d9-43aa-84c7-1d18e8865106,02a50d1b-ff62-4936-a0ce-ac0e22a5b41c.rna_seq.augmented_star_gene_counts.tsv,1b8dddf2-89d9-43aa-84c7-1d18e8865106
TCGA-BRCA,7877c9a9-2002-4d6d-9ca4-f200c1ac00e7,TCGA-BH-A0EB,ddb7443e-0dda-40f1-9652-adc025804c85,4c6f18b9-eb4c-4b7f-90ee-0c3194407be7.rna_seq.augmented_star_gene_counts.tsv,ddb7443e-0dda-40f1-9652-adc025804c85
TCGA-BRCA,b41b1f04-226e-466c-b5e1-f61e45ad3210,TCGA-E9-A1ND,98320692-9c1c-4ed3-9ea1-72f098c03049,7880b3ba-9f39-4744-be72-b87dbd8eb425.rna_seq.augmented_star_gene_counts.tsv,98320692-9c1c-4ed3-9ea1-72f098c03049
TCGA-BRCA,5fa9998b-deff-493e-8a8e-dc2422192a48,TCGA-AR-A1AR,7235fd65-e9cb-45f1-ac78-cad80823325e,b021039d-26c3-4851-9641-ddd81e408339.rna_seq.augmented_star_gene_counts.tsv,7235fd65-e9cb-45f1-ac78-cad80823325e
TCGA-BRCA,67d804d7-b6a5-4a70-92cd-f93195d928a4,TCGA-C8-A27B,4ec56a4e-a3ce-4511-a517-199e2a535b1a,d898e588-a74d-435c-b930-b96c266ff580.rna_seq.augmented_star_gene_counts.tsv,4ec56a4e-a3ce-4511-a517-199e2a535b1a
TCGA-BRCA,91657171-7e5e-4a81-9201-d0b2d5806c04,TCGA-E2-A1L8,0f1cf3a6-6e68-440a-9744-85e44d88b61f,e6b6dada-24d1-4020-b5c0-3824670d079e.rna_seq.augmented_star_gene_counts.tsv,0f1cf3a6-6e68-440a-9744-85e44d88b61f
TCGA-BRCA,1acae6e0-3100-4de8-a436-e15cdbe1322b,TCGA-BH-A0DK,a629c407-5141-454c-bb69-ba7e58d1febc,5a277308-f1bc-47b3-a397-aeabe9db8dc6.rna_seq.augmented_star_gene_counts.tsv,a629c407-5141-454c-bb69-ba7e58d1febc
TCGA-BRCA,652c3b39-d1cb-42e8-98e1-2acb0011bd50,TCGA-EW-A1P1,d0654d2d-37ef-4d93-996e-c68cfedea376,f266f0c7-53aa-43bc-bbef-b9af0054391f.rna_seq.augmented_star_gene_counts.tsv,d0654d2d-37ef-4d93-996e-c68cfedea376
TCGA-BRCA,18140097-dcf9-4882-baa9-5f6c93585c4b,TCGA-AC-A3OD,ce53c8d2-5655-4fde-b134-1ef5a269e569,078420d8-5079-4a98-81d7-3a4b84e9d0ad.rna_seq.augmented_star_gene_counts.tsv,ce53c8d2-5655-4fde-b134-1ef5a269e569
TCGA-BRCA,95c533d3-798c-4aca-8f38-dc4825f254b5,TCGA-AN-A03Y,3eb2d652-73f5-41c0-bf73-f40e85e1ecae,eecb45f4-ea57-4aea-814e-9895d42034e9.rna_seq.augmented_star_gene_counts.tsv,3eb2d652-73f5-41c0-bf73-f40e85e1ecae
TCGA-BRCA,26b0cf7a-584f-46e5-8f83-b6b5f7d542ba,TCGA-AQ-A1H2,7915bbbc-7e5b-4439-bea4-12fc7f639d6d,e1edc70f-0307-4283-9efc-77feb465c9df.rna_seq.augmented_star_gene_counts.tsv,7915bbbc-7e5b-4439-bea4-12fc7f639d6d
TCGA-BRCA,8031140e-323c-472e-82d2-45c7888829aa,TCGA-BH-A0C1,5fbbee45-08b5-4cd0-83c6-c18bc4e89d99,034f8d01-f664-494b-bc04-77485000611f.rna_seq.augmented_star_gene_counts.tsv,5fbbee45-08b5-4cd0-83c6-c18bc4e89d99
TCGA-BRCA,5d1cb65a-7798-455d-8100-25871cec5a47,TCGA-E9-A3Q9,59c3cb45-ca6e-40ad-a3f0-9b496b934aa5,7abc395f-72e4-4835-8aef-aaca2f8a34b0.rna_seq.augmented_star_gene_counts.tsv,59c3cb45-ca6e-40ad-a3f0-9b496b934aa5
TCGA-BRCA,438152c8-2d26-4b35-9f68-a4b6c473916e,TCGA-BH-A1FU,90eefb33-6808-45c3-9ab1-6eca0decdc9d,71c9a6fc-0538-4533-af51-f7c9defe7770.rna_seq.augmented_star_gene_counts.tsv,90eefb33-6808-45c3-9ab1-6eca0decdc9d
TCGA-BRCA,d5adaf35-04b1-4198-b308-f4720b3d6417,TCGA-AR-A0TX,eb166054-ff70-4a86-883b-9c25a7d2b0e5,6cc59c3f-0de5-4232-ab7a-7195a92e7d89.rna_seq.augmented_star_gene_counts.tsv,eb166054-ff70-4a86-883b-9c25a7d2b0e5
TCGA-BRCA,7fa91f3b-34db-41ba-8447-d745eebac2db,TCGA-A8-A06R,fb32f0b1-4fb7-43d5-8091-dc13a1f6d9e8,1d468785-141d-40ca-acb1-d6d85a8c9d7b.rna_seq.augmented_star_gene_counts.tsv,fb32f0b1-4fb7-43d5-8091-dc13a1f6d9e8
TCGA-BRCA,2fd1998c-1ea4-42eb-84b9-db352da9cf25,TCGA-A1-A0SE,f66aace4-01a4-4def-8e71-26d9aaf13d49,9db2f825-0d02-4437-9107-a6b92ef4e2cc.rna_seq.augmented_star_gene_counts.tsv,f66aace4-01a4-4def-8e71-26d9aaf13d49
TCGA-BRCA,46b0a695-f283-4623-a78b-954753e8ee62,TCGA-A2-A0SU,055f6138-ea7a-468d-90c2-87a473486867,43d15c49-f348-48a8-b00f-7f6a7b605a04.rna_seq.augmented_star_gene_counts.tsv,055f6138-ea7a-468d-90c2-87a473486867
TCGA-BRCA,ca459603-f477-4ff4-9d47-902b3cbad196,TCGA-EW-A1IZ,9c55de9c-a13e-4772-9a5d-4cde38f75cf3,9899646e-d5be-4429-a7f2-0251bed9721d.rna_seq.augmented_star_gene_counts.tsv,9c55de9c-a13e-4772-9a5d-4cde38f75cf3
TCGA-BRCA,a4c6b7c7-739f-42e9-a9e0-9b59f1503f16,TCGA-OL-A5D6,ff5f8ada-17c5-497e-9182-63a05e3ab4c5,64b12ba7-a481-4fdb-9c74-38c94c7ef3c9.rna_seq.augmented_star_gene_counts.tsv,ff5f8ada-17c5-497e-9182-63a05e3ab4c5
TCGA-BRCA,08f10bb1-6dd4-4f36-86a3-1801f9762187,TCGA-AC-A2QI,d2e2915c-125e-45c6-b7f3-6a815b3d2859,96a45a70-d4b5-4090-b603-73b7379679d6.rna_seq.augmented_star_gene_counts.tsv,d2e2915c-125e-45c6-b7f3-6a815b3d2859
TCGA-BRCA,fe3921db-1691-432f-b7fa-703ae8d7bfd2,TCGA-AO-A129,bdef0c66-0755-4581-b813-87c8512754ba,2e36839f-3155-4e05-9ed3-404522fdb04f.rna_seq.augmented_star_gene_counts.tsv,bdef0c66-0755-4581-b813-87c8512754ba
TCGA-BRCA,2ee13ed0-cb80-4375-a329-91ff9904bb7c,TCGA-BH-A0EE,7b188e2a-4a56-49f9-b527-cd61a646f6c7,cd215363-3f4a-4928-9dbb-60735f4c27ce.rna_seq.augmented_star_gene_counts.tsv,7b188e2a-4a56-49f9-b527-cd61a646f6c7
TCGA-BRCA,d43f3908-db7e-4064-b245-9e7ae83a47cc,TCGA-B6-A0RQ,5fcd0660-3e77-4a56-af19-01045301708c,60e5b5de-ba65-46c7-82ee-8181628f0cbd.rna_seq.augmented_star_gene_counts.tsv,5fcd0660-3e77-4a56-af19-01045301708c
TCGA-BRCA,83b570a5-08c5-4f5e-9fb3-47d1d33e8f7b,TCGA-AR-A0TZ,9765934d-d954-485c-abfe-b9db59f18193,956570e5-7ed4-4d17-a830-f1bc67a7af15.rna_seq.augmented_star_gene_counts.tsv,9765934d-d954-485c-abfe-b9db59f18193
TCGA-BRCA,6f1fc322-359b-49fd-ac0d-cc7626f52604,TCGA-A7-A6VY,9f06e9cd-8184-4b66-a2e0-96da9a7159e8,352ec91a-6c0a-4d6e-b6bd-4237f5eebde9.rna_seq.augmented_star_gene_counts.tsv,9f06e9cd-8184-4b66-a2e0-96da9a7159e8
TCGA-BRCA,3447bdbf-5177-451e-bb93-736153ea76a9,TCGA-AC-A3YJ,6d17023b-03fd-4e66-9c7e-72395f09e87f,4591685a-dc4c-4049-aced-8278c715c890.rna_seq.augmented_star_gene_counts.tsv,6d17023b-03fd-4e66-9c7e-72395f09e87f
TCGA-BRCA,1e20ead6-a07f-4f0d-962a-a3a240722fb6,TCGA-EW-A1J6,d7e1d1f4-3189-401d-91dc-048ab13ce5df,7ca1746b-d6cc-4207-b1ed-738520928744.rna_seq.augmented_star_gene_counts.tsv,d7e1d1f4-3189-401d-91dc-048ab13ce5df
TCGA-BRCA,7a1381f5-7106-4618-884b-7e269f003e19,TCGA-AO-A126,3841a099-bf19-4891-9b12-5db1d699e922,c2628a29-fe4e-493b-a324-ed402ad54a26.rna_seq.augmented_star_gene_counts.tsv,3841a099-bf19-4891-9b12-5db1d699e922
TCGA-BRCA,79fc9ed3-4e96-4c0e-869e-1756cbdabb39,TCGA-A7-A13D,25352bc8-c94c-4542-a7da-d4423adf72cf,1e742dad-8e44-452a-bf2b-9b8ae1ed8bb2.rna_seq.augmented_star_gene_counts.tsv,25352bc8-c94c-4542-a7da-d4423adf72cf
TCGA-BRCA,b4402906-2bfa-4b75-b479-4e660556fbe5,TCGA-D8-A1X8,18022491-5c13-4a17-aed9-ea85e1088267,5a1c17e7-53a2-472a-b4de-8f60522a8c6e.rna_seq.augmented_star_gene_counts.tsv,18022491-5c13-4a17-aed9-ea85e1088267
TCGA-COAD,a172cf89-8820-4a84-97ef-6731e7ae71e2,TCGA-AA-3715,982c34fb-e9cb-47b3-841a-850ad949cf41,02faba9d-8eda-4967-995d-61a0c13b843c.rna_seq.augmented_star_gene_counts.tsv,982c34fb-e9cb-47b3-841a-850ad949cf41
TCGA-COAD,c1ea307f-cf39-4b09-8185-da56c37ce0d9,TCGA-AA-3860,df5f2430-dabe-4f19-bf81-379b46233ab4,6f043250-acea-4315-8400-a172214c84c7.rna_seq.augmented_star_gene_counts.tsv,df5f2430-dabe-4f19-bf81-379b46233ab4
TCGA-COAD,77abfd72-97d2-4abd-8633-99bedfffbe1d,TCGA-AA-3814,c679154e-df11-4b05-9584-76437286d2ee,185b401a-bdc4-46b9-b2a5-7a66938f28f2.rna_seq.augmented_star_gene_counts.tsv,c679154e-df11-4b05-9584-76437286d2ee
TCGA-COAD,e7891fe7-c65c-4b08-b2a0-71b72cf78eeb,TCGA-AA-A024,4167d62e-8d12-4cba-9198-157975a8ea25,367ce5cb-52f9-4c87-aaa3-2808fca08bef.rna_seq.augmented_star_gene_counts.tsv,4167d62e-8d12-4cba-9198-157975a8ea25
TCGA-COAD,4e4f7bec-56af-4888-b40b-a33218b010e8,TCGA-AA-3516,9ade3932-9032-46d6-8171-c34a0dc51fce,8f1213be-da41-4cd6-97b2-f9fce1ea00ff.rna_seq.augmented_star_gene_counts.tsv,9ade3932-9032-46d6-8171-c34a0dc51fce
TCGA-COAD,f10f139d-1d7f-4923-8129-f103f5d3163b,TCGA-A6-2682,d6af00a8-d733-4788-aaf4-8522479eba2d,d25af392-21ad-4aa6-8669-34656bf71af5.rna_seq.augmented_star_gene_counts.tsv,d6af00a8-d733-4788-aaf4-8522479eba2d
TCGA-COAD,2e058edb-ab27-4016-9240-1dc9e103894b,TCGA-G4-6314,456e94a2-2a07-426c-9857-3d71647393a9,f825534d-5882-4efe-a32e-af56741854f6.rna_seq.augmented_star_gene_counts.tsv,456e94a2-2a07-426c-9857-3d71647393a9
TCGA-COAD,913fecc1-d660-473e-bee1-366644b4077a,TCGA-AA-3524,52defb9b-4d00-4e24-a4ed-7a2742660ac6,8824c0fd-764e-4525-952b-f25efa742772.rna_seq.augmented_star_gene_counts.tsv,52defb9b-4d00-4e24-a4ed-7a2742660ac6
TCGA-COAD,5f925197-6100-4594-9351-99c693981f43,TCGA-AA-3662,becb812a-90b7-4b6f-ad39-5a0b7179b523,7b837bdd-5a59-47f6-a1aa-259142234bd5.rna_seq.augmented_star_gene_counts.tsv,becb812a-90b7-4b6f-ad39-5a0b7179b523
TCGA-COAD,1f10d305-91ee-4008-af7b-a242f4353ec0,TCGA-DM-A285,69ccf4e3-15a5-4e1d-91af-402100e85349,3bc40056-88b6-483c-8701-747eb6e851c4.rna_seq.augmented_star_gene_counts.tsv,69ccf4e3-15a5-4e1d-91af-402100e85349
TCGA-COAD,24241962-662a-45fa-b715-ddba891ade97,TCGA-AA-3562,411ef195-13d2-4c3a-b8df-b3e6150fe73d,d22c9285-50cf-4724-9f81-606fb54c00fc.rna_seq.augmented_star_gene_counts.tsv,411ef195-13d2-4c3a-b8df-b3e6150fe73d
TCGA-COAD,8d529023-abca-4ddc-a265-d5bd1fd48708,TCGA-AA-3976,f22d4282-9230-4dba-bb9a-625367c07c66,8939877c-f889-4da7-b3d5-439000935940.rna_seq.augmented_star_gene_counts.tsv,f22d4282-9230-4dba-bb9a-625367c07c66
TCGA-COAD,2e1b57ad-631a-4f73-92ee-06a1e5c5091f,TCGA-AA-3870,cd3ed542-e30f-46a9-9ad5-51af33188505,007344ca-2cc3-4837-9b44-824040f7ac16.rna_seq.augmented_star_gene_counts.tsv,cd3ed542-e30f-46a9-9ad5-51af33188505
TCGA-COAD,dad24abd-0eb7-4534-a1f2-ebe38ec402f9,TCGA-AD-6548,f723420c-2ff1-4742-a4bb-8f525aaa43a7,6e639239-cdae-4412-880f-ef813a956ff7.rna_seq.augmented_star_gene_counts.tsv,f723420c-2ff1-4742-a4bb-8f525aaa43a7
TCGA-COAD,801b8d05-2d29-4f8c-8d8d-634b2e21b867,TCGA-G4-6307,56b924c9-299d-41a1-b3fb-38586051a26e,63bab58e-1dfd-43df-8188-4b8d766913f3.rna_seq.augmented_star_gene_counts.tsv,56b924c9-299d-41a1-b3fb-38586051a26e
TCGA-COAD,75a6a64e-11f0-41c8-9cba-179ae3333621,TCGA-AA-A00Z,363e9f25-63d0-4b66-bf5e-f2dc1f92b10f,f2937ebc-be3f-4533-a08c-a0767bc2b022.rna_seq.augmented_star_gene_counts.tsv,363e9f25-63d0-4b66-bf5e-f2dc1f92b10f
TCGA-COAD,46728e21-d62b-4588-abf2-8d3b39f00aeb,TCGA-AA-3811,9553502a-98ec-45f8-a597-fc0d0217d2a8,f0944087-afaa-4817-9529-e6e5a8c50ca7.rna_seq.augmented_star_gene_counts.tsv,9553502a-98ec-45f8-a597-fc0d0217d2a8
TCGA-COAD,fdff57a6-2ce6-4b58-9bbe-83c0da7f816c,TCGA-G4-6586,2a9575e3-6fd5-46be-a101-3bbb3ba391e4,213f702a-56fd-4ab0-940c-a71e4e01b6f8.rna_seq.augmented_star_gene_counts.tsv,2a9575e3-6fd5-46be-a101-3bbb3ba391e4
TCGA-COAD,d664f620-cfee-4700-b00e-68b65387883c,TCGA-A6-2680,9e632342-a45b-4bd1-87d1-0e53a32f4c18,26251cd8-7e90-46bb-a025-1328d83c83ee.rna_seq.augmented_star_gene_counts.tsv,9e632342-a45b-4bd1-87d1-0e53a32f4c18
TCGA-COAD,f1b2ca40-f20a-42de-aba2-4f730d7ccc09,TCGA-A6-6781,60ef8c92-dcad-401e-b92e-09a51eb305f2,4925248f-21e2-476e-937c-02e0a748c77b.rna_seq.augmented_star_gene_counts.tsv,60ef8c92-dcad-401e-b92e-09a51eb305f2
TCGA-COAD,a34342d8-c1b5-4043-aaad-23d2c63a5241,TCGA-AA-3712,1035f31d-080e-4a79-ada7-6637ed571ee3,b71da73b-05c2-49e1-85b8-d93980ffe15d.rna_seq.augmented_star_gene_counts.tsv,1035f31d-080e-4a79-ada7-6637ed571ee3
TCGA-COAD,2575e283-a731-45c4-ac86-e6f927c204e7,TCGA-CM-5341,56c23214-8903-47cc-8290-e8bd59f24d11,10013d81-e167-4aa0-b548-5bb359ed403a.rna_seq.augmented_star_gene_counts.tsv,56c23214-8903-47cc-8290-e8bd59f24d11
TCGA-COAD,04dd54d3-e4d1-4c72-860b-20e971609a5a,TCGA-F4-6703,6bf81928-1d79-4e7f-90e2-2ce92d23a889,cadbc884-10b6-41e4-8aee-dc11a1453b8c.rna_seq.augmented_star_gene_counts.tsv,6bf81928-1d79-4e7f-90e2-2ce92d23a889
TCGA-COAD,8aba8350-b5ee-4ca2-bc99-5c7922a886c4,TCGA-AA-A03F,74fdc082-daf5-4254-99a4-56974d59e457,62a2cbf8-51be-469b-978c-bdf386e0d651.rna_seq.augmented_star_gene_counts.tsv,74fdc082-daf5-4254-99a4-56974d59e457
TCGA-COAD,2151dc9e-f76a-4cff-8a20-b7c107d59c27,TCGA-AA-A02O,52ff3499-fd89-4efd-a1d5-aa6400af197a,0ffd0bed-35a4-4fec-9d56-1d4ae5dcb507.rna_seq.augmented_star_gene_counts.tsv,52ff3499-fd89-4efd-a1d5-aa6400af197a
TCGA-COAD,a519f8a7-a83e-4e07-83aa-eed4bcd37266,TCGA-CA-6716,01d414a2-2b77-41e8-8622-98b277f5dc85,8a25dfb0-edd0-4a44-9a6b-8f3f761b940c.rna_seq.augmented_star_gene_counts.tsv,01d414a2-2b77-41e8-8622-98b277f5dc85
TCGA-COAD,f675116a-bfec-47ae-ac24-9b61dd3cc6c1,TCGA-AD-A5EJ,65b264eb-820a-49d1-b02f-00d1171b1544,5ca9ac39-e175-4890-ba6e-9ff4709d3f37.rna_seq.augmented_star_gene_counts.tsv,65b264eb-820a-49d1-b02f-00d1171b1544
TCGA-COAD,698584f0-726b-4a10-bc69-9b4acaed2cef,TCGA-CM-5344,f1ef36b0-4034-486b-bb33-c17be39641c4,7b3b5487-3788-4498-b9a2-0fd77967ad66.rna_seq.augmented_star_gene_counts.tsv,f1ef36b0-4034-486b-bb33-c17be39641c4
TCGA-COAD,198cf746-6749-487f-a097-dd098a70949c,TCGA-CK-4950,a570b2ac-a4ea-439f-a90b-39b84fd4cae0,2c10534e-5fb7-49b0-8f57-584cb31f3a08.rna_seq.augmented_star_gene_counts.tsv,a570b2ac-a4ea-439f-a90b-39b84fd4cae0
TCGA-COAD,346253c0-8e8b-459b-a6d5-03da9586578f,TCGA-QG-A5YX,831c4d7d-ade6-4bc7-b03a-011a16b42f47,fd49c74b-2a85-46cd-aaa0-dbd2f1284947.rna_seq.augmented_star_gene_counts.tsv,831c4d7d-ade6-4bc7-b03a-011a16b42f47
TCGA-COAD,5049aeb6-44d3-4e4a-ad30-5dc99c903039,TCGA-AA-3526,436c03fc-d558-45a2-8c7c-bbf123f0e415,e0464181-da72-4a14-9039-a396843c39f2.rna_seq.augmented_star_gene_counts.tsv,436c03fc-d558-45a2-8c7c-bbf123f0e415
TCGA-COAD,95601410-9608-4dda-ba3f-462be0e8c35f,TCGA-QG-A5Z1,c9d2b1f4-93fc-4841-8575-4ba9aa0b1ed2,544dbca2-f436-4cb7-9e11-572ead91d28d.rna_seq.augmented_star_gene_counts.tsv,c9d2b1f4-93fc-4841-8575-4ba9aa0b1ed2
TCGA-COAD,a111b68c-b45c-4cfc-9733-9dd140e81419,TCGA-A6-6648,0cb4425b-6b54-44ef-8594-f91b3b13d403,680dcf75-8d74-45ca-b1d6-0ef7310e6473.rna_seq.augmented_star_gene_counts.tsv,0cb4425b-6b54-44ef-8594-f91b3b13d403
TCGA-COAD,84353925-7847-4e40-a5a2-c5be6539261f,TCGA-AD-6889,f1c92755-1e8f-4bdb-bcc9-d0c93d0b9467,c6b8ebf0-1000-41c9-9d72-5d0cd07e7255.rna_seq.augmented_star_gene_counts.tsv,f1c92755-1e8f-4bdb-bcc9-d0c93d0b9467
TCGA-COAD,bde9ee05-b6c2-49c7-a1d4-7fa823a087d9,TCGA-D5-6920,aa35c5aa-8435-4269-9891-fac36b6e4928,d4f1cd6e-4a8b-44de-b569-c839eda9f41d.rna_seq.augmented_star_gene_counts.tsv,aa35c5aa-8435-4269-9891-fac36b6e4928
TCGA-COAD,d4d5deb6-6cfb-4e25-9824-8f7dc8d5b451,TCGA-CA-5256,27404c59-9a94-4c61-ac2e-12bc30e12b4a,054d5602-4089-4f34-a667-14c8edbb4167.rna_seq.augmented_star_gene_counts.tsv,27404c59-9a94-4c61-ac2e-12bc30e12b4a
TCGA-COAD,8ec9edae-7252-46c0-ada6-0d7998677aca,TCGA-CM-6170,13048c52-e0c7-4289-b7a3-86e0042f3c7b,d422cd50-9c99-49bb-8a83-988af190126e.rna_seq.augmented_star_gene_counts.tsv,13048c52-e0c7-4289-b7a3-86e0042f3c7b
TCGA-COAD,c5849720-9d9f-4af4-9649-27f7a32ba779,TCGA-SS-A7HO,b2edd86b-860a-4420-9be8-a19d0405f6b0,2595272f-8c61-4020-b1b4-a7ff38dbc5b6.rna_seq.augmented_star_gene_counts.tsv,b2edd86b-860a-4420-9be8-a19d0405f6b0
TCGA-COAD,353ef4f3-1c2e-4f6c-a6c9-2e4404c62efe,TCGA-CK-4947,e8890508-2f98-460e-91f6-b03e3e213823,39857506-1b61-498b-aee6-b8d80f66db1b.rna_seq.augmented_star_gene_counts.tsv,e8890508-2f98-460e-91f6-b03e3e213823
TCGA-COAD,f954eaaa-3a62-4fe9-8568-ad2386548edd,TCGA-CM-6675,3530cc00-2ddb-42ad-98b7-997310495567,bf5f606f-17ae-46bb-b687-7863ab3d97b1.rna_seq.augmented_star_gene_counts.tsv,3530cc00-2ddb-42ad-98b7-997310495567
TCGA-COAD,0c4daf52-cc9f-4099-8825-33c484ced5b1,TCGA-AZ-4614,b18dafa7-46e3-45da-ba05-c9941305056e,2cf34da3-fe4b-42b4-bd32-9bf8930b6054.rna_seq.augmented_star_gene_counts.tsv,b18dafa7-46e3-45da-ba05-c9941305056e
TCGA-COAD,ed37a5c0-341c-4ecc-8fb8-4b705e76e2af,TCGA-A6-A567,aa12b89c-6964-4602-9455-07c2be1f2762,ca7ac1e1-4c44-40a5-8094-eeebc0c2c5a2.rna_seq.augmented_star_gene_counts.tsv,aa12b89c-6964-4602-9455-07c2be1f2762
TCGA-COAD,45dc6d68-be3d-4955-954c-46bf948054f4,TCGA-A6-4107,04981c65-5d1e-4ced-bfd0-8db2e078b5c2,4bafe83e-072c-4042-bd3d-5f108391ed89.rna_seq.augmented_star_gene_counts.tsv,04981c65-5d1e-4ced-bfd0-8db2e078b5c2
TCGA-COAD,5673c112-6eb1-41b3-a797-c9ffff67632c,TCGA-D5-6932,65f0fed3-8b9c-4f73-9fad-78c9f2f5b7d3,3a957f25-6238-495b-97a8-383d1d89c411.rna_seq.augmented_star_gene_counts.tsv,65f0fed3-8b9c-4f73-9fad-78c9f2f5b7d3
TCGA-COAD,076808f3-1a00-4c82-bfa3-91a325f1e73c,TCGA-CK-5915,e929b260-859e-4e7f-b93c-bb8f966b92d5,a82c207a-ac59-48cf-9bbf-13ff024e3f95.rna_seq.augmented_star_gene_counts.tsv,e929b260-859e-4e7f-b93c-bb8f966b92d5
TCGA-COAD,0b30934d-0c35-41a1-8a1c-8c5f6a9774d9,TCGA-CM-6171,ccadeefd-7561-47b7-b58a-e09f688c65e4,8e357f45-e258-4685-91f6-1da2d0be4fc1.rna_seq.augmented_star_gene_counts.tsv,ccadeefd-7561-47b7-b58a-e09f688c65e4
TCGA-COAD,be4bb915-7700-43e8-a640-ad77faf54f41,TCGA-AA-3679,a761bdb6-4b37-46aa-8d37-11ead152b70f,d837c3e6-ef78-42a0-8a39-c57d48bc7c3a.rna_seq.augmented_star_gene_counts.tsv,a761bdb6-4b37-46aa-8d37-11ead152b70f
TCGA-COAD,7a775f5c-32e5-4d88-b647-e1326ab369fd,TCGA-CA-5254,b372b1ae-2345-4243-8bcd-47388289559f,6a7c5b76-1910-4698-a3b7-3ddf78d6fd87.rna_seq.augmented_star_gene_counts.tsv,b372b1ae-2345-4243-8bcd-47388289559f
TCGA-COAD,82e7493d-1346-4598-91c9-a5582b337c21,TCGA-D5-6930,02033780-6bc1-407d-bd0f-45b6d74ae87b,c174e0ae-4b0a-4170-9122-b7da8ec61eac.rna_seq.augmented_star_gene_counts.tsv,02033780-6bc1-407d-bd0f-45b6d74ae87b
TCGA-COAD,b35229f7-d11e-4357-ab86-53e9a5867f55,TCGA-F4-6704,5e7e2b3e-93f5-4a3f-b1d2-f9e0f58ef87f,8aaaa253-87d2-4292-aeb2-1b207b71abef.rna_seq.augmented_star_gene_counts.tsv,5e7e2b3e-93f5-4a3f-b1d2-f9e0f58ef87f
TCGA-COAD,89811300-8202-4a82-8353-5b2b2b2ecfd4,TCGA-AZ-4615,c403bbb5-2dae-4004-a088-acfc29bca2d2,e5ae4a47-9a0d-4a70-a7be-40bddeb3d017.rna_seq.augmented_star_gene_counts.tsv,c403bbb5-2dae-4004-a088-acfc29bca2d2
TCGA-COAD,258dd9ce-a865-44d8-a665-f52f3cd368c1,TCGA-D5-6536,806a4d03-fc17-4f66-9a1f-712b56695fff,632ac2fc-e387-461f-97e2-bc72b1c9ffe4.rna_seq.augmented_star_gene_counts.tsv,806a4d03-fc17-4f66-9a1f-712b56695fff
TCGA-COAD,a04e922f-f436-45ae-ad28-5cdf9d351c3a,TCGA-F4-6855,75e037bd-db2c-4b8c-ae76-aed6ecbe380c,7900174d-af00-444f-a5b2-226a45f7e76a.rna_seq.augmented_star_gene_counts.tsv,75e037bd-db2c-4b8c-ae76-aed6ecbe380c
TCGA-COAD,8aca008c-f55a-420a-82c7-acd2cca77d85,TCGA-A6-2674,d84aa7f4-7210-4121-9e4a-e6000d30ff90,cd10f4f7-d92b-4152-8595-332686e4605a.rna_seq.augmented_star_gene_counts.tsv,d84aa7f4-7210-4121-9e4a-e6000d30ff90
TCGA-COAD,8aca008c-f55a-420a-82c7-acd2cca77d85,TCGA-A6-2674,c24b2096-358b-417f-9c1f-23c3a51c3bf9,5ba3bbfe-f08c-437f-87d3-351b772ced02.rna_seq.augmented_star_gene_counts.tsv,c24b2096-358b-417f-9c1f-23c3a51c3bf9
TCGA-COAD,bfc99c6d-7791-4037-9c74-a74be68e616a,TCGA-AA-A01T,fdceffa7-a393-45e6-98f2-f3292d1a38ea,47661ed9-5c0e-442d-b072-3da8b14fab02.rna_seq.augmented_star_gene_counts.tsv,fdceffa7-a393-45e6-98f2-f3292d1a38ea
TCGA-COAD,3d753b5b-8e33-4307-9321-e4ad4821f3bf,TCGA-QG-A5Z2,ebe82d8c-d8d1-4938-a9e5-9ef562c07367,1f1b77a0-a237-47d7-b672-320c327517a3.rna_seq.augmented_star_gene_counts.tsv,ebe82d8c-d8d1-4938-a9e5-9ef562c07367
TCGA-COAD,1f464f7c-dc4d-4dc2-8623-55233b9f994d,TCGA-AU-3779,aac08efd-3649-4b78-bb52-420b3e99b8e6,30fdca7b-ecb1-4096-b2d2-41831f283ae1.rna_seq.augmented_star_gene_counts.tsv,aac08efd-3649-4b78-bb52-420b3e99b8e6
TCGA-COAD,f793e6b4-c9b9-45b5-8ebb-d151dbc7508e,TCGA-AA-3667,8165c64e-bff2-41f1-9ab7-a90beb4430de,1c3d6580-0dc8-4346-a4f7-0bb404d4a245.rna_seq.augmented_star_gene_counts.tsv,8165c64e-bff2-41f1-9ab7-a90beb4430de
TCGA-COAD,d448668c-90f3-40fa-9961-88407090da31,TCGA-AA-3664,699928b7-738d-44a8-bbcf-a8e58c34112f,5b217223-8b43-47b6-a694-c808b643c3c3.rna_seq.augmented_star_gene_counts.tsv,699928b7-738d-44a8-bbcf-a8e58c34112f
TCGA-COAD,f1064663-1462-4901-8bf7-9f50da5ee7b1,TCGA-AA-3666,7672438d-3825-4b67-90fa-68364b42360c,5ffcc7c5-661f-4eed-b5e6-ed158c668321.rna_seq.augmented_star_gene_counts.tsv,7672438d-3825-4b67-90fa-68364b42360c
TCGA-COAD,ad9a1a30-a318-4e58-96b3-7d76ab3b6e5d,TCGA-AA-3930,5cef1d55-a86c-4d5d-aa97-f52a7ec31b06,9a1be9ca-1641-4eac-beb9-3b54ec277a7c.rna_seq.augmented_star_gene_counts.tsv,5cef1d55-a86c-4d5d-aa97-f52a7ec31b06
TCGA-COAD,6f0e65b2-7ca0-4f10-8952-b64900009001,TCGA-AZ-4308,5df60bd2-914b-45bb-98eb-d3a188972e84,9c8140ab-454c-4f62-aa6e-d1cfe4e498e0.rna_seq.augmented_star_gene_counts.tsv,5df60bd2-914b-45bb-98eb-d3a188972e84
TCGA-COAD,afc23299-5975-4ed8-b9f1-7b8fef14384b,TCGA-CK-5913,7b6985b9-fa94-42c7-9590-48ad6e2e7114,4c8b5d7c-d82b-4504-9b9e-3946ca14251e.rna_seq.augmented_star_gene_counts.tsv,7b6985b9-fa94-42c7-9590-48ad6e2e7114
TCGA-COAD,46fb1711-e385-49a4-bf15-7990123cbe6b,TCGA-AA-A010,c476e501-9bad-43b1-8a9a-393b06dcefb3,d26edfd0-8a93-4c98-8567-05b997eb2ea6.rna_seq.augmented_star_gene_counts.tsv,c476e501-9bad-43b1-8a9a-393b06dcefb3
TCGA-COAD,7cc80938-e5a3-4bfb-a988-e4c876894bcf,TCGA-A6-2675,791f56f1-2e3c-42a1-bead-fe38e9000eae,1b192a49-01cb-4459-a7a7-fdebe428f386.rna_seq.augmented_star_gene_counts.tsv,791f56f1-2e3c-42a1-bead-fe38e9000eae
TCGA-COAD,1fcb9c83-18cb-42a4-8769-fddb3541c95d,TCGA-A6-2679,24678a85-dba7-4e0f-8ba8-feeb0652681c,131e315e-6653-4199-b653-42b81644dad9.rna_seq.augmented_star_gene_counts.tsv,24678a85-dba7-4e0f-8ba8-feeb0652681c
TCGA-COAD,8824fcd3-242a-47a9-933e-632d5531bd6c,TCGA-AD-5900,286a49e7-8f49-4f1e-8d08-fad8337d707f,d9935be8-da1b-4a18-9d5d-215d709147f1.rna_seq.augmented_star_gene_counts.tsv,286a49e7-8f49-4f1e-8d08-fad8337d707f
TCGA-COAD,7ce1f7c4-c7b2-4a2f-a3f1-b96bef4f6b63,TCGA-5M-AAT4,f0454026-bc1e-4f6b-ba65-645a1a126298,064ec215-7600-4e5d-be51-e757284f3e54.rna_seq.augmented_star_gene_counts.tsv,f0454026-bc1e-4f6b-ba65-645a1a126298
TCGA-COAD,729a801d-5238-4020-bbff-73eaaa3a36d0,TCGA-AA-A00E,cd7ab148-0328-4e3d-8874-5808ae0d9fc2,385264e6-e205-4fc5-a0e2-5fd9bdcd8d01.rna_seq.augmented_star_gene_counts.tsv,cd7ab148-0328-4e3d-8874-5808ae0d9fc2
TCGA-COAD,bfe81d9d-12ec-4296-a498-811b8a6305d1,TCGA-AA-A01F,d343ce81-b7e8-4fe8-97a9-8dc632dd7b5d,8a0acec7-896e-4c91-8ce7-dc64de45b53d.rna_seq.augmented_star_gene_counts.tsv,d343ce81-b7e8-4fe8-97a9-8dc632dd7b5d
TCGA-COAD,133c13de-6c6b-45e2-a611-a5c5a4aebaa6,TCGA-AA-A01P,9c7aace8-8a77-41a5-914a-cc5f9917053b,ea0e56e4-d9e3-44a2-9bdb-2e98554f6bff.rna_seq.augmented_star_gene_counts.tsv,9c7aace8-8a77-41a5-914a-cc5f9917053b
TCGA-COAD,73e8948f-809c-4fb4-8174-caaa7f202f76,TCGA-DM-A288,7ff69d62-5ae1-4e06-9b38-6f416466ec70,74f8dc07-b42e-46a4-954f-a36d7bf664d3.rna_seq.augmented_star_gene_counts.tsv,7ff69d62-5ae1-4e06-9b38-6f416466ec70
TCGA-COAD,0b6dfffe-43c7-47a7-82aa-fd9f7dec0f13,TCGA-AY-5543,53b142d5-e3b6-48ba-b8a0-44a385b2e153,c340b651-bd01-4194-a67b-e801d0feeb2b.rna_seq.augmented_star_gene_counts.tsv,53b142d5-e3b6-48ba-b8a0-44a385b2e153
TCGA-COAD,57733d46-9726-4cc0-825f-77185bc7bea9,TCGA-AA-3495,17721431-150a-4fee-bfbe-b20a969f67a7,c7aea5a2-5772-4475-8ca6-326193eeb69e.rna_seq.augmented_star_gene_counts.tsv,17721431-150a-4fee-bfbe-b20a969f67a7
TCGA-COAD,0f5128f0-8b2d-45cf-858b-5cd4147ae689,TCGA-DM-A1D0,78995174-28fa-4661-ad02-3e5bbaeac2c2,f8d9864e-e148-4e60-9d9d-3df2897050cd.rna_seq.augmented_star_gene_counts.tsv,78995174-28fa-4661-ad02-3e5bbaeac2c2
TCGA-COAD,69125f72-2011-4b8a-a450-1eae83b74266,TCGA-G4-6303,6e5674d0-9fae-4eff-9a46-ba1143f3dcf4,90407c8f-6193-45c7-9f29-0783aeeab94d.rna_seq.augmented_star_gene_counts.tsv,6e5674d0-9fae-4eff-9a46-ba1143f3dcf4
TCGA-COAD,1cdee84f-33d8-4836-b569-5b157aec38e5,TCGA-AM-5820,9c1722f7-0125-48c9-9951-71d7729d951a,4b6234cb-85ed-43bf-8eba-e26c7d0c1133.rna_seq.augmented_star_gene_counts.tsv,9c1722f7-0125-48c9-9951-71d7729d951a
TCGA-COAD,cd96dee2-5b44-4014-bfbd-4358a461497e,TCGA-G4-6293,df89fa3d-9988-495e-836a-8306b66585a3,8494d38e-3017-4624-b482-acf0fc86a916.rna_seq.augmented_star_gene_counts.tsv,df89fa3d-9988-495e-836a-8306b66585a3
TCGA-COAD,1a8e2409-ca0b-4b53-8d28-df63f7942722,TCGA-D5-6898,afc66963-6f8d-4d99-a008-d44065e1cacf,2da96325-01f7-4e52-8d45-b1a5742775f0.rna_seq.augmented_star_gene_counts.tsv,afc66963-6f8d-4d99-a008-d44065e1cacf
TCGA-COAD,74e9942c-3adb-47d1-bd92-f97095865ee1,TCGA-A6-5667,68917e07-a850-4ebb-9ae8-9044cccd023c,2962498a-6b66-4b24-bef2-a409797f9245.rna_seq.augmented_star_gene_counts.tsv,68917e07-a850-4ebb-9ae8-9044cccd023c
TCGA-COAD,115e6be9-dd9a-4137-8a5c-821ff7860a8f,TCGA-F4-6461,2d8aabfb-62cf-4113-8baf-948d1cdc8712,f65f4ed5-9726-4eff-8638-63752686d2c9.rna_seq.augmented_star_gene_counts.tsv,2d8aabfb-62cf-4113-8baf-948d1cdc8712
TCGA-COAD,9ec837eb-3f91-4642-8563-15c725e6424c,TCGA-F4-6460,17d28300-aacf-4723-b21a-87c1fea5d6d1,d7bbb44a-3fe0-4455-99d0-90be213f2a31.rna_seq.augmented_star_gene_counts.tsv,17d28300-aacf-4723-b21a-87c1fea5d6d1
TCGA-COAD,46f8f339-748f-4fcd-aeee-6ead28bc5010,TCGA-D5-6541,3455127d-0c83-4a52-ae3f-750717615d4d,52bfcfee-5de0-4e8f-9f11-7a643858bcb0.rna_seq.augmented_star_gene_counts.tsv,3455127d-0c83-4a52-ae3f-750717615d4d
TCGA-COAD,4d29cf3a-5427-4fb5-8513-803405d4a504,TCGA-AA-3869,6c49d9d6-05ca-4f54-a2a9-332bc90f9641,3f4d7ca5-e07b-4872-bc0b-226eafaf7dcd.rna_seq.augmented_star_gene_counts.tsv,6c49d9d6-05ca-4f54-a2a9-332bc90f9641
TCGA-COAD,a0d03ed1-358a-45ce-a26a-f16d6ffa6050,TCGA-CK-5916,74bac7fb-444d-480c-8a92-8dc427206c2c,4db40a0d-ef66-41de-b993-e722581158dc.rna_seq.augmented_star_gene_counts.tsv,74bac7fb-444d-480c-8a92-8dc427206c2c
TCGA-COAD,de3d658f-5dd9-4f16-9282-e02162ee486c,TCGA-CA-5797,32b62e42-3d6f-4315-aca9-b3718cd9f5b3,e841bc2a-5468-44ca-b9a4-f69475aa89d9.rna_seq.augmented_star_gene_counts.tsv,32b62e42-3d6f-4315-aca9-b3718cd9f5b3
TCGA-COAD,96ca99ae-ae8d-4325-a9b6-4c32d6cbe52c,TCGA-CM-6172,5eb29c68-1645-45ab-8c15-4d09285f4c9e,47b69c13-020e-43d0-ac3c-686acf4932a2.rna_seq.augmented_star_gene_counts.tsv,5eb29c68-1645-45ab-8c15-4d09285f4c9e
TCGA-COAD,08003f93-05c8-40ed-95dc-16abf83b1e43,TCGA-AD-6963,9ef88bb5-07dd-43ce-9bc2-d5fe1167b972,58c2404d-b213-4a7f-a8fc-11081a88091b.rna_seq.augmented_star_gene_counts.tsv,9ef88bb5-07dd-43ce-9bc2-d5fe1167b972
TCGA-COAD,180853ab-cdf4-431a-a88f-9bdf0602a3a9,TCGA-A6-A5ZU,6a8837ae-657f-4892-bbfd-758161967afc,1ab4a652-7fde-4128-ade4-0a1c56eede64.rna_seq.augmented_star_gene_counts.tsv,6a8837ae-657f-4892-bbfd-758161967afc
TCGA-COAD,9f5ad422-c94d-4914-b6f0-071596ecb589,TCGA-NH-A50T,e32dba1a-e823-407a-8030-a1fcea2e906a,fea46737-a2b3-49d4-8358-d0737546b6da.rna_seq.augmented_star_gene_counts.tsv,e32dba1a-e823-407a-8030-a1fcea2e906a
TCGA-COAD,582f2b5d-ed8e-4f78-b116-76ec00bee2d4,TCGA-F4-6808,647ec81e-775b-42ad-bd83-286dfc4f91dd,4fd42f6e-b04a-4726-b35f-a19d17a6e7bb.rna_seq.augmented_star_gene_counts.tsv,647ec81e-775b-42ad-bd83-286dfc4f91dd
TCGA-COAD,5d1d7c40-f636-46c6-9540-4df11a466b15,TCGA-AA-A01Q,b397a5bf-171b-4cd2-9dfe-774f24b5f200,c85dbfa4-b894-4ccb-9b90-94bb2c47cfea.rna_seq.augmented_star_gene_counts.tsv,b397a5bf-171b-4cd2-9dfe-774f24b5f200
TCGA-COAD,cac671b1-b9d0-484b-9add-fd935d4efc93,TCGA-NH-A6GA,2c1b791c-1a1a-4b76-a819-6132bbdd3ed8,d333233b-e431-462b-ae35-c3b4c6ab3a40.rna_seq.augmented_star_gene_counts.tsv,2c1b791c-1a1a-4b76-a819-6132bbdd3ed8
TCGA-COAD,5b5d5baf-0350-4053-9c24-a9ad0f3d06cc,TCGA-AA-3875,bbf14b7d-4875-4ee4-80fe-d76d5b2c3a06,acf70af7-cea9-4620-82c1-d488e7dab8d0.rna_seq.augmented_star_gene_counts.tsv,bbf14b7d-4875-4ee4-80fe-d76d5b2c3a06
TCGA-COAD,81505915-6c01-4299-ae89-964dc20d93cb,TCGA-A6-2671,9afe56f7-2570-4358-8734-5c94e10e83d1,43c9d567-691b-4f12-b083-c6eeeff8e453.rna_seq.augmented_star_gene_counts.tsv,9afe56f7-2570-4358-8734-5c94e10e83d1
TCGA-COAD,baa29aee-e36f-417a-9f72-b70d9c8d47ed,TCGA-DM-A1HA,1661a686-4738-4d21-80ae-65b8bae655e4,82dcf15d-a8d0-43d1-8a6f-914e4656ed46.rna_seq.augmented_star_gene_counts.tsv,1661a686-4738-4d21-80ae-65b8bae655e4
TCGA-COAD,d3daa95a-19b5-4822-bcbe-35ceec12fdf1,TCGA-CM-4747,c1467372-92b2-451e-a45f-42e25c5dcf37,1e82995c-f318-4225-96d4-f1e98bcbf60b.rna_seq.augmented_star_gene_counts.tsv,c1467372-92b2-451e-a45f-42e25c5dcf37
TCGA-COAD,b907ab67-7a44-42a0-a79a-beb625303104,TCGA-CK-5914,34111a2c-5b27-427e-890e-349b9974343c,7cec44f2-b56b-49fc-b2cc-d0691afde776.rna_seq.augmented_star_gene_counts.tsv,34111a2c-5b27-427e-890e-349b9974343c
TCGA-COAD,17cce7e3-9bc7-478d-8cac-9254a1360ddb,TCGA-AA-3982,f71f1d9c-23e1-445f-80d1-455fae13ca09,f71ca79e-f5ef-437a-ab71-b54a2dc71014.rna_seq.augmented_star_gene_counts.tsv,f71f1d9c-23e1-445f-80d1-455fae13ca09
TCGA-COAD,a81e2e72-e4ef-4a72-8338-3e234fe412ff,TCGA-CM-5864,f898b5cb-124c-4725-981a-819f15e87176,fb077311-0732-482b-90a9-2961b2a75bca.rna_seq.augmented_star_gene_counts.tsv,f898b5cb-124c-4725-981a-819f15e87176
TCGA-COAD,0ad869d1-24d5-412b-8058-154b97a65853,TCGA-CK-4948,a2a4b9b5-7d9e-41fa-8d59-6447d62134ea,5a575c2e-b083-4897-87e5-4d2e823bf73f.rna_seq.augmented_star_gene_counts.tsv,a2a4b9b5-7d9e-41fa-8d59-6447d62134ea
TCGA-COAD,e00ba2f0-aa08-4fe7-8868-59affd52eec5,TCGA-AA-3520,53ab9977-2dae-4338-abe2-a0fdde405fff,3e2f2be1-9d8d-4412-92eb-9f3d5c3ea3ef.rna_seq.augmented_star_gene_counts.tsv,53ab9977-2dae-4338-abe2-a0fdde405fff
TCGA-COAD,33754280-57c0-45b7-8f33-984ceb7ddffb,TCGA-RU-A8FL,61fdee26-e30a-4f49-a7f0-d5ceb7c28fd0,64935b9c-623d-40d4-bd89-f2af006b1f92.rna_seq.augmented_star_gene_counts.tsv,61fdee26-e30a-4f49-a7f0-d5ceb7c28fd0
TCGA-COAD,16619d78-3748-466d-a194-ea21fd8fb54c,TCGA-AM-5821,5aa8c49f-b2e7-407a-bfa1-aaff68614f65,fca4c327-dfab-4455-84a8-f890a7326132.rna_seq.augmented_star_gene_counts.tsv,5aa8c49f-b2e7-407a-bfa1-aaff68614f65
TCGA-COAD,4c8c93dd-b680-4b2e-8801-f667b7ab515b,TCGA-AA-A00F,6db2cdc8-d6e2-4cb1-a9f5-ec9b2e13d0cb,a2a777ef-9294-4acf-b489-27bc17272b5e.rna_seq.augmented_star_gene_counts.tsv,6db2cdc8-d6e2-4cb1-a9f5-ec9b2e13d0cb
TCGA-COAD,fe13b56a-9379-4a6f-ba76-3ea8aa5721ce,TCGA-G4-6297,b41c1914-0771-4d0a-b56e-41f712e65bf9,21196229-e39e-4846-be58-a1055b3ae50e.rna_seq.augmented_star_gene_counts.tsv,b41c1914-0771-4d0a-b56e-41f712e65bf9
TCGA-COAD,b2c1658b-a03b-415c-b460-d316a7ef0a9b,TCGA-NH-A8F7,98d93661-14c4-4878-b10d-86c9516bfd24,80680b8f-eec8-4b02-95c4-f133af61943a.rna_seq.augmented_star_gene_counts.tsv,98d93661-14c4-4878-b10d-86c9516bfd24
TCGA-COAD,2ec2a1ce-591e-4e42-8f1a-7dea0b737cf2,TCGA-D5-6929,f9171012-0462-4796-a87b-bdad96cdb9f4,c27efb38-3f6d-4dd1-b591-d2bea872d35f.rna_seq.augmented_star_gene_counts.tsv,f9171012-0462-4796-a87b-bdad96cdb9f4
TCGA-COAD,22f0ccad-11a2-4a4f-81f1-8c1c324ee86a,TCGA-AZ-6607,64f68454-a9e6-4828-a248-31008e115758,94f6e4f5-2447-4f1f-9f36-411f1c25a172.rna_seq.augmented_star_gene_counts.tsv,64f68454-a9e6-4828-a248-31008e115758
TCGA-COAD,d95e1d88-5b39-4a57-a445-abfeb765eaf7,TCGA-A6-6650,fce8e7c5-f4f8-4d2e-8b55-a8a73d5524eb,e356598b-7611-492a-98ed-ef2ec1b77b7a.rna_seq.augmented_star_gene_counts.tsv,fce8e7c5-f4f8-4d2e-8b55-a8a73d5524eb
TCGA-COAD,f409f2bd-ffb1-4c13-a913-5cf348542135,TCGA-AA-3494,c352def2-b28b-45f1-be0e-0fab2671fda2,edfd0bb8-1993-4cee-977e-6ad3de05d72e.rna_seq.augmented_star_gene_counts.tsv,c352def2-b28b-45f1-be0e-0fab2671fda2
TCGA-COAD,9f1e23db-fbf0-42ba-adf3-8a04c6e472e4,TCGA-AA-3488,7c38b66c-f47f-48c5-b707-8562d0030109,a2f13560-4d23-4ef8-8c69-a5b6279d5b21.rna_seq.augmented_star_gene_counts.tsv,7c38b66c-f47f-48c5-b707-8562d0030109
TCGA-COAD,a09abc20-4f93-4130-a23a-8413e6c32fe5,TCGA-AA-A01G,80f240dd-0e19-47f3-a454-60bf0f1e0d71,be971158-ffec-4142-afc3-4ea3164fa86c.rna_seq.augmented_star_gene_counts.tsv,80f240dd-0e19-47f3-a454-60bf0f1e0d71
TCGA-COAD,7b8ece19-62ea-47d9-8541-06e232b4fc51,TCGA-G4-6302,184cc3d2-1c43-4584-9fef-059c8395779a,4f709f4b-3140-47be-b55a-7713062545e9.rna_seq.augmented_star_gene_counts.tsv,184cc3d2-1c43-4584-9fef-059c8395779a
TCGA-COAD,4425892c-8c35-4f6c-b531-1ec510ad19d2,TCGA-A6-A56B,8c0a35ba-ba01-4e11-892f-b38b31d9c483,a9e8922f-fd6c-412d-85f5-40f5ea9b5455.rna_seq.augmented_star_gene_counts.tsv,8c0a35ba-ba01-4e11-892f-b38b31d9c483
TCGA-COAD,bfdf3d03-51aa-41eb-93bf-d39ff501a824,TCGA-CK-6747,3c00f619-f9c3-4747-88bc-359e9ddec812,4dd48c58-cb90-4197-ba50-2aaca555e6d1.rna_seq.augmented_star_gene_counts.tsv,3c00f619-f9c3-4747-88bc-359e9ddec812
TCGA-COAD,5b04ee05-9488-4141-9178-fb0a101492bd,TCGA-CM-6679,0d1e7193-6623-4c34-b3fe-5a7f0a6a9913,3383d8e1-d61d-4346-a589-007ad2829e36.rna_seq.augmented_star_gene_counts.tsv,0d1e7193-6623-4c34-b3fe-5a7f0a6a9913
TCGA-COAD,27bb0162-62e9-42b4-a6fc-e11361987cdf,TCGA-AA-3841,3e022a8d-d2d4-40e2-8119-e1e027fc5f77,80bea63b-bc3a-4999-8c11-a35c92183cd7.rna_seq.augmented_star_gene_counts.tsv,3e022a8d-d2d4-40e2-8119-e1e027fc5f77
TCGA-COAD,eee77960-898b-4e4b-926a-d6782fa9ed83,TCGA-AA-3941,1530ffe4-22f1-40b1-96d8-57f1509a0171,32adc071-1061-45e9-9600-256135f594d9.rna_seq.augmented_star_gene_counts.tsv,1530ffe4-22f1-40b1-96d8-57f1509a0171
TCGA-COAD,a2252651-387d-49b8-947c-f9d1872b5822,TCGA-AZ-5403,907887ee-f97b-4209-b341-d37e17fd1995,c86cd6e5-cb8f-40d1-95ac-2fda1d309808.rna_seq.augmented_star_gene_counts.tsv,907887ee-f97b-4209-b341-d37e17fd1995
TCGA-COAD,1daeeee4-4980-4424-b31a-2f6a8e7d4e55,TCGA-DM-A28E,f8e889d1-f5de-4f1e-af61-ffe68f5e98cd,c698e8a5-cea5-4d25-953b-674cf45b64d5.rna_seq.augmented_star_gene_counts.tsv,f8e889d1-f5de-4f1e-af61-ffe68f5e98cd
TCGA-COAD,c95acbd6-8dd8-49f7-8c0e-8c2aa4f3a72c,TCGA-AZ-6605,4781cfea-da20-42ff-aefe-2eaa168f9e34,c277dab0-361f-4aa6-96b1-522a6e556ae1.rna_seq.augmented_star_gene_counts.tsv,4781cfea-da20-42ff-aefe-2eaa168f9e34
TCGA-COAD,2dfa5bb3-ffde-4614-bb76-d3075819e1a3,TCGA-CM-6163,73c33abd-7906-474e-a086-2adf78c9b7a8,8e33d29d-23c9-48f4-89a2-d0a9b17d0081.rna_seq.augmented_star_gene_counts.tsv,73c33abd-7906-474e-a086-2adf78c9b7a8
TCGA-COAD,a8635b10-cbf2-461b-b459-e82e2aec4589,TCGA-A6-6780,00ae9ab8-6eaa-4085-af72-26f96df97fa3,90c9f8cd-4c8c-4f07-af2f-e17db69bd561.rna_seq.augmented_star_gene_counts.tsv,00ae9ab8-6eaa-4085-af72-26f96df97fa3
TCGA-COAD,a7fdc16c-890d-4676-82bc-5a81c715c73a,TCGA-A6-6780,14eb25f3-a5ea-4589-9fdc-73da9e2ca081,b9389390-aa03-406c-957e-2bc264f9468e.rna_seq.augmented_star_gene_counts.tsv,14eb25f3-a5ea-4589-9fdc-73da9e2ca081
TCGA-COAD,9eefa52f-0f0f-4eb0-9d9a-36bb1a1c4903,TCGA-D5-6538,ac06b430-d5ba-4f7b-b5ba-efa9cef1b798,2e15a781-21c1-421b-9e92-6d2d414e0d14.rna_seq.augmented_star_gene_counts.tsv,ac06b430-d5ba-4f7b-b5ba-efa9cef1b798
TCGA-COAD,289f0934-51f9-4f35-a7d1-c193142e794d,TCGA-NH-A50U,76d995c8-101e-4868-bb25-cf21a01f8642,eb5ad680-6080-41fe-982e-e46f90c3849f.rna_seq.augmented_star_gene_counts.tsv,76d995c8-101e-4868-bb25-cf21a01f8642
TCGA-COAD,383f29d6-7db7-42a3-a2f3-fb69dca65f83,TCGA-D5-6535,5ad58131-d9d3-4ea3-9d04-18cf480e1480,d719788d-0c64-4488-bb84-ab5536d31a03.rna_seq.augmented_star_gene_counts.tsv,5ad58131-d9d3-4ea3-9d04-18cf480e1480
TCGA-COAD,8537633b-6426-4b66-a2a3-fa942eedf01b,TCGA-AA-A02Y,2dea7278-7221-43e6-bf22-713777beb618,4769f22f-eeaf-4108-9555-55cc5d6ae27b.rna_seq.augmented_star_gene_counts.tsv,2dea7278-7221-43e6-bf22-713777beb618
TCGA-COAD,02981f5d-786d-4bc8-9449-cede512502bc,TCGA-5M-AATE,5e55a9e0-4235-48eb-8f74-0c1cdeeaf4d5,b3c0ffda-f298-45dd-b494-191788cb7013.rna_seq.augmented_star_gene_counts.tsv,5e55a9e0-4235-48eb-8f74-0c1cdeeaf4d5
TCGA-COAD,44e7b873-77d5-463c-91d2-cea206ee4391,TCGA-CM-6677,0da581b5-c86b-4b79-95b8-6633e7246e3f,88d93a8f-77d0-44e0-a58e-19f2c546afcf.rna_seq.augmented_star_gene_counts.tsv,0da581b5-c86b-4b79-95b8-6633e7246e3f
TCGA-COAD,559a6934-457d-44c7-a418-dff196995fcf,TCGA-CK-6746,4f90b784-1d8c-4dca-9302-712127ce6a9f,77f39159-497c-47a0-bc8a-fb05dcd1826b.rna_seq.augmented_star_gene_counts.tsv,4f90b784-1d8c-4dca-9302-712127ce6a9f
TCGA-COAD,57267a5a-de07-49eb-8021-91f2c3aa8e44,TCGA-CM-5348,245c9ca4-50f5-4855-8a44-5bde3f482b8b,4108a871-c064-4537-9331-e59798d7d492.rna_seq.augmented_star_gene_counts.tsv,245c9ca4-50f5-4855-8a44-5bde3f482b8b
TCGA-COAD,71e604ba-4ebd-44e9-84bf-5ef09c37bb67,TCGA-F4-6806,6b113154-5a0d-445a-8c5f-dc36d102ef12,b483502d-4e7f-46ff-b0f2-e35c51047efb.rna_seq.augmented_star_gene_counts.tsv,6b113154-5a0d-445a-8c5f-dc36d102ef12
TCGA-COAD,bc08b757-ed0a-44c0-88cd-85496bb72a75,TCGA-AA-3518,2c15e60c-1190-4bcd-88df-d0707d737a17,7c8246a6-3f2c-42e1-b09f-959cfbf7fd5a.rna_seq.augmented_star_gene_counts.tsv,2c15e60c-1190-4bcd-88df-d0707d737a17
TCGA-COAD,7da8a1f1-5a85-4bdf-a9c4-6fe98bce5923,TCGA-D5-6924,47b78d42-09f6-4191-a62f-8671c69f29a7,5943bf89-bad2-4461-8d80-7f9481810257.rna_seq.augmented_star_gene_counts.tsv,47b78d42-09f6-4191-a62f-8671c69f29a7
TCGA-COAD,abff22c2-1021-4d1f-872e-2380a375f98f,TCGA-A6-6142,a906629e-77fa-4444-b275-b7ae6074ecec,6b548699-9440-4acc-86b6-faeb367454a2.rna_seq.augmented_star_gene_counts.tsv,a906629e-77fa-4444-b275-b7ae6074ecec
TCGA-COAD,2fdc7232-2319-49cf-ac47-695523741558,TCGA-AA-3864,858726eb-4770-4a63-ab51-39aa93b449f6,feccc57b-a987-4dd7-babf-1a8982bd64cc.rna_seq.augmented_star_gene_counts.tsv,858726eb-4770-4a63-ab51-39aa93b449f6
TCGA-COAD,14eb006d-42b2-4765-9dc2-b96f9aa03c10,TCGA-CM-4743,d3e953a0-3907-4c8d-bcf7-27767ef1e2d5,99b069de-d4dd-4c9b-89c3-8b50a59ea334.rna_seq.augmented_star_gene_counts.tsv,d3e953a0-3907-4c8d-bcf7-27767ef1e2d5
TCGA-COAD,f80aef75-2b96-4085-b388-fab93485f809,TCGA-DM-A1DB,d2aee6c3-29d3-44ef-96a5-b0a2d23dcec5,24975492-6b9f-445b-9f6b-daee2f8363d3.rna_seq.augmented_star_gene_counts.tsv,d2aee6c3-29d3-44ef-96a5-b0a2d23dcec5
TCGA-COAD,05711fa9-46f4-43fd-a293-4969790f1004,TCGA-A6-5657,a1efa511-8c27-4eae-b3f0-aebacbf7df85,f3781318-56be-4a43-b72d-a6bb65ef9a88.rna_seq.augmented_star_gene_counts.tsv,a1efa511-8c27-4eae-b3f0-aebacbf7df85
TCGA-COAD,d52f3d05-1850-473e-8e1e-ab2b4f88af2a,TCGA-AA-A00N,1dba29d2-d9fc-41e2-8bbb-74e5573775b0,841ae9cb-ae41-46f9-84ae-03c99fd4e6dd.rna_seq.augmented_star_gene_counts.tsv,1dba29d2-d9fc-41e2-8bbb-74e5573775b0
TCGA-COAD,91bec9df-1d87-41e0-81f0-7b7b33a8a72a,TCGA-A6-2685,fbba778e-fd6d-4da5-a0b2-99d7dcc047d6,45b4921e-fce7-41f8-bb63-ed98343ceec8.rna_seq.augmented_star_gene_counts.tsv,fbba778e-fd6d-4da5-a0b2-99d7dcc047d6
TCGA-COAD,ce97b1c6-7a17-4cd3-888d-b55e4e585459,TCGA-DM-A282,a35a1dfa-f6f1-486d-9e6a-72658918f06f,725c9ca0-31db-4dda-ac6d-9be7565e7cfe.rna_seq.augmented_star_gene_counts.tsv,a35a1dfa-f6f1-486d-9e6a-72658918f06f
TCGA-COAD,6a3170a2-0064-44eb-a247-4712d6a85c9b,TCGA-F4-6805,f8903180-77d4-4d01-aeaf-a48fdc48db7d,aad90266-d469-4986-b260-d0df4c2f48e7.rna_seq.augmented_star_gene_counts.tsv,f8903180-77d4-4d01-aeaf-a48fdc48db7d
TCGA-COAD,c48314ee-c778-4b82-8e5a-4923df4c8413,TCGA-AD-A5EK,dff97726-0d19-4c0e-bb91-009f543fb5e2,02c0aa6a-a7ea-4606-8449-7437df54802c.rna_seq.augmented_star_gene_counts.tsv,dff97726-0d19-4c0e-bb91-009f543fb5e2
TCGA-COAD,b85efaf6-8cb4-4929-b29e-4655c107f61a,TCGA-A6-5656,08872f38-d20f-4610-898c-aff8fe15bfe2,ed8896f8-24ef-43a4-ace6-ed9353bd11c2.rna_seq.augmented_star_gene_counts.tsv,08872f38-d20f-4610-898c-aff8fe15bfe2
TCGA-COAD,b85efaf6-8cb4-4929-b29e-4655c107f61a,TCGA-A6-5656,7f04a807-65ac-4a97-a367-363334a28170,544499d8-b5a8-4ed8-ae99-6f7a504530e7.rna_seq.augmented_star_gene_counts.tsv,7f04a807-65ac-4a97-a367-363334a28170
TCGA-COAD,0230996e-7ee3-4360-a790-fb420d0b60ba,TCGA-A6-5656,90b8a6ce-af5d-48ec-8d64-6642b0882598,d1447a31-64bb-4e70-ae50-eeff7a605f38.rna_seq.augmented_star_gene_counts.tsv,90b8a6ce-af5d-48ec-8d64-6642b0882598
TCGA-COAD,0d1b5f70-169a-415f-93f3-efe0ccc0e4c7,TCGA-CM-6165,01947597-c83a-4c5d-8a45-f1fe27992ad5,8ee55a63-4e87-4c00-8012-4c87efdcb7ed.rna_seq.augmented_star_gene_counts.tsv,01947597-c83a-4c5d-8a45-f1fe27992ad5
TCGA-COAD,1a058e77-7c20-4f50-ac89-185067ea7437,TCGA-D5-6533,b0595fa6-6c48-4add-b4b7-69c6425bf780,d1d0621d-c3d5-4162-bd79-8c1f71a140ef.rna_seq.augmented_star_gene_counts.tsv,b0595fa6-6c48-4add-b4b7-69c6425bf780
TCGA-COAD,b1399cb9-c870-4c6d-9afe-a85435437ef6,TCGA-AA-A00W,6934650e-c547-452e-a953-54b7ee4177ec,ba75fc37-5d69-42b3-911e-1d6d4b0bd881.rna_seq.augmented_star_gene_counts.tsv,6934650e-c547-452e-a953-54b7ee4177ec
TCGA-COAD,c24759f8-566b-42da-a26d-bb0bf51ee15f,TCGA-A6-2683,94f29a8c-1dcb-44ff-a96b-e9267ec84347,299f36bd-d9fd-41f5-8a29-3382e147a14f.rna_seq.augmented_star_gene_counts.tsv,94f29a8c-1dcb-44ff-a96b-e9267ec84347
TCGA-COAD,a3674348-7d0c-4d1a-b825-a335f79a4b79,TCGA-DM-A28C,25c967af-093f-4668-a60a-d852c22c1bce,68fda9a5-c6eb-4445-91f7-bd0078080b9d.rna_seq.augmented_star_gene_counts.tsv,25c967af-093f-4668-a60a-d852c22c1bce
TCGA-COAD,f5acd8b8-32c4-4f3c-aacd-259f8e1fdfee,TCGA-DM-A28G,b33612a7-64eb-4a55-8460-6a562c880c55,8fba9293-e3f1-41ef-b79e-499a02826174.rna_seq.augmented_star_gene_counts.tsv,b33612a7-64eb-4a55-8460-6a562c880c55
TCGA-KICH,8b8e41d9-a771-4229-b50e-0a946ae7df37,TCGA-KL-8339,b95cabf1-0dbc-4d01-a96d-2fca57ad32ce,07a1c477-d35e-4875-8059-c7f4f5e740ce.rna_seq.augmented_star_gene_counts.tsv,b95cabf1-0dbc-4d01-a96d-2fca57ad32ce
TCGA-KICH,e1d3ee37-402b-4727-8e27-b797d42f46ba,TCGA-KM-8639,cf934cea-bc57-4b8f-937d-3dbf867e83a4,bd08a087-4ab1-4785-9ce5-f652df907154.rna_seq.augmented_star_gene_counts.tsv,cf934cea-bc57-4b8f-937d-3dbf867e83a4
TCGA-DLBC,c39022a4-18d4-4e06-aa07-06a3aba76aef,TCGA-GR-A4D4,6c65d73c-e711-4a93-8579-bbf7b3b8707b,489c7b06-f0a3-4930-9d3a-f8f91581d434.rna_seq.augmented_star_gene_counts.tsv,6c65d73c-e711-4a93-8579-bbf7b3b8707b
TCGA-DLBC,345d5bc0-057e-4cc1-ac05-f89bf4150830,TCGA-FA-A7DS,03a62cea-3361-4ca1-8d13-faebdd04acf0,6f4e8f95-44f7-41c5-8af9-19212eff36d6.rna_seq.augmented_star_gene_counts.tsv,03a62cea-3361-4ca1-8d13-faebdd04acf0
TCGA-KICH,6c61acb9-f159-4c51-9141-4e148ac7b9b8,TCGA-KL-8336,ad201166-65b3-4363-9efc-423444184522,0ce8a489-d153-4067-bd71-c4bcd53bb7f8.rna_seq.augmented_star_gene_counts.tsv,ad201166-65b3-4363-9efc-423444184522
TCGA-KICH,386c5601-f478-4d33-8909-789e2bfc4d0e,TCGA-KO-8415,8dd0ae16-c0b1-4850-8d9b-4c3f2d4cef57,338fe458-1599-4ab5-a118-ceaaf42ab6fe.rna_seq.augmented_star_gene_counts.tsv,8dd0ae16-c0b1-4850-8d9b-4c3f2d4cef57
TCGA-KICH,545486b9-ef3e-45ad-810a-f4594a2db883,TCGA-KO-8416,0e778a8e-d8eb-4357-aaac-e68f95b795f4,e7298d30-d154-41d1-a962-766996a80c7d.rna_seq.augmented_star_gene_counts.tsv,0e778a8e-d8eb-4357-aaac-e68f95b795f4
TCGA-KICH,c19f21cb-4036-4cc2-9ad5-b805ca7f873c,TCGA-KN-8423,c405ed6b-d3db-4db2-9686-ff8c0a4089b7,df99ecaa-143c-4dbf-91c5-8e3a76c60f74.rna_seq.augmented_star_gene_counts.tsv,c405ed6b-d3db-4db2-9686-ff8c0a4089b7
TCGA-KICH,edf08a41-2ad2-4d1a-b567-5be518a33469,TCGA-KL-8341,fd91e3b8-4749-4e44-967d-725e77080966,6ed354db-ee75-4d04-9411-ace900a64229.rna_seq.augmented_star_gene_counts.tsv,fd91e3b8-4749-4e44-967d-725e77080966
TCGA-KICH,8aa1a5f6-3548-494a-857b-e08124aeb9a9,TCGA-KL-8323,a4b800e3-b6ff-4823-86da-ea9755d88eac,a3bd8e23-8f88-4d92-871e-57878d42048e.rna_seq.augmented_star_gene_counts.tsv,a4b800e3-b6ff-4823-86da-ea9755d88eac
TCGA-KICH,614e4163-7da8-4f77-a58d-405b004be3e0,TCGA-KM-8440,5a0e1d19-c2d4-4cff-9619-db3505383631,d352c6ea-2591-4c94-8603-76a3182d5cb4.rna_seq.augmented_star_gene_counts.tsv,5a0e1d19-c2d4-4cff-9619-db3505383631
TCGA-KICH,e9938c51-8fc6-4ed0-9201-e51c0e943d1f,TCGA-KL-8334,acfdbc5a-2302-4781-b20a-314dfecadb3e,7fc4dd1c-2e19-43fe-a715-a0b1a8afc4c2.rna_seq.augmented_star_gene_counts.tsv,acfdbc5a-2302-4781-b20a-314dfecadb3e
TCGA-KICH,4cea843f-80ae-4284-b70f-8989717eee7c,TCGA-KL-8344,cb2eba77-c85c-4473-a9de-d04366f3b9be,10f8dac1-6fe0-4976-acea-2bf677f1a7c8.rna_seq.augmented_star_gene_counts.tsv,cb2eba77-c85c-4473-a9de-d04366f3b9be
TCGA-KICH,ffe4dfe1-b2fe-448e-8664-8299484fc809,TCGA-KL-8343,936f78b1-ca9b-46f3-849d-0ff10a7e602d,b5ad85fb-d0ea-4cde-aebf-2f3bb3d684dd.rna_seq.augmented_star_gene_counts.tsv,936f78b1-ca9b-46f3-849d-0ff10a7e602d
TCGA-KICH,9ee9498b-54d7-4d35-acf7-45b537b87f9b,TCGA-KL-8329,bceddd9e-bed5-4e4e-a02d-d2eb5333e58f,9fd4e9f0-194f-406e-8470-5c8e2be65164.rna_seq.augmented_star_gene_counts.tsv,bceddd9e-bed5-4e4e-a02d-d2eb5333e58f
TCGA-KICH,415c8373-535f-4cdd-883b-c7bd7ceb426e,TCGA-KO-8405,0e3f97a7-63b5-4d66-bc64-1cfba1a7c32e,2b3f591a-b826-4a4e-999e-1cf50172e56d.rna_seq.augmented_star_gene_counts.tsv,0e3f97a7-63b5-4d66-bc64-1cfba1a7c32e
TCGA-KICH,65256f5d-63a8-49d3-9d76-a3d7e3ddc0e6,TCGA-KN-8419,4e4330da-4f91-4eeb-85ae-007494022471,b5b2aa22-f024-4862-8a88-95d4b2c48c0d.rna_seq.augmented_star_gene_counts.tsv,4e4330da-4f91-4eeb-85ae-007494022471
TCGA-KICH,92b4cc00-e34d-4549-a9aa-d0bb6496900b,TCGA-KO-8408,7f8ab784-42a6-4ab5-ad93-8afec6d40648,1c10a512-7101-4413-97e5-609216ede706.rna_seq.augmented_star_gene_counts.tsv,7f8ab784-42a6-4ab5-ad93-8afec6d40648
TCGA-KICH,f75de9fc-5de8-4cae-b1e1-8c37d1915c17,TCGA-KN-8434,313f5ebe-36bc-45de-84a3-93f8e27563c1,552b8b99-bd4e-4a81-99c8-b603c9678012.rna_seq.augmented_star_gene_counts.tsv,313f5ebe-36bc-45de-84a3-93f8e27563c1
TCGA-KICH,27d2be97-f7fe-4dcc-b57f-33d4e85451b6,TCGA-KN-8436,3edddf65-e0ca-447c-9942-520d03e4b460,5829ce46-68ed-4238-b5f3-c542947fc123.rna_seq.augmented_star_gene_counts.tsv,3edddf65-e0ca-447c-9942-520d03e4b460
TCGA-KICH,05cc0766-7ed0-458e-b1d7-732b632c05a4,TCGA-KN-8437,ac7e275d-e504-486d-a878-9655c1693eda,41832ecf-1f7f-4972-88ac-530548aed119.rna_seq.augmented_star_gene_counts.tsv,ac7e275d-e504-486d-a878-9655c1693eda
TCGA-KICH,85339f51-85c1-4c2e-966e-cde3d0cfac91,TCGA-KN-8430,1db88b1a-ebe4-4500-8549-3e498271147f,3ca2395c-b080-4307-aa99-c101fa435b10.rna_seq.augmented_star_gene_counts.tsv,1db88b1a-ebe4-4500-8549-3e498271147f
TCGA-KICH,abcf54fe-d93e-4c3b-acd0-757cdd6a3d3b,TCGA-KL-8346,65f03629-8dcf-456e-bb00-6cf2b0e40843,3145dfa6-b017-4195-b882-398a272fd3a4.rna_seq.augmented_star_gene_counts.tsv,65f03629-8dcf-456e-bb00-6cf2b0e40843
TCGA-KICH,9e2cdd77-110d-498a-83e8-df2e044303d6,TCGA-KO-8411,44f86a07-70a2-4693-a1a3-99e349a04284,82ecc577-e8b2-47f5-90b3-95b7e0dc9737.rna_seq.augmented_star_gene_counts.tsv,44f86a07-70a2-4693-a1a3-99e349a04284
TCGA-KICH,eea84beb-0f41-4120-a350-6f31ec8712bb,TCGA-KL-8331,d4b49325-b917-4bb6-9813-864c0cec7b0d,0596e754-572d-440d-a7d1-dab5fdfdbcfc.rna_seq.augmented_star_gene_counts.tsv,d4b49325-b917-4bb6-9813-864c0cec7b0d
TCGA-KICH,d6f68966-d6a2-4b24-b1d5-15cb8f4acb8f,TCGA-KN-8418,8c39b6b3-07a1-47a0-8dd9-1b939124ae41,c4aa218a-5c7e-4e98-9bd6-e5269b21f8b5.rna_seq.augmented_star_gene_counts.tsv,8c39b6b3-07a1-47a0-8dd9-1b939124ae41
TCGA-KICH,3751e3f9-c61f-4d5a-8054-b08590539820,TCGA-KO-8410,f66edd9e-0dbe-4273-a64e-b326485350f0,c2d88d54-7eb2-4d9e-8a93-913053ea17d4.rna_seq.augmented_star_gene_counts.tsv,f66edd9e-0dbe-4273-a64e-b326485350f0
TCGA-KICH,81431ed0-d762-4131-895b-852b2f78786d,TCGA-KL-8330,57673850-bcd7-4c99-ae4b-749f775448a0,de852d82-03e1-47e0-8b3d-b49b4baf3743.rna_seq.augmented_star_gene_counts.tsv,57673850-bcd7-4c99-ae4b-749f775448a0
TCGA-KICH,c6d5a991-4018-4d78-bf0c-4d240e7987b5,TCGA-KO-8417,f5233c6c-18bf-494e-8f33-a8d0ec3e7c84,4db1ba62-beea-4834-8852-25b7f132d83e.rna_seq.augmented_star_gene_counts.tsv,f5233c6c-18bf-494e-8f33-a8d0ec3e7c84
TCGA-KICH,77186d62-b354-49a4-8a2a-12f5f6b938f6,TCGA-KL-8333,eae2f64f-e216-4f97-b5ef-ed690bf4b7fd,bbabe4cc-dbbe-429e-98bc-f2f30da13e83.rna_seq.augmented_star_gene_counts.tsv,eae2f64f-e216-4f97-b5ef-ed690bf4b7fd
TCGA-KICH,d4694662-8330-4f19-a25d-9a12751c1b57,TCGA-KN-8421,d1d59fba-79d7-4084-830d-81b3ea3fb482,399c3066-84a0-4533-9362-ec07ad8f7655.rna_seq.augmented_star_gene_counts.tsv,d1d59fba-79d7-4084-830d-81b3ea3fb482
TCGA-KICH,f1e4bbd2-f053-49f1-867c-0b27e68bb55f,TCGA-KL-8345,89b7b12e-c84c-4570-9982-4a22c7a1cc4c,6790e9d4-494b-4dd5-9c35-ef389bd95e7f.rna_seq.augmented_star_gene_counts.tsv,89b7b12e-c84c-4570-9982-4a22c7a1cc4c
TCGA-KICH,b802658c-4715-4878-97ca-99576f08af6a,TCGA-KN-8429,c31c518e-609d-441d-92e3-de1eb13a6789,97795abf-f7b5-47dc-9854-354285883826.rna_seq.augmented_star_gene_counts.tsv,c31c518e-609d-441d-92e3-de1eb13a6789
TCGA-KICH,8ac713b0-3781-4964-92f1-dea763b046de,TCGA-KN-8422,a8472858-85d7-41a5-abcb-13b57d7137a0,eef6c176-f879-4f51-a102-3b4004388b68.rna_seq.augmented_star_gene_counts.tsv,a8472858-85d7-41a5-abcb-13b57d7137a0
TCGA-KICH,cd734d15-92c6-4b43-a5d3-ec823f6b9dc2,TCGA-KL-8332,cfaeedcf-6198-463b-9724-8242131456d9,216a4f94-89f2-4369-a12d-ec57d92adbae.rna_seq.augmented_star_gene_counts.tsv,cfaeedcf-6198-463b-9724-8242131456d9
TCGA-ESCA,945da36d-32ad-4996-9d77-be6d09b858f9,TCGA-LN-A5U5,46a66700-1f44-46cf-8a86-e6d328a14808,807b20b4-917d-4c6b-9389-9083264ffe76.rna_seq.augmented_star_gene_counts.tsv,46a66700-1f44-46cf-8a86-e6d328a14808
TCGA-ESCA,e443ea94-586e-4a0b-8330-55336aae9a15,TCGA-LN-A49Y,6cfde34c-206f-4dfe-8fc0-b3cff1790dea,2e7df52e-0479-47f9-9b6b-a83a5f885db4.rna_seq.augmented_star_gene_counts.tsv,6cfde34c-206f-4dfe-8fc0-b3cff1790dea
TCGA-ESCA,e987d5a1-d089-439f-8e9e-4eaf71cf752a,TCGA-R6-A6DN,9b3ab37a-3df2-46cd-b2ad-432e382427ed,8eafa83c-c008-4618-a7c2-b5f9394a16aa.rna_seq.augmented_star_gene_counts.tsv,9b3ab37a-3df2-46cd-b2ad-432e382427ed
TCGA-ESCA,d2b00cb1-19a7-4a41-97e1-f2d60108590b,TCGA-LN-A49L,40e8ba90-628d-4090-8ca6-f264670c7985,2ca5a1ab-9d4d-4d4d-b4c3-c52a38f7fb7c.rna_seq.augmented_star_gene_counts.tsv,40e8ba90-628d-4090-8ca6-f264670c7985
TCGA-ESCA,5e74b804-7a66-4901-ae85-ad354d29a99b,TCGA-Z6-AAPN,6ab63a54-2be7-40f9-b92f-e06d6d442409,1869b5e4-ce54-408a-b586-756081cf17b1.rna_seq.augmented_star_gene_counts.tsv,6ab63a54-2be7-40f9-b92f-e06d6d442409
TCGA-ESCA,d1623bb3-4cf8-48cc-85f1-81633a2f1715,TCGA-2H-A9GR,055d434c-a786-4fe9-865d-5c6b2227499c,d67d5a55-0be2-4213-8012-33e714148201.rna_seq.augmented_star_gene_counts.tsv,055d434c-a786-4fe9-865d-5c6b2227499c
TCGA-ESCA,2a2852d5-1638-4726-9919-72bf965eee10,TCGA-LN-A7HW,fdcd94be-156b-409e-b1fc-9cf03b6b72a4,023b5710-65a2-4990-a708-3f375df39241.rna_seq.augmented_star_gene_counts.tsv,fdcd94be-156b-409e-b1fc-9cf03b6b72a4
TCGA-ESCA,75e92eaf-2c34-433b-978c-388a0bec9fcd,TCGA-M9-A5M8,38993236-d71c-4ad6-aa7e-e5f10ac5b241,d2f925d8-c31f-4041-9824-5a2ef22985b7.rna_seq.augmented_star_gene_counts.tsv,38993236-d71c-4ad6-aa7e-e5f10ac5b241
TCGA-ESCA,05d2c0a5-b566-4bc7-89e9-eea6046b6cc6,TCGA-R6-A8W5,e626f51e-f09a-488d-a6f3-228bf368b752,fb77f748-44e8-4065-97c1-f3dd1485f3eb.rna_seq.augmented_star_gene_counts.tsv,e626f51e-f09a-488d-a6f3-228bf368b752
TCGA-ESCA,24b9faf3-a1a4-4345-a0e4-e842930e2e30,TCGA-V5-AASX,8bb22069-cec1-43be-8693-bc8f8554904e,2f8e442b-be05-4f48-9869-aac284ad646c.rna_seq.augmented_star_gene_counts.tsv,8bb22069-cec1-43be-8693-bc8f8554904e
TCGA-ESCA,29ec5cc9-aa8f-4554-9c5b-021e62d3e0a3,TCGA-2H-A9GK,3e6bcb7d-f048-4ae0-b63c-9e4b6783c8b1,e6c71ba0-950c-4748-b71e-2fd4e83bf45d.rna_seq.augmented_star_gene_counts.tsv,3e6bcb7d-f048-4ae0-b63c-9e4b6783c8b1
TCGA-ESCA,c16ee352-d38b-4605-9410-14c6f950b061,TCGA-LN-A8I0,c7c414a4-03d6-496d-ac96-765f24541e20,68715aea-08dc-4f8a-b36a-202af2e73597.rna_seq.augmented_star_gene_counts.tsv,c7c414a4-03d6-496d-ac96-765f24541e20
TCGA-ESCA,184cfa7d-86d4-4505-9226-249a2a205f3b,TCGA-R6-A6DQ,c7a7258f-7d06-4cbf-b6cb-b75b9aecfeba,2ce8f6d3-0708-4d5e-a32c-72fad8382488.rna_seq.augmented_star_gene_counts.tsv,c7a7258f-7d06-4cbf-b6cb-b75b9aecfeba
TCGA-ESCA,3889c9fe-3777-4b3d-9cf1-12135d4d7f7d,TCGA-IG-A51D,402ceadc-218e-4139-8f7f-7607905deb86,e7e12387-17b2-4b0a-b5a0-12b00c2902fb.rna_seq.augmented_star_gene_counts.tsv,402ceadc-218e-4139-8f7f-7607905deb86
TCGA-ESCA,78eab12e-016e-4a63-b2ed-09c3a15f6e59,TCGA-L5-A4OW,bcb1ecb9-8816-448b-88cf-759affe5da9a,7f3d8bd6-1ac6-4990-8f3f-48f57a324f22.rna_seq.augmented_star_gene_counts.tsv,bcb1ecb9-8816-448b-88cf-759affe5da9a
TCGA-ESCA,d571a2b3-892b-46c4-883c-fded4980492f,TCGA-IG-A3QL,0be8ee2e-2e57-4b53-8ad8-f1cd4ae45980,eec21f58-5581-4eb9-8b8e-f839ae145494.rna_seq.augmented_star_gene_counts.tsv,0be8ee2e-2e57-4b53-8ad8-f1cd4ae45980
TCGA-ESCA,c754c363-924a-404a-9d60-4ca2a3930d2a,TCGA-IG-A3YC,3412ce4c-d5fd-4dd8-b960-11db35bd1a6e,59013513-c288-4f2f-b1d6-65d6c5319336.rna_seq.augmented_star_gene_counts.tsv,3412ce4c-d5fd-4dd8-b960-11db35bd1a6e
TCGA-ESCA,a729d12f-9053-4d08-9b85-e0673721ba71,TCGA-LN-A5U7,bb46375f-b293-426a-bab9-02972e469b71,871c8a6d-f3be-4adb-a7f8-56a66f89248b.rna_seq.augmented_star_gene_counts.tsv,bb46375f-b293-426a-bab9-02972e469b71
TCGA-ESCA,7cf7a9fc-92f8-4072-98bd-59829c10d172,TCGA-L5-A8NJ,65565902-d35a-4b04-af67-c67655c562c0,3ee213e3-a720-420d-9e59-2bebdf8cb379.rna_seq.augmented_star_gene_counts.tsv,65565902-d35a-4b04-af67-c67655c562c0
TCGA-KICH,84ed1792-cec8-4f98-9988-74b3f5f6f516,TCGA-KN-8425,c08d5e3f-a031-4c10-9b38-ad9b3644c272,f3ac12c3-128b-41d2-bb87-39ead9dcc031.rna_seq.augmented_star_gene_counts.tsv,c08d5e3f-a031-4c10-9b38-ad9b3644c272
TCGA-KICH,839592be-2687-4996-acf8-0bfde2b2be22,TCGA-KM-8442,a02fc376-4376-41f7-a2e3-1f3de09354b3,7d5f8b82-73cc-473f-824b-a5be90046e3a.rna_seq.augmented_star_gene_counts.tsv,a02fc376-4376-41f7-a2e3-1f3de09354b3
TCGA-KICH,ae5d65f6-1114-44a6-a802-e3e198e8f2a2,TCGA-KO-8404,1da5f38c-8a6e-4ada-9161-53e6fdcf316b,422d6c65-7b79-427d-a8d1-f14f23eb4be5.rna_seq.augmented_star_gene_counts.tsv,1da5f38c-8a6e-4ada-9161-53e6fdcf316b
TCGA-KICH,24992be3-78d6-4193-acf3-f0a5ac959bb6,TCGA-KO-8407,55cd194a-fdbd-4843-8d36-265c1a92ee34,4d073a99-e8f9-4095-8436-7db1c554a0fe.rna_seq.augmented_star_gene_counts.tsv,55cd194a-fdbd-4843-8d36-265c1a92ee34
TCGA-KICH,f606fe9c-7d9f-4615-ab16-0bb4c796adea,TCGA-KM-8443,07bbb0ce-057f-4ce7-aeb5-74c924bf6ab5,c562d5f0-f474-42d3-9b04-57189e6df109.rna_seq.augmented_star_gene_counts.tsv,07bbb0ce-057f-4ce7-aeb5-74c924bf6ab5
TCGA-KICH,3cbdee56-19f7-4a7a-850e-a7664e67c919,TCGA-KM-8438,40691994-0e0c-4279-aede-a16d5e68eae8,8bfb45f6-9b80-4464-ba3e-10b3ffe6927b.rna_seq.augmented_star_gene_counts.tsv,40691994-0e0c-4279-aede-a16d5e68eae8
TCGA-KICH,07c3c6e6-d297-4d80-9c28-974fa470a132,TCGA-KL-8340,08bd2f5a-9543-45b6-a7a3-c58f3d3ebfb6,9b667b7c-5316-4d80-bd69-2866dd0dcdcf.rna_seq.augmented_star_gene_counts.tsv,08bd2f5a-9543-45b6-a7a3-c58f3d3ebfb6
TCGA-KICH,09c82715-b7d8-4494-b75e-865b69115dde,TCGA-KO-8413,0ba21ef5-0829-422e-a674-d3817498c333,4868e8fc-e045-475a-a81d-ef43eabb7066.rna_seq.augmented_star_gene_counts.tsv,0ba21ef5-0829-422e-a674-d3817498c333
TCGA-KICH,ffe3d692-7b81-45d9-be76-2c580a091539,TCGA-KN-8428,75814e94-8ca3-469e-85d1-f5489287c285,3259055f-7131-4e7a-a2d9-dad1876b03f2.rna_seq.augmented_star_gene_counts.tsv,75814e94-8ca3-469e-85d1-f5489287c285
TCGA-KICH,3bcb8784-2b5a-4852-8adb-5ba928c08d56,TCGA-KL-8338,f13d1071-7019-4004-ac83-39b11ccea06e,247989e2-2037-4949-9853-ac835519355e.rna_seq.augmented_star_gene_counts.tsv,f13d1071-7019-4004-ac83-39b11ccea06e
TCGA-KICH,450dfcb0-f059-4427-9a72-ea51dc48956e,TCGA-KM-8476,d180a5c8-3713-4806-8124-efafedd69b41,43a203e0-f851-4de9-b03d-b4276058dd41.rna_seq.augmented_star_gene_counts.tsv,d180a5c8-3713-4806-8124-efafedd69b41
TCGA-KICH,79c48bea-33e0-49e6-84f7-6103da654642,TCGA-KL-8325,f65e0c6a-05c4-409b-a446-85b90671c06e,9ec7c4f6-5fdd-4307-a5a9-b93a18e03ee0.rna_seq.augmented_star_gene_counts.tsv,f65e0c6a-05c4-409b-a446-85b90671c06e
TCGA-KICH,f8a7da9a-3675-49c1-a24a-57eca3ccc488,TCGA-KO-8403,4f9f330d-2f98-4011-9577-5c772d263983,268b803d-f743-4def-aae0-7d69d6e935af.rna_seq.augmented_star_gene_counts.tsv,4f9f330d-2f98-4011-9577-5c772d263983
TCGA-KICH,93b1ae00-43e1-466c-bbc1-8755cb1a1a0c,TCGA-KN-8424,da6bb09f-b032-4c21-8393-19aaabaac999,f9444ec2-6f40-4051-9177-765181641c9e.rna_seq.augmented_star_gene_counts.tsv,da6bb09f-b032-4c21-8393-19aaabaac999
TCGA-KICH,8a7fad85-8756-4411-be2b-a87159b843a5,TCGA-KN-8426,e28a82e7-e9bc-4c98-a9c0-4a28c534d030,6ed4c4b2-8125-483e-bcd5-363df40f88dd.rna_seq.augmented_star_gene_counts.tsv,e28a82e7-e9bc-4c98-a9c0-4a28c534d030
TCGA-KICH,8719fecd-7ab5-4468-a978-5c6bf1d4a1d7,TCGA-KN-8427,05f5d36d-3f71-4d9c-9668-7dce66f48cd9,a8440ee0-f9a0-4638-9be1-ae0800f18e32.rna_seq.augmented_star_gene_counts.tsv,05f5d36d-3f71-4d9c-9668-7dce66f48cd9
TCGA-KICH,2141972f-8ca9-4e82-b410-b1e3bbb2934a,TCGA-KO-8406,52eafdc5-9c9e-47f3-8295-14c4aced0a83,dc0bf54e-be63-4de1-ba16-67f3526d1f2b.rna_seq.augmented_star_gene_counts.tsv,52eafdc5-9c9e-47f3-8295-14c4aced0a83
TCGA-KICH,3398871d-7535-4a98-8dae-eae41cffc499,TCGA-KL-8335,09a25765-76d8-4d2a-9051-facbec6ba166,1b52b9e6-644f-43d5-842d-3412cbd40837.rna_seq.augmented_star_gene_counts.tsv,09a25765-76d8-4d2a-9051-facbec6ba166
TCGA-CESC,e42a980a-8189-41ad-b5ff-10181229f8b2,TCGA-EK-A2PI,cc30f610-b95a-4a38-8b16-31ff7bff70b1,b137e7bb-cf10-4926-a222-24213322bba0.rna_seq.augmented_star_gene_counts.tsv,cc30f610-b95a-4a38-8b16-31ff7bff70b1
TCGA-CESC,b5495329-a954-4bee-ae9c-9bc909acd1c1,TCGA-C5-A907,49a5993e-2878-45ea-bdcd-c746d2abfce5,15a570d6-635f-4e37-9204-7c5a3c604e65.rna_seq.augmented_star_gene_counts.tsv,49a5993e-2878-45ea-bdcd-c746d2abfce5
TCGA-CESC,edb78cb9-e493-40a3-9f9c-9e1f3a88c768,TCGA-VS-A9UJ,01b92eaa-fefc-476d-ae40-ecd3b8181e42,d0e0f248-d070-41c3-8172-aa6063422ecd.rna_seq.augmented_star_gene_counts.tsv,01b92eaa-fefc-476d-ae40-ecd3b8181e42
TCGA-CESC,e182da4d-0421-44d4-b954-7b616b84762a,TCGA-MY-A5BD,d8af3627-5eb7-4656-8152-7488bc2c83de,df984661-23c4-4aab-bc46-c79ee677bbe3.rna_seq.augmented_star_gene_counts.tsv,d8af3627-5eb7-4656-8152-7488bc2c83de
TCGA-CESC,88c6e5cb-d33e-4042-be7b-12a081acdafb,TCGA-HM-A3JK,9188ceae-a29e-4520-b8ab-12bcf2f9e4ca,7d5b4228-4095-4eca-825e-04cc7fa15164.rna_seq.augmented_star_gene_counts.tsv,9188ceae-a29e-4520-b8ab-12bcf2f9e4ca
TCGA-CESC,14c03e34-5e97-42f5-9789-2a92fb8bbcf3,TCGA-DS-A7WF,5b7b17dd-74a9-467a-bcc8-4403327da45f,2539187f-6898-4e7c-ab83-4ea32d55e036.rna_seq.augmented_star_gene_counts.tsv,5b7b17dd-74a9-467a-bcc8-4403327da45f
TCGA-CESC,289e659b-b352-49e5-ae7c-02f5914e8876,TCGA-C5-A8YT,c4f5a5c0-885c-4dd4-9f61-e05c1d439e74,f16f8594-3ad7-4eb3-b039-b5f156d3a3c0.rna_seq.augmented_star_gene_counts.tsv,c4f5a5c0-885c-4dd4-9f61-e05c1d439e74
TCGA-CESC,b3bb3d33-1e7f-4892-a3db-a291108593ce,TCGA-JW-A852,32290c26-b9b3-42b2-8c08-cd852b206e3b,d03cfd48-6ce0-4e88-880d-a0b3f67c5a62.rna_seq.augmented_star_gene_counts.tsv,32290c26-b9b3-42b2-8c08-cd852b206e3b
TCGA-CESC,5ccb1fce-2ed1-4d92-87d7-b5855275e3bb,TCGA-HM-A3JJ,47b3dc62-b0c0-4cd2-9369-cb6a3b7bcd75,39bb8a6b-c19f-41a5-b851-430866904d2d.rna_seq.augmented_star_gene_counts.tsv,47b3dc62-b0c0-4cd2-9369-cb6a3b7bcd75
TCGA-CESC,24825a46-bcf8-4e14-a3a5-e2486c54e247,TCGA-VS-A9UM,b647fcd7-b37c-4727-a308-2cee20ecf263,e084dfeb-c10f-46cf-a8c0-7e7f23c9af4c.rna_seq.augmented_star_gene_counts.tsv,b647fcd7-b37c-4727-a308-2cee20ecf263
TCGA-CESC,eede6958-96a5-433d-8823-503b58559ed4,TCGA-C5-A2LT,79129c37-22cb-4d6a-9be7-8bbe57db05ed,6a0868ef-425c-4d1b-af4d-061cf476ff20.rna_seq.augmented_star_gene_counts.tsv,79129c37-22cb-4d6a-9be7-8bbe57db05ed
TCGA-CESC,0bdb7e71-6de9-4949-bf71-abb9c7f5bc45,TCGA-DS-A0VN,e340467a-6871-49e9-8d53-9fdce69ca4f1,be86c4bd-ac41-405f-b3ca-7a4a4d72af08.rna_seq.augmented_star_gene_counts.tsv,e340467a-6871-49e9-8d53-9fdce69ca4f1
TCGA-CESC,8254cf9e-5176-4649-b8f5-a6f61ead3cd6,TCGA-EK-A2RB,87330fc3-56fb-43b4-80a9-d54dc91fec52,94052f8d-57e2-46c5-b39d-1b0a65cc3c9e.rna_seq.augmented_star_gene_counts.tsv,87330fc3-56fb-43b4-80a9-d54dc91fec52
TCGA-CESC,784c1b78-e1bc-4a01-b895-9cc6483436d1,TCGA-XS-A8TJ,01e52273-4552-46a4-9e03-b99d4d1a40c2,f3491776-22a7-4fac-baf0-2d2995b42572.rna_seq.augmented_star_gene_counts.tsv,01e52273-4552-46a4-9e03-b99d4d1a40c2
TCGA-KICH,a59051e9-5155-4073-a4d6-c9a8c54ad118,TCGA-KM-8439,63e20c7d-64a5-48f3-8b66-f58b57dd4a7e,ad01e588-64f3-4394-8dc5-560e98ab19b9.rna_seq.augmented_star_gene_counts.tsv,63e20c7d-64a5-48f3-8b66-f58b57dd4a7e
TCGA-KICH,f27e987e-da76-40c2-b7b8-5dee724d7eb7,TCGA-KN-8432,a007ff12-ba3c-47b8-9acc-121816a85594,0ced9958-5054-428f-9010-a4ca3dab3bce.rna_seq.augmented_star_gene_counts.tsv,a007ff12-ba3c-47b8-9acc-121816a85594
TCGA-KICH,59703768-8be1-47a7-8c7d-d794c0936019,TCGA-KL-8326,9452f420-4244-4518-b607-3442361d065a,3dc24ff9-20bd-4c63-8152-7e43a0804943.rna_seq.augmented_star_gene_counts.tsv,9452f420-4244-4518-b607-3442361d065a
TCGA-KICH,2bba3faa-8d55-4aec-863d-aae1cea6feab,TCGA-KN-8431,5c303083-6853-4f1f-b341-b7f4580a0129,58efbb4c-e813-44bc-b237-0448477575bc.rna_seq.augmented_star_gene_counts.tsv,5c303083-6853-4f1f-b341-b7f4580a0129
TCGA-KICH,2d47be98-ddc5-4e67-b034-a71b3b7530f4,TCGA-KO-8414,21fae5a3-ec3c-4546-b880-b470688c7bd8,8c90619c-7b53-4033-a965-1456b9994686.rna_seq.augmented_star_gene_counts.tsv,21fae5a3-ec3c-4546-b880-b470688c7bd8
TCGA-ESCA,8ca4e2ac-98c5-4061-8ab7-337feb04278d,TCGA-VR-A8ER,33e14a38-fe72-4f6f-9718-0832f604751a,43df530c-a518-456c-8840-d3dfd111fe56.rna_seq.augmented_star_gene_counts.tsv,33e14a38-fe72-4f6f-9718-0832f604751a
TCGA-ESCA,56e9e53a-431a-4cf5-b39e-0c972550ba4e,TCGA-JY-A93C,379b657a-a032-4278-807a-a1e5de5d5b9a,a1607bf6-fa5a-4a3e-9fe3-6550c7aec23f.rna_seq.augmented_star_gene_counts.tsv,379b657a-a032-4278-807a-a1e5de5d5b9a
TCGA-ESCA,1ab4ed3b-16e3-4882-a64a-187db8b06559,TCGA-VR-AA7D,a6be8790-4ad8-427f-bd24-1089bc7163b2,eae91070-e936-467a-9812-42c91d0f4f39.rna_seq.augmented_star_gene_counts.tsv,a6be8790-4ad8-427f-bd24-1089bc7163b2
TCGA-ESCA,c0bf9bcf-5219-470e-9b82-50e9a5e56a24,TCGA-V5-A7RE,b4309643-4561-4971-a66d-4a15095517b6,4225ab63-bd56-4dab-a227-7329fc38c6c1.rna_seq.augmented_star_gene_counts.tsv,b4309643-4561-4971-a66d-4a15095517b6
TCGA-ESCA,9fa38dd4-123f-4a89-9124-372e03184a9c,TCGA-LN-A4A2,5683ea23-c526-4228-8d49-9ead750dc075,1ae96df8-a767-4ffb-bb3e-e06298de648f.rna_seq.augmented_star_gene_counts.tsv,5683ea23-c526-4228-8d49-9ead750dc075
TCGA-ESCA,25e6a27b-b015-4936-b57e-cf39dd5af9ba,TCGA-LN-A49W,d5ae7f6a-d1ec-4354-aff3-537aabe4de35,ebab691f-e77d-4ded-9302-0d29998be570.rna_seq.augmented_star_gene_counts.tsv,d5ae7f6a-d1ec-4354-aff3-537aabe4de35
TCGA-ESCA,ee48f70d-14e5-477e-9f81-cfdc634b8437,TCGA-LN-A9FP,e44857e7-6085-4407-b119-eaee368fcc7b,0934e9a4-f103-43e5-9998-49a8a01ac274.rna_seq.augmented_star_gene_counts.tsv,e44857e7-6085-4407-b119-eaee368fcc7b
TCGA-ESCA,d1d015f4-14d0-473f-b95b-edf4aaf6ad7c,TCGA-V5-AASV,0ce61a55-d51b-4013-ab17-678dda582b7a,d7601fe4-c59e-438a-a5f4-06e49fbb36d1.rna_seq.augmented_star_gene_counts.tsv,0ce61a55-d51b-4013-ab17-678dda582b7a
TCGA-ESCA,774ce94c-2872-47cd-afd5-3885489367d1,TCGA-JY-A93E,5d3f1e23-d4f3-4515-9d27-b5f140c95df1,5a4deecf-7656-4407-b6eb-f04928f978f5.rna_seq.augmented_star_gene_counts.tsv,5d3f1e23-d4f3-4515-9d27-b5f140c95df1
TCGA-ESCA,23cf07be-97e6-4f55-a8f2-ff03cdbba74e,TCGA-LN-A4MQ,555169a8-4152-4c96-a7c6-c40a9d0452f4,7c08daa7-ed9e-4463-bb19-ec12d6458002.rna_seq.augmented_star_gene_counts.tsv,555169a8-4152-4c96-a7c6-c40a9d0452f4
TCGA-COAD,cea58113-36e8-474f-89a5-604ff5188a92,TCGA-AA-3521,03dfd378-4df6-48b6-a160-60d6d9f11533,6c87ca2e-fabe-4016-994d-83e8a8b70018.rna_seq.augmented_star_gene_counts.tsv,03dfd378-4df6-48b6-a160-60d6d9f11533
TCGA-COAD,ecf0f65b-bf3c-4d0e-899a-f209247cbe97,TCGA-AD-6888,e4d2b690-806e-405b-97e3-a651fd3e74a5,ee24b470-4509-4687-a91e-6d2b967336b9.rna_seq.augmented_star_gene_counts.tsv,e4d2b690-806e-405b-97e3-a651fd3e74a5
TCGA-COAD,48cbf5b5-bea9-4d31-bc93-6122a329f3ea,TCGA-AA-3692,534054c8-b88f-4b5f-b718-f4ca8484b83c,4d33ae3d-d6e6-47cd-bb5d-52134a7bcf8d.rna_seq.augmented_star_gene_counts.tsv,534054c8-b88f-4b5f-b718-f4ca8484b83c
TCGA-COAD,be361e78-868c-4c27-aa2a-5492901aee55,TCGA-AA-3527,019bfec7-ec6c-4cd6-808b-3e6e058e55f9,05167d53-0b47-4131-bfa4-450b236b9fd5.rna_seq.augmented_star_gene_counts.tsv,019bfec7-ec6c-4cd6-808b-3e6e058e55f9
TCGA-COAD,efbe740e-5ea0-425c-8d1b-ed00a02d7576,TCGA-AA-3952,3d1c16a9-2729-4213-9d60-3fc34b4d9911,ef0c5405-76c6-49bd-8463-cdacf603c9cb.rna_seq.augmented_star_gene_counts.tsv,3d1c16a9-2729-4213-9d60-3fc34b4d9911
TCGA-COAD,e6a12c50-349e-49dc-b3be-b70c072117fb,TCGA-AA-3525,7f1068d7-4a53-4fcf-95b4-8abf5e6f5692,a8e85cdd-3770-40a0-837e-6962ec12fcf0.rna_seq.augmented_star_gene_counts.tsv,7f1068d7-4a53-4fcf-95b4-8abf5e6f5692
TCGA-COAD,63f1b937-80c9-4399-8544-550b15e9d035,TCGA-AA-3530,05f2ad36-dc5f-4df4-8f79-afe4f46f81fb,4232e82f-4d7d-456d-a662-da3134cb9c58.rna_seq.augmented_star_gene_counts.tsv,05f2ad36-dc5f-4df4-8f79-afe4f46f81fb
TCGA-COAD,a0322f55-0853-4b63-9788-4e750557bb58,TCGA-G4-6310,56afa170-4280-47db-91c8-f3260e42c756,d69e622a-6dee-48f3-bf06-7f6148d7472a.rna_seq.augmented_star_gene_counts.tsv,56afa170-4280-47db-91c8-f3260e42c756
TCGA-COAD,7554a84f-573c-4de9-9cda-e60674aea5fa,TCGA-A6-2677,82ab3359-565c-4360-ac4c-b02a7aec600e,62454053-936d-4f19-8522-6219c47bdd1c.rna_seq.augmented_star_gene_counts.tsv,82ab3359-565c-4360-ac4c-b02a7aec600e
TCGA-COAD,4d16e41a-b100-4080-a759-1f62e54c1c91,TCGA-AD-6964,69add746-94ce-4b57-bf7a-f80bf10bdc01,46a6f49d-2ab8-41fb-ba8c-951a160e5d08.rna_seq.augmented_star_gene_counts.tsv,69add746-94ce-4b57-bf7a-f80bf10bdc01
TCGA-COAD,df310e3e-d633-4f03-af1c-861e453e22cc,TCGA-G4-6628,6e0857d0-5a52-4d0a-9d4b-af9d2e5c4e77,695836ff-c54b-47bf-8a29-5224811afa7e.rna_seq.augmented_star_gene_counts.tsv,6e0857d0-5a52-4d0a-9d4b-af9d2e5c4e77
TCGA-COAD,5bd478fc-a97d-413f-a4f8-7d24c305334f,TCGA-AA-3713,adb1af0e-75e6-4a9f-924e-c8e05e69085c,0c5e45df-149d-4667-8154-312c5e6f246b.rna_seq.augmented_star_gene_counts.tsv,adb1af0e-75e6-4a9f-924e-c8e05e69085c
TCGA-COAD,8fa7105d-aba3-49e4-bbc0-083c547f3449,TCGA-CM-5863,835d2360-3e00-4c3c-9d01-039a2915bd4c,4c7083b3-eccc-4d80-a31d-6fd3cd0222b4.rna_seq.augmented_star_gene_counts.tsv,835d2360-3e00-4c3c-9d01-039a2915bd4c
TCGA-COAD,cabe4e1d-719b-4f82-ae86-df499e022085,TCGA-AA-3511,18fe6d09-5377-4c7e-a360-ca65b575444c,60bc0507-0349-4154-9db4-8d93b3e8bdf5.rna_seq.augmented_star_gene_counts.tsv,18fe6d09-5377-4c7e-a360-ca65b575444c
TCGA-COAD,fa826d89-3485-4d32-8d90-ba4b16c519d5,TCGA-AA-3554,d49d7f13-243f-4840-97bf-371d862c8de5,24d909f2-cdc8-4509-91d5-e18fffcf90eb.rna_seq.augmented_star_gene_counts.tsv,d49d7f13-243f-4840-97bf-371d862c8de5
TCGA-COAD,cd591147-3d00-4f87-bd90-53dd9ff830f7,TCGA-NH-A5IV,9013a680-e9d6-42b2-bdeb-4e88b7006e4d,5ea84fac-788c-458f-b820-b80224a4dbc2.rna_seq.augmented_star_gene_counts.tsv,9013a680-e9d6-42b2-bdeb-4e88b7006e4d
TCGA-COAD,a4ce3727-4506-493b-95f4-2f11ceb09ceb,TCGA-AA-3675,ff119a75-c47a-40bd-ac85-95725e40629a,c98732eb-48c4-4554-bdf6-0e9a0a9273ec.rna_seq.augmented_star_gene_counts.tsv,ff119a75-c47a-40bd-ac85-95725e40629a
TCGA-COAD,f1b2ca40-f20a-42de-aba2-4f730d7ccc09,TCGA-A6-6781,d2bb361b-c78c-482f-b4d4-bd77ac7c0f37,ad478846-0a75-4081-ac09-37ee5415d9b4.rna_seq.augmented_star_gene_counts.tsv,d2bb361b-c78c-482f-b4d4-bd77ac7c0f37
TCGA-COAD,cbbd1187-e8f7-4e63-a8e2-3c19863e89f5,TCGA-A6-2676,0c62b002-8912-4ce0-a2e5-41bc1e3f9996,f66a9fee-f63a-4398-b242-9c065bbe213d.rna_seq.augmented_star_gene_counts.tsv,0c62b002-8912-4ce0-a2e5-41bc1e3f9996
TCGA-COAD,2dfb4a43-f4e9-4de6-a385-f96e754d982e,TCGA-T9-A92H,ed428ab3-822a-4dbb-9dae-be7e71949b48,cabd9320-506a-4695-a18a-7c8602633f90.rna_seq.augmented_star_gene_counts.tsv,ed428ab3-822a-4dbb-9dae-be7e71949b48
TCGA-COAD,e56324ef-8fbe-4a0c-9515-4b2608e2cf02,TCGA-DM-A28K,09e969eb-37d0-4502-ad3f-5856b6ad8f43,7fc1ca50-6520-4cb1-929c-4e7810665585.rna_seq.augmented_star_gene_counts.tsv,09e969eb-37d0-4502-ad3f-5856b6ad8f43
TCGA-COAD,5f6cb74f-1d92-4ea4-92e1-ed23f83649fe,TCGA-AY-A8YK,025bf99d-1e89-43f3-b0b7-8dfe5d43e192,690d4959-780e-4783-8a90-268159abefb1.rna_seq.augmented_star_gene_counts.tsv,025bf99d-1e89-43f3-b0b7-8dfe5d43e192
TCGA-COAD,96319b52-d5b9-44bf-9a98-2876d911988f,TCGA-AD-6965,ffc0e668-4fc8-4278-abcd-67f7b57839c9,ad30e5e1-182b-4758-8e70-53e0bcf78072.rna_seq.augmented_star_gene_counts.tsv,ffc0e668-4fc8-4278-abcd-67f7b57839c9
TCGA-COAD,20eccd8a-dfaf-40e4-8128-d77aa41680c4,TCGA-A6-2678,ac731d82-8a46-4e68-baba-401977b5ac9f,cb6e4e0c-6f89-4ea5-a89d-1b0da8cf7fac.rna_seq.augmented_star_gene_counts.tsv,ac731d82-8a46-4e68-baba-401977b5ac9f
TCGA-COAD,badb214a-6225-4c0c-b0aa-a8b034e236ca,TCGA-CM-6680,a6307b70-2831-447d-ae24-b0454ef867e9,5af57d46-5acb-424a-9675-ee3dd20db062.rna_seq.augmented_star_gene_counts.tsv,a6307b70-2831-447d-ae24-b0454ef867e9
TCGA-COAD,b0435a6b-e0e3-4959-a757-271c8238b748,TCGA-AA-3867,da8c975b-65b4-4e9d-a919-16da8d5a7b1f,4df6c488-ef2f-4019-a1b0-3a3624039be8.rna_seq.augmented_star_gene_counts.tsv,da8c975b-65b4-4e9d-a919-16da8d5a7b1f
TCGA-COAD,22b0fa6d-cad9-4937-b1f6-387fc7a6614d,TCGA-F4-6570,a99d57f4-b2d3-4373-883f-1b409e73fd46,d808edd8-865e-4004-891c-dc10f5c146e6.rna_seq.augmented_star_gene_counts.tsv,a99d57f4-b2d3-4373-883f-1b409e73fd46
TCGA-COAD,78eecddd-e0d2-4f8a-821a-7e412f92e754,TCGA-CK-5912,cc33c8e5-223d-444a-9977-49c3081cb8a7,8cace84b-8d01-46cf-8b59-9f1e53249863.rna_seq.augmented_star_gene_counts.tsv,cc33c8e5-223d-444a-9977-49c3081cb8a7
TCGA-COAD,8b3147c8-71a9-40fb-81cf-9e23ef4b9a29,TCGA-AA-3833,a64548d5-604d-4c26-81c0-9928eb95b0d0,cc158c27-a2f0-4403-ae01-913bfcc623cc.rna_seq.augmented_star_gene_counts.tsv,a64548d5-604d-4c26-81c0-9928eb95b0d0
TCGA-COAD,bdf6623f-2750-4141-9a68-732cf82d26e9,TCGA-AA-3986,6ec0647a-6f73-4c22-bed9-b65c2c4678da,79e6252e-2e14-42da-b3db-3e706f38b045.rna_seq.augmented_star_gene_counts.tsv,6ec0647a-6f73-4c22-bed9-b65c2c4678da
TCGA-COAD,47bf3623-a304-48a1-8651-71b6ed41d886,TCGA-A6-6654,3e23d91a-21d1-49ea-955c-3a83300ecbbe,f22cfa82-a346-4fed-bc81-21a29bf990ee.rna_seq.augmented_star_gene_counts.tsv,3e23d91a-21d1-49ea-955c-3a83300ecbbe
TCGA-COAD,573ce44a-ee08-4f10-8b97-35cd0454ddc7,TCGA-AA-3850,bef5f052-9d4c-47a8-82be-3a1bfb991448,b2fa82e4-58f2-4dc6-ad6e-31886a1c9851.rna_seq.augmented_star_gene_counts.tsv,bef5f052-9d4c-47a8-82be-3a1bfb991448
TCGA-COAD,0225a318-9bb2-4340-a34a-99fcbc563e0a,TCGA-AA-A01X,aeeb1ad3-06cd-419e-a1ee-a3fe1c45932f,f17e12f0-54ed-4dc2-ab7e-22a1f90e1405.rna_seq.augmented_star_gene_counts.tsv,aeeb1ad3-06cd-419e-a1ee-a3fe1c45932f
TCGA-COAD,445d5e8c-db8d-44f4-b3d0-d1857cb2ef48,TCGA-CM-5860,f1f6c248-708f-4d69-909a-ba75eec1c752,65fc5187-8157-4af4-b4a5-6f6c2eca70ca.rna_seq.augmented_star_gene_counts.tsv,f1f6c248-708f-4d69-909a-ba75eec1c752
TCGA-COAD,b9e728d2-143f-44d1-b2ee-0f6eccca507f,TCGA-CM-6162,18454d33-79e9-4bbb-a606-00c267fd9407,ffe7358d-31b2-4d92-93eb-0a88abaf2dca.rna_seq.augmented_star_gene_counts.tsv,18454d33-79e9-4bbb-a606-00c267fd9407
TCGA-COAD,7ab37803-051a-4731-8d63-201f0400d435,TCGA-A6-6140,e8c55bee-e33c-4d7c-b100-65e3413bea12,53c767aa-2609-45c7-90ad-c0204f3c2b24.rna_seq.augmented_star_gene_counts.tsv,e8c55bee-e33c-4d7c-b100-65e3413bea12
TCGA-COAD,0537bad8-0e85-4b05-91b3-fd965e96d0d7,TCGA-A6-2681,1cb8f903-423c-47ff-ba6c-b3838a75cd22,bb3dc2ff-a686-483e-8d3c-e06649462881.rna_seq.augmented_star_gene_counts.tsv,1cb8f903-423c-47ff-ba6c-b3838a75cd22
TCGA-COAD,18364fcc-5f9c-4e3f-8a9e-56ed18ac893e,TCGA-DM-A1D7,65046b66-0b61-4106-83b0-0b6fa1982850,af606e0b-b19b-4c8d-9cf5-6a195978466e.rna_seq.augmented_star_gene_counts.tsv,65046b66-0b61-4106-83b0-0b6fa1982850
TCGA-COAD,98ad41d5-fd77-4f30-94b5-03bf7b9c69b9,TCGA-AA-3812,d89e982a-339a-4b21-8b1d-591ae329507b,d496ef4f-4716-4e6e-94e3-fce93b26d4ee.rna_seq.augmented_star_gene_counts.tsv,d89e982a-339a-4b21-8b1d-591ae329507b
TCGA-COAD,1eb2a255-6edd-4adb-b52d-99dcec590c5d,TCGA-A6-3807,11fb2ab9-4116-4cea-95f9-0c0ca111cc2f,56c90a71-00af-4e8a-a75d-01a39d44d1f3.rna_seq.augmented_star_gene_counts.tsv,11fb2ab9-4116-4cea-95f9-0c0ca111cc2f
TCGA-COAD,1cd9614d-c2eb-4146-a4ff-adefcdad7315,TCGA-AZ-4323,f8554600-a893-4226-a527-c4839f1bf33b,0278634b-4a08-48df-ad10-35da36e56b19.rna_seq.augmented_star_gene_counts.tsv,f8554600-a893-4226-a527-c4839f1bf33b
TCGA-COAD,617f14fe-153c-4ddc-b280-600c1fa08ad5,TCGA-D5-6923,d843095b-5bb1-4d7d-9c31-abffe8d05317,e040e6c8-34e5-44fb-a6f3-c247009fccfc.rna_seq.augmented_star_gene_counts.tsv,d843095b-5bb1-4d7d-9c31-abffe8d05317
TCGA-COAD,5703f0d8-db96-40ce-8009-51d2ec188abf,TCGA-CM-4752,5302caac-c374-4f48-9f94-9613cc7f7a94,45a2676b-25ba-41b0-9e55-08c6eb3a8f2f.rna_seq.augmented_star_gene_counts.tsv,5302caac-c374-4f48-9f94-9613cc7f7a94
TCGA-COAD,73ee34e8-422d-4ab1-b0f0-da8a5a2dd9ab,TCGA-AA-A01R,b71a9539-73e5-45a1-95fe-7ab4b130dd63,c4779698-5c81-4eed-80ac-80fdd47f658b.rna_seq.augmented_star_gene_counts.tsv,b71a9539-73e5-45a1-95fe-7ab4b130dd63
TCGA-COAD,3b556594-eff5-4a2a-9cbf-3f81456069f8,TCGA-AA-3538,57c425f6-9625-407e-93b8-1d03858fd1f6,576325e7-0f30-406c-9147-80e3edcf8b57.rna_seq.augmented_star_gene_counts.tsv,57c425f6-9625-407e-93b8-1d03858fd1f6
TCGA-COAD,81f1e9f6-541f-43df-93cf-c11a569bac93,TCGA-A6-5659,ed0ffe0c-0094-41b3-86aa-20492e0d0157,69550f7f-5251-4657-863b-bd35d69c82c4.rna_seq.augmented_star_gene_counts.tsv,ed0ffe0c-0094-41b3-86aa-20492e0d0157
TCGA-COAD,67d6e183-9565-4e35-be64-30cfb74b2b65,TCGA-AA-3856,8ac00cf3-69d6-46be-af59-10dd4b521fe0,0ae6d322-a938-4752-aac6-226e6687a297.rna_seq.augmented_star_gene_counts.tsv,8ac00cf3-69d6-46be-af59-10dd4b521fe0
TCGA-COAD,56092e8e-a259-4178-8682-16518367d20c,TCGA-AA-A004,74eabb02-90e8-4fa9-a6c6-ef82e8514e25,fee5651d-3ac9-474a-84da-4fd0ce06f341.rna_seq.augmented_star_gene_counts.tsv,74eabb02-90e8-4fa9-a6c6-ef82e8514e25
TCGA-COAD,7bbba7d3-c921-4063-8a82-3496aa6b89d5,TCGA-A6-5659,cc01ff43-77ea-43a2-9180-d7b40ac6b26e,2b2c2ebc-e83c-442e-88ae-1a2569ac892f.rna_seq.augmented_star_gene_counts.tsv,cc01ff43-77ea-43a2-9180-d7b40ac6b26e
TCGA-COAD,528f5c3e-6b0f-48e7-a57b-56ccd1ec2352,TCGA-A6-5666,07576e90-dbad-4c35-8fcd-e9ef89c8addc,4e2a5058-c190-49de-97f4-0ba7be7ebfe8.rna_seq.augmented_star_gene_counts.tsv,07576e90-dbad-4c35-8fcd-e9ef89c8addc
TCGA-COAD,09ddb59b-46b1-42d3-bb06-62e67a213394,TCGA-AU-6004,bfd11b30-5f99-448c-8901-02ebb96cec5d,69201842-6398-4509-b227-fca5bc12b08d.rna_seq.augmented_star_gene_counts.tsv,bfd11b30-5f99-448c-8901-02ebb96cec5d
TCGA-COAD,5241539d-65ac-434d-8eaa-ae57f702c8ce,TCGA-AA-3947,6eb94cf0-fb12-4ecc-bf89-ff4c93e1c48e,66b4502b-d393-4664-a317-430ec1ad4b3b.rna_seq.augmented_star_gene_counts.tsv,6eb94cf0-fb12-4ecc-bf89-ff4c93e1c48e
TCGA-COAD,afc8d98d-6e58-461b-b771-c86486f9f012,TCGA-DM-A28M,48961cf0-8369-4e19-be15-9fabc29008f8,e332b15a-f2dc-4282-9f33-2c87dea834b1.rna_seq.augmented_star_gene_counts.tsv,48961cf0-8369-4e19-be15-9fabc29008f8
TCGA-COAD,1bc0790d-1383-43a2-920a-ae5c7205e518,TCGA-A6-5660,3b8b7b48-4dd6-48c0-b36f-a554b5a2e0a9,bf33f73b-a3b5-4585-a759-7bea4384e703.rna_seq.augmented_star_gene_counts.tsv,3b8b7b48-4dd6-48c0-b36f-a554b5a2e0a9
TCGA-COAD,41a03a2c-133a-4d97-a7a5-f32ff8b2b697,TCGA-AZ-6600,13a72fbf-f601-4f67-aca4-796716f78293,9ef8ac96-eaba-447f-ac45-aa44f2182c50.rna_seq.augmented_star_gene_counts.tsv,13a72fbf-f601-4f67-aca4-796716f78293
TCGA-COAD,70f388b9-4642-41d8-8a78-8f76a8f37943,TCGA-AA-3710,b6977a7a-b2aa-4943-8173-4e955e51e05e,a0fad25f-74d8-42f1-8e47-4d56c091e000.rna_seq.augmented_star_gene_counts.tsv,b6977a7a-b2aa-4943-8173-4e955e51e05e
TCGA-COAD,b481fc53-5b7e-4e28-bb4d-71a25efa6dad,TCGA-F4-6856,1630f3a7-898d-43ee-93ad-b9486024d323,d0b02f2e-ff79-430c-80f7-6156860e6780.rna_seq.augmented_star_gene_counts.tsv,1630f3a7-898d-43ee-93ad-b9486024d323
TCGA-COAD,4cf1fa0f-6a00-4037-94d1-d5ce2012b2f5,TCGA-D5-5539,f61f7fba-0254-4e9a-b334-b15bba0cf7b9,37cb9185-9334-45cc-8afe-6aea6784aaba.rna_seq.augmented_star_gene_counts.tsv,f61f7fba-0254-4e9a-b334-b15bba0cf7b9
TCGA-COAD,7ff8b9ce-57b0-4e8d-8607-aef212854f56,TCGA-A6-5661,04288a35-71ba-421d-80a4-52bb0853aa9f,86db93b2-14b0-4094-bd69-222582df130c.rna_seq.augmented_star_gene_counts.tsv,04288a35-71ba-421d-80a4-52bb0853aa9f
TCGA-COAD,8bbfb052-46f4-46e6-8c34-e0b9923c3426,TCGA-A6-5661,53494104-fea8-48d7-881e-03c760435509,f9c74189-6bdc-49b9-b984-917ffe2b097d.rna_seq.augmented_star_gene_counts.tsv,53494104-fea8-48d7-881e-03c760435509
TCGA-COAD,41411fc2-420a-425f-94bd-01a52a0402e0,TCGA-AA-3663,ec9db2fa-3020-45a0-8400-1fa607fdbf05,bf312cd5-e251-4d63-95b5-c379b3ef5ded.rna_seq.augmented_star_gene_counts.tsv,ec9db2fa-3020-45a0-8400-1fa607fdbf05
TCGA-COAD,73b6994e-c9bf-41a8-a455-17d7be309a9f,TCGA-A6-2684,97dbbc5d-67e7-43a0-bc8f-d3425e0f3ce4,6bc70f5c-fdba-4bef-865a-793b7782a107.rna_seq.augmented_star_gene_counts.tsv,97dbbc5d-67e7-43a0-bc8f-d3425e0f3ce4
TCGA-COAD,73b6994e-c9bf-41a8-a455-17d7be309a9f,TCGA-A6-2684,bfb91635-bf2c-4311-8b57-33c15b520869,19645f04-0021-4b2d-ad56-b1342c6ca519.rna_seq.augmented_star_gene_counts.tsv,bfb91635-bf2c-4311-8b57-33c15b520869
TCGA-COAD,ec9fc2bb-859d-4a11-8a12-e109075eff8c,TCGA-A6-2684,b7aa491d-f50f-4f9b-b8ac-1572cd6cd1ef,ba2b0b86-f7f1-47f7-b0fd-bec3f623febb.rna_seq.augmented_star_gene_counts.tsv,b7aa491d-f50f-4f9b-b8ac-1572cd6cd1ef
TCGA-COAD,ea9e7e8c-4151-4cfc-8631-5880c6f1a21f,TCGA-CK-4951,966b89c1-7201-4719-854a-d8a6ef35f9d0,f62519fa-7479-4e20-9ae4-d57f8a1e0e64.rna_seq.augmented_star_gene_counts.tsv,966b89c1-7201-4719-854a-d8a6ef35f9d0
TCGA-COAD,bb60b35b-cd5d-4f14-a7e0-c9af4f6f8c3c,TCGA-AA-3492,f011f33d-53c0-40b6-8368-f771155f287e,1a68a242-045b-4566-afd7-192df87b02d3.rna_seq.augmented_star_gene_counts.tsv,f011f33d-53c0-40b6-8368-f771155f287e
TCGA-COAD,6605cdbc-a37f-4a41-a4b5-42708e5076a3,TCGA-CK-6751,1ab15a98-a3ed-497c-9252-a6589dec4260,6a8cad2e-350a-4c0b-9680-41d83ef1eb5d.rna_seq.augmented_star_gene_counts.tsv,1ab15a98-a3ed-497c-9252-a6589dec4260
TCGA-COAD,47ddad9d-1e43-4961-a5d1-55882f68b446,TCGA-AA-3684,1f78d18b-ca75-4ab4-9b5e-dc1a0da9d6d3,1652b0a3-dc1d-4490-9632-07673713deb1.rna_seq.augmented_star_gene_counts.tsv,1f78d18b-ca75-4ab4-9b5e-dc1a0da9d6d3
TCGA-COAD,40b2b04e-371d-42ef-905e-5b9006384a65,TCGA-DM-A1HB,b7752772-2720-4f19-a763-15a54e6d8bc6,37784b02-1e45-4806-b4c3-2b3ad50dbfb3.rna_seq.augmented_star_gene_counts.tsv,b7752772-2720-4f19-a763-15a54e6d8bc6
TCGA-COAD,0881378b-2103-4d63-8173-430b34267eac,TCGA-AA-3846,2f5d9fd6-ed20-4f84-b5cb-ac9c5be88256,9bc1133d-a577-4f31-bf6b-50748c60da80.rna_seq.augmented_star_gene_counts.tsv,2f5d9fd6-ed20-4f84-b5cb-ac9c5be88256
TCGA-COAD,0c749ae7-1564-4ade-847f-376d21d1753b,TCGA-CM-6166,e19c9f8e-bace-4426-a047-696dd58f9fe2,ef30a39e-fc69-4507-93b1-0fd42377f8db.rna_seq.augmented_star_gene_counts.tsv,e19c9f8e-bace-4426-a047-696dd58f9fe2
TCGA-COAD,ff1f5513-8463-4b1e-b254-72d9e0863d35,TCGA-CM-6168,42cd4100-63f7-4b36-a996-f7a6f69e6b57,69842b4c-448a-4275-8250-7b31948c56ec.rna_seq.augmented_star_gene_counts.tsv,42cd4100-63f7-4b36-a996-f7a6f69e6b57
TCGA-COAD,61715dc9-a28b-46a4-94a9-9a2b1b379831,TCGA-NH-A8F8,a8f23a47-08cd-4ebd-835b-4ca4b86fe6ff,e32633c0-5ccc-47a9-bd67-60d3c022dfc9.rna_seq.augmented_star_gene_counts.tsv,a8f23a47-08cd-4ebd-835b-4ca4b86fe6ff
TCGA-COAD,2104463b-9421-47f3-9974-a00080c6e937,TCGA-AA-3855,7321ea01-8e94-4dfe-b4b6-ab48a3a880f4,4f2a0f62-df55-4972-aeb4-fb32e6c9a522.rna_seq.augmented_star_gene_counts.tsv,7321ea01-8e94-4dfe-b4b6-ab48a3a880f4
TCGA-COAD,25d55cf4-625f-485f-85aa-87adb72e685b,TCGA-AZ-6606,4d5c8043-1add-495f-b0c9-166f79e89dea,2bcd2fcf-9050-4713-aa6b-6cb1419d7ba6.rna_seq.augmented_star_gene_counts.tsv,4d5c8043-1add-495f-b0c9-166f79e89dea
TCGA-COAD,c525d1fb-ca9e-4c69-97d9-0d00041edb01,TCGA-G4-6315,45ba0a79-66ad-4fae-9212-086fc4b5c0be,5d396a37-9b3d-4255-a3bd-f4a7c9480aee.rna_seq.augmented_star_gene_counts.tsv,45ba0a79-66ad-4fae-9212-086fc4b5c0be
TCGA-COAD,019736e0-3672-4aa7-a00d-891bdd1f7f5c,TCGA-G4-6309,a8391733-18a4-4720-9912-d060ef58d745,fddf611e-f586-49e1-9ee8-8ac853accb9e.rna_seq.augmented_star_gene_counts.tsv,a8391733-18a4-4720-9912-d060ef58d745
TCGA-COAD,dc1ffda5-5b8f-4227-be04-321643f73731,TCGA-AA-3956,0194feb1-d8be-45e5-9b95-0596090e9ecc,5c3c4b79-0682-4f19-96aa-071316a354d4.rna_seq.augmented_star_gene_counts.tsv,0194feb1-d8be-45e5-9b95-0596090e9ecc
TCGA-COAD,2300f1fc-07fa-443c-bae8-f1b6fd3705bf,TCGA-AY-6196,2213ea96-985f-46e9-8f5b-b26f2cc0df71,59f108c6-677f-4cf2-89fd-6bd15133dd6f.rna_seq.augmented_star_gene_counts.tsv,2213ea96-985f-46e9-8f5b-b26f2cc0df71
TCGA-COAD,e0766706-baf6-4009-833e-6c3b0b9543ce,TCGA-DM-A280,412ee00f-b292-46e8-b178-aff532e65fcb,f34c57ee-92a6-4e3b-acde-7fd631c42f87.rna_seq.augmented_star_gene_counts.tsv,412ee00f-b292-46e8-b178-aff532e65fcb
TCGA-COAD,69ef3e70-5d7a-4e30-abde-0f9f76ea3141,TCGA-QG-A5YV,550847bc-9dab-4a7e-9e70-8d0fea7a7cad,cfda240e-d071-418b-9a7d-a6fd30e60cdf.rna_seq.augmented_star_gene_counts.tsv,550847bc-9dab-4a7e-9e70-8d0fea7a7cad
TCGA-COAD,40dd997d-cfdf-46f9-9c0a-f238b8d6f758,TCGA-G4-6320,39ae58b5-3623-4b68-b615-c4ba9e0996af,67da6843-b0fe-4ff9-8cef-a66e606c8f54.rna_seq.augmented_star_gene_counts.tsv,39ae58b5-3623-4b68-b615-c4ba9e0996af
TCGA-COAD,de7f6b99-ea71-4c44-b412-ab20b1616c40,TCGA-AA-3877,9241b482-83dd-4af6-a29b-46df53716352,3fa3af13-58f0-4c5b-b009-f6f936fb07b5.rna_seq.augmented_star_gene_counts.tsv,9241b482-83dd-4af6-a29b-46df53716352
TCGA-COAD,edec4f1e-7e35-48d3-950f-9e94cec48c45,TCGA-AA-A02J,cda82959-b9cb-4366-be08-ba8d8324d977,e235012b-4b29-478a-abad-6a70cd949cfa.rna_seq.augmented_star_gene_counts.tsv,cda82959-b9cb-4366-be08-ba8d8324d977
TCGA-COAD,7c12327f-05c5-4721-8031-93a318835580,TCGA-F4-6854,470a6a57-b224-4cb9-99d6-f38b3c52350f,d61597de-2e74-41f1-8196-1604fb2237be.rna_seq.augmented_star_gene_counts.tsv,470a6a57-b224-4cb9-99d6-f38b3c52350f
TCGA-COAD,16acbdbc-a397-4318-b11a-244d7e1350e6,TCGA-AA-A00O,13cc094c-3724-45cc-8a98-650d0c7a695a,94e6fbec-4eff-4ea5-a815-540bfbc8293b.rna_seq.augmented_star_gene_counts.tsv,13cc094c-3724-45cc-8a98-650d0c7a695a
TCGA-COAD,418736a4-00d2-406b-a625-0d15726713ca,TCGA-DM-A28F,6ecac4ca-88bc-421a-bdb6-ed0868b03e6c,f4535f36-11ce-4dd8-8337-5158b682d85c.rna_seq.augmented_star_gene_counts.tsv,6ecac4ca-88bc-421a-bdb6-ed0868b03e6c
TCGA-COAD,6483a131-0ac0-4d9d-b184-b249e1ac971f,TCGA-NH-A6GC,d9c85ce8-73b4-4100-8ec0-193677f11da0,4f0b1ac0-c503-4852-9a44-cb4231f4b17b.rna_seq.augmented_star_gene_counts.tsv,d9c85ce8-73b4-4100-8ec0-193677f11da0
TCGA-COAD,68e7b9b7-1565-4034-91e9-9ec4e1a34b39,TCGA-AA-3519,270115e4-3da5-45e5-abff-34fba5a75792,f6d998cd-20fa-4add-8fa7-6b89ff16f8bd.rna_seq.augmented_star_gene_counts.tsv,270115e4-3da5-45e5-abff-34fba5a75792
TCGA-COAD,0152ba53-d53b-4ec8-a256-3dcad8e8d2a3,TCGA-D5-6922,7fa5c283-ed46-4ac7-afc0-5d609d5bfa5a,a83e78c0-8b1b-4576-aace-4bee1dee5046.rna_seq.augmented_star_gene_counts.tsv,7fa5c283-ed46-4ac7-afc0-5d609d5bfa5a
TCGA-COAD,b09f0a46-e2bb-49e7-b1a6-5d684cf9a47d,TCGA-G4-6323,0361fa03-68ca-498f-9de5-0efa5cbf8c70,149505ae-e005-4aee-b144-5d697b52677e.rna_seq.augmented_star_gene_counts.tsv,0361fa03-68ca-498f-9de5-0efa5cbf8c70
TCGA-COAD,8816f14d-9fbb-4033-9ca4-6ca0db66161a,TCGA-AA-A01V,9b40ac83-028e-42bc-b3d0-bcfec5e9e6fb,6fc313bd-bb4a-4358-9178-43641e6c0d68.rna_seq.augmented_star_gene_counts.tsv,9b40ac83-028e-42bc-b3d0-bcfec5e9e6fb
TCGA-COAD,f843e0b7-c3ca-4efb-bc6f-ab3198dcf00a,TCGA-AA-A00K,39e09a21-6d1a-4a34-8227-8f30bbd5065b,395e165c-8e84-4203-af1e-f7e1f17d2edd.rna_seq.augmented_star_gene_counts.tsv,39e09a21-6d1a-4a34-8227-8f30bbd5065b
TCGA-COAD,844a9153-02d7-473e-a371-85b9d63c642d,TCGA-A6-6651,efe4c597-71d5-4a06-849a-782d2d0d841e,17d3d480-5503-419e-92cd-cbc7db9659d2.rna_seq.augmented_star_gene_counts.tsv,efe4c597-71d5-4a06-849a-782d2d0d841e
TCGA-COAD,8b3894ca-3aa9-415b-b6ad-948f81428b89,TCGA-AA-A00A,ab176f75-6709-457e-af63-d2883ecb9be7,f023a945-da22-454b-83c0-49a67f6cf6a4.rna_seq.augmented_star_gene_counts.tsv,ab176f75-6709-457e-af63-d2883ecb9be7
TCGA-COAD,39637cb0-c222-48ce-8a6b-86cfab6a6ef4,TCGA-AA-3851,f72de22c-defa-4fec-b689-85c0629e8f77,ff02e85e-2f87-4832-aaea-3322db33c57a.rna_seq.augmented_star_gene_counts.tsv,f72de22c-defa-4fec-b689-85c0629e8f77
TCGA-COAD,633afc4c-4a35-420e-9ce6-ff4670e28395,TCGA-AA-3548,94c1ac66-a016-44fc-ad90-d74067ade7fa,91386c90-8134-44c9-8a22-4ea17f70da75.rna_seq.augmented_star_gene_counts.tsv,94c1ac66-a016-44fc-ad90-d74067ade7fa
TCGA-COAD,65eb6269-3250-49d1-89e3-bbee5519bd45,TCGA-D5-5540,e7eed773-b87c-4138-8d0e-72c85d85509b,45a758dc-af09-48d3-8cd2-15232593f385.rna_seq.augmented_star_gene_counts.tsv,e7eed773-b87c-4138-8d0e-72c85d85509b
TCGA-COAD,56dd63cb-cf0a-48c3-bccc-c5094f8d8ac0,TCGA-AA-3977,b4078ab3-1bf1-4d55-b00c-ce8b02166629,930630ee-1c36-4567-aeff-042eef1654e6.rna_seq.augmented_star_gene_counts.tsv,b4078ab3-1bf1-4d55-b00c-ce8b02166629
TCGA-COAD,e312aa23-66f6-48b0-90ab-d5e9672dc654,TCGA-CM-6161,cd80bd53-f441-45be-ae9a-ab5fd78b092b,955985ca-7d97-4911-927a-3803e669a805.rna_seq.augmented_star_gene_counts.tsv,cd80bd53-f441-45be-ae9a-ab5fd78b092b
TCGA-COAD,a5945f6b-31da-4742-811e-e85f2e2e8ffc,TCGA-AA-A02E,1b1f27c1-950f-49a9-95b9-5104d433ad3e,ca41a924-f82c-4e83-996b-35261387ad3a.rna_seq.augmented_star_gene_counts.tsv,1b1f27c1-950f-49a9-95b9-5104d433ad3e
TCGA-COAD,87ffeaea-93d7-4c88-85b9-b1b29b7f8e1d,TCGA-AY-6386,3761f40c-f3ec-4719-acae-4404d8f9d1db,71423c68-fae7-472e-b291-a177a0e69538.rna_seq.augmented_star_gene_counts.tsv,3761f40c-f3ec-4719-acae-4404d8f9d1db
TCGA-COAD,d67fc406-7974-433e-896d-57197eced52b,TCGA-A6-6141,1c48056a-d2b8-4365-b750-485b9e9a7b6c,5fb88e40-263c-4b86-b088-da38f046771a.rna_seq.augmented_star_gene_counts.tsv,1c48056a-d2b8-4365-b750-485b9e9a7b6c
TCGA-COAD,9cfcf069-f971-476c-9084-4d62a75cb3a7,TCGA-D5-6931,3d6546ee-5ed5-4c74-a62b-f3fb397e66c3,0801726c-9faf-4905-8cd9-71ad4fc3df25.rna_seq.augmented_star_gene_counts.tsv,3d6546ee-5ed5-4c74-a62b-f3fb397e66c3
TCGA-COAD,e9ac4856-032e-401f-b3e6-54e7f796faa4,TCGA-NH-A8F7,80ffc91d-2e74-4921-9ac1-a7c94482b90e,a50c02ec-6ba9-4678-990d-6c74a8e9b7b5.rna_seq.augmented_star_gene_counts.tsv,80ffc91d-2e74-4921-9ac1-a7c94482b90e
TCGA-COAD,1a4d9d59-b0dc-4045-a832-9089d3bc1d52,TCGA-CA-5796,a567f93a-c7c2-40eb-a6fa-c2252f8ac9ab,996d8c98-529a-4438-9db5-d49ff575af45.rna_seq.augmented_star_gene_counts.tsv,a567f93a-c7c2-40eb-a6fa-c2252f8ac9ab
TCGA-COAD,9b637a29-ee08-4ab2-8160-7584c170f87b,TCGA-A6-6650,225e2e30-c886-4eea-9b32-71c509ea5e4e,8ca13509-abad-46b7-92f4-fa741bc52b42.rna_seq.augmented_star_gene_counts.tsv,225e2e30-c886-4eea-9b32-71c509ea5e4e
TCGA-COAD,9b637a29-ee08-4ab2-8160-7584c170f87b,TCGA-A6-6650,cee77d7f-4428-4df1-8532-7782481459a1,13649cf2-1dc4-408f-9063-31a2b9bb7157.rna_seq.augmented_star_gene_counts.tsv,cee77d7f-4428-4df1-8532-7782481459a1
TCGA-COAD,9932102f-50cd-42e7-be37-038df150b9db,TCGA-AA-A02H,3f4c314a-57a9-483e-826c-e963a466ae57,0d373d8e-2507-4d88-8e19-d3f7b66955b4.rna_seq.augmented_star_gene_counts.tsv,3f4c314a-57a9-483e-826c-e963a466ae57
TCGA-COAD,37dafbf4-edb7-4c00-9007-36cb0f9299f1,TCGA-AA-3852,889bc749-1959-4f3d-8d6e-a6b7bf2fecb4,7dab0af8-ab64-4014-b7b7-bf0df59a1b3a.rna_seq.augmented_star_gene_counts.tsv,889bc749-1959-4f3d-8d6e-a6b7bf2fecb4
TCGA-COAD,c35cb7b2-7a85-4320-89ac-3a395ef8c1be,TCGA-AY-4070,055ffec2-1932-4a20-84b8-b841fc0054eb,6e52f36f-b65a-4b1a-ac9b-89f91a5eb92b.rna_seq.augmented_star_gene_counts.tsv,055ffec2-1932-4a20-84b8-b841fc0054eb
TCGA-COAD,0164c63c-d3fc-48ab-88d3-c0ab821c39c4,TCGA-DM-A0X9,1f117018-33ca-4b04-89cc-e5594656a4ba,f624c673-6366-4809-a6a1-aa9d1aa184a8.rna_seq.augmented_star_gene_counts.tsv,1f117018-33ca-4b04-89cc-e5594656a4ba
TCGA-COAD,197245f6-a310-4af4-9231-0afefc547ecd,TCGA-AA-A02R,b91f5802-022a-4414-8c40-466787b36793,301853fd-348d-4a99-9625-7da725023c1d.rna_seq.augmented_star_gene_counts.tsv,b91f5802-022a-4414-8c40-466787b36793
TCGA-COAD,eb97d34e-7333-4e9d-b559-34dd6436c14c,TCGA-WS-AB45,cbdb3ec7-c304-42c4-92ed-71adce5a0af1,07234abb-aa8c-434f-898c-6f7ba28c5850.rna_seq.augmented_star_gene_counts.tsv,cbdb3ec7-c304-42c4-92ed-71adce5a0af1
TCGA-COAD,49075fad-2d3b-4732-8d6f-7c61cbb76372,TCGA-DM-A1D4,4ac61ffe-124c-44c6-842d-8bcf241b101f,080d03cb-01ea-4dc7-af41-12e3f3877283.rna_seq.augmented_star_gene_counts.tsv,4ac61ffe-124c-44c6-842d-8bcf241b101f
TCGA-COAD,01680b41-4718-4b82-80a7-851ff5518151,TCGA-AA-3502,9c40ef24-ff74-4f0b-850a-38de94a90c75,3ba89ed5-e704-40d1-bb04-5a0ba48e446d.rna_seq.augmented_star_gene_counts.tsv,9c40ef24-ff74-4f0b-850a-38de94a90c75
TCGA-COAD,c3c7289b-4854-4231-bd0f-952a7b05db8c,TCGA-A6-3809,97fb41bc-f5a9-4b70-b631-9da9ff44b5fd,c22c07cb-8215-47e8-9525-074fda8d7d59.rna_seq.augmented_star_gene_counts.tsv,97fb41bc-f5a9-4b70-b631-9da9ff44b5fd
TCGA-COAD,2b12e104-94f6-4945-a50f-d00ef9514748,TCGA-A6-3809,c741f3fd-133d-470c-8021-cd3432c61ad0,b25e7003-40df-4806-baee-eb8ad1c69643.rna_seq.augmented_star_gene_counts.tsv,c741f3fd-133d-470c-8021-cd3432c61ad0
TCGA-COAD,2b12e104-94f6-4945-a50f-d00ef9514748,TCGA-A6-3809,b3bec9bc-73c9-41c9-beb2-68a5f06ee2ef,1e0f16e6-de1c-4d1e-b1f6-5fabbea1591b.rna_seq.augmented_star_gene_counts.tsv,b3bec9bc-73c9-41c9-beb2-68a5f06ee2ef
TCGA-COAD,fba03796-b9c8-4042-9720-f21660cfec28,TCGA-AA-A01I,39e3635b-9eda-44d0-96d4-164b8df4759e,9cdb8246-eedc-40e2-b340-52db1edd0838.rna_seq.augmented_star_gene_counts.tsv,39e3635b-9eda-44d0-96d4-164b8df4759e
TCGA-COAD,a8635b10-cbf2-461b-b459-e82e2aec4589,TCGA-A6-6780,e065cd2d-aecb-4c38-ae7e-70ec3da7430f,992ce1bc-46a2-4f57-ac7a-c6368c69c67c.rna_seq.augmented_star_gene_counts.tsv,e065cd2d-aecb-4c38-ae7e-70ec3da7430f
TCGA-COAD,7904523e-e859-47b9-8ba0-c1a1363afa0c,TCGA-4N-A93T,3c18b7f5-f53e-4721-a470-ae4410c0592b,308a5759-8930-433f-8d11-4c3da6ed0e29.rna_seq.augmented_star_gene_counts.tsv,3c18b7f5-f53e-4721-a470-ae4410c0592b
TCGA-COAD,f69e80aa-237d-4e75-8d04-7c1b5ae9007b,TCGA-CK-6748,74d0fe4a-e123-4c5d-b00e-9f177c64294d,22620634-aa34-4cb5-a37f-5a7b0c47cd0e.rna_seq.augmented_star_gene_counts.tsv,74d0fe4a-e123-4c5d-b00e-9f177c64294d
TCGA-COAD,b534999a-a60d-4da7-a152-90ce37df4ce0,TCGA-D5-5541,0d104bd9-575e-483f-b827-55e617bb6d65,479512bb-9444-4bea-b644-3f56094f443e.rna_seq.augmented_star_gene_counts.tsv,0d104bd9-575e-483f-b827-55e617bb6d65
TCGA-COAD,0b58159a-ab85-4baa-b83e-55a8d080a3c5,TCGA-A6-5662,edab0ea1-ba72-441c-b35d-081dbfb58661,f4cfbfdb-3861-4731-92d8-74e66a7ae5a7.rna_seq.augmented_star_gene_counts.tsv,edab0ea1-ba72-441c-b35d-081dbfb58661
TCGA-COAD,e4ebbf6d-9374-4d8d-90a8-75cc4c7baeda,TCGA-CM-5861,30fd31d5-d8c2-4038-8cbe-e1c986621fd6,713c3ad2-c1d0-45ed-b69e-f6cedd57933a.rna_seq.augmented_star_gene_counts.tsv,30fd31d5-d8c2-4038-8cbe-e1c986621fd6
TCGA-COAD,732077b5-97b2-44ab-aac9-1ae94fd04887,TCGA-CA-6719,54aeec49-699f-4d71-b567-b8a68e216643,3fcb923c-5dd2-4d6f-a6bb-8074ffb762be.rna_seq.augmented_star_gene_counts.tsv,54aeec49-699f-4d71-b567-b8a68e216643
TCGA-COAD,df80b5ed-3ce8-4b06-978e-f972f659d206,TCGA-F4-6459,23d865c5-28e5-4e97-b812-12d792c8742a,34a7b3e9-caae-48d1-97a4-2bcb00fa2383.rna_seq.augmented_star_gene_counts.tsv,23d865c5-28e5-4e97-b812-12d792c8742a
TCGA-COAD,c281d8eb-0aaf-409c-b8d1-5681c8dc27be,TCGA-D5-6927,f50449e1-3056-4704-9e69-61d0ac859b07,b291037d-31f4-4303-95c9-7322950a45a7.rna_seq.augmented_star_gene_counts.tsv,f50449e1-3056-4704-9e69-61d0ac859b07
TCGA-COAD,9144c7fc-9c78-4b99-814f-4059a11ec33b,TCGA-DM-A0XD,09866ae2-461d-4bc5-88e7-0cc338e502fd,1cbc5c3a-eb0f-4492-9171-5e0a61923c33.rna_seq.augmented_star_gene_counts.tsv,09866ae2-461d-4bc5-88e7-0cc338e502fd
TCGA-COAD,e86137c5-37af-4a47-8f29-5a947e013536,TCGA-AZ-6598,d36ca98a-b08d-4312-9f2a-15d32598a42c,3fb72cab-7e39-4e1c-8d8c-8ae10b9ce714.rna_seq.augmented_star_gene_counts.tsv,d36ca98a-b08d-4312-9f2a-15d32598a42c
TCGA-COAD,b7e4daef-b24b-45c0-8f9d-21bcf46d9c9a,TCGA-4T-AA8H,7284b6cc-f8bd-4e96-8638-90310fa5b8b8,1e409782-57e3-42ab-8952-678a4cdb6b2f.rna_seq.augmented_star_gene_counts.tsv,7284b6cc-f8bd-4e96-8638-90310fa5b8b8
TCGA-COAD,1e7873ce-88c4-44c2-9f8a-aeeae8c98edf,TCGA-AA-3696,b0cdf7e1-d464-4016-a8f8-b52a2a2a59bd,643bb711-7302-4ba7-bd39-cb0e4d9c2377.rna_seq.augmented_star_gene_counts.tsv,b0cdf7e1-d464-4016-a8f8-b52a2a2a59bd
TCGA-COAD,9076c2ec-bc16-49a9-b9e4-da726de4f1f5,TCGA-AA-A01K,df3c4835-b180-43ee-a78e-4937d932a582,f2f218c6-82c6-454a-aebd-792807b9d166.rna_seq.augmented_star_gene_counts.tsv,df3c4835-b180-43ee-a78e-4937d932a582
TCGA-COAD,190fecab-1ef1-43fa-87a2-104014eb2ce2,TCGA-AA-3681,b7ae76e9-8699-4140-be62-88b2ba64e184,9afe3e00-86a7-4fdb-a253-0bc8896aafe3.rna_seq.augmented_star_gene_counts.tsv,b7ae76e9-8699-4140-be62-88b2ba64e184
TCGA-COAD,4e0e61b3-003a-482d-8749-a7b33be4a4c8,TCGA-D5-5537,a72776f7-9845-4fb4-9bc0-5d60ccd7fb95,ac271c9e-4219-4880-ad89-0df6d5df0bb4.rna_seq.augmented_star_gene_counts.tsv,a72776f7-9845-4fb4-9bc0-5d60ccd7fb95
TCGA-COAD,5191b678-f7e1-42f4-a995-aa6abe5fd976,TCGA-D5-6532,5c5b5e90-ee6b-42ba-9918-246db0be7756,5ab068b1-411a-4083-a1ab-3ca7569a54a0.rna_seq.augmented_star_gene_counts.tsv,5c5b5e90-ee6b-42ba-9918-246db0be7756
TCGA-COAD,6de3e241-606b-441e-9185-7e9f1cd1e61b,TCGA-AY-A69D,fb71c222-4a08-420a-8cc0-17c28d3a5261,766e896b-b5a2-49ee-be4c-e95670a16fdc.rna_seq.augmented_star_gene_counts.tsv,fb71c222-4a08-420a-8cc0-17c28d3a5261
TCGA-COAD,a7aa065f-78f9-460a-a010-bd063ec5c851,TCGA-AA-A017,19828bf2-51d5-4cb2-9193-360427a38ae9,3167e7b0-a9a9-4d27-9321-b316f92f50a0.rna_seq.augmented_star_gene_counts.tsv,19828bf2-51d5-4cb2-9193-360427a38ae9
TCGA-COAD,bb39734c-9d9c-4249-9d1b-176b28aba41c,TCGA-G4-6322,bbdcb071-7d15-4264-a8c9-d57487c035cf,0ef944a9-2a51-4518-8a4f-4e7226248061.rna_seq.augmented_star_gene_counts.tsv,bbdcb071-7d15-4264-a8c9-d57487c035cf
TCGA-COAD,faed408c-c7f8-4a40-b7ab-7713129c1211,TCGA-AZ-5407,677189b0-10f8-4b5d-b0b9-8b1101c8d1b1,e74cd5d1-66e1-4008-8b9a-170392f7cbb8.rna_seq.augmented_star_gene_counts.tsv,677189b0-10f8-4b5d-b0b9-8b1101c8d1b1
TCGA-COAD,52b17bb5-0476-4d64-9865-c01309b58144,TCGA-AA-3489,bdc3b4bb-dea2-4e41-b297-51540a68e68c,09f3976d-4e95-41b4-bc0b-27eea3e20bb3.rna_seq.augmented_star_gene_counts.tsv,bdc3b4bb-dea2-4e41-b297-51540a68e68c
TCGA-COAD,85991716-6807-4f31-be63-bf80cec40cc2,TCGA-CM-4746,8c19e926-ff17-4187-8d76-27ced1deb81d,2d83a9e6-da2d-47e1-b2e7-4b07b108f7bd.rna_seq.augmented_star_gene_counts.tsv,8c19e926-ff17-4187-8d76-27ced1deb81d
TCGA-COAD,ca4388c7-69e7-42b4-81c8-48b8863264c1,TCGA-AA-3517,e3526436-feca-4475-95d2-cdb1f861dac9,670152b4-944c-4d41-a9ce-c6c8ad616de0.rna_seq.augmented_star_gene_counts.tsv,e3526436-feca-4475-95d2-cdb1f861dac9
TCGA-COAD,63b2b3b9-7eb1-47b3-a3fc-1d385042fdca,TCGA-AA-3831,cb1968ee-bacc-48b0-8bf5-541a4a178461,77eb52de-282c-4dc1-886f-f4be32985ed5.rna_seq.augmented_star_gene_counts.tsv,cb1968ee-bacc-48b0-8bf5-541a4a178461
TCGA-COAD,14c176f9-9197-4486-9f98-fe82991c6dc6,TCGA-AA-3678,d73fc90a-5ebf-4b72-ad87-c13c7e5b8bb7,6c0e101a-5eeb-46c7-9143-e78dc144d503.rna_seq.augmented_star_gene_counts.tsv,d73fc90a-5ebf-4b72-ad87-c13c7e5b8bb7
TCGA-COAD,f72eeae9-f7f5-4576-a072-5021119117d6,TCGA-AA-A00R,f0da29bd-6e1f-43f6-90f6-1c6dd9934977,c63f3f74-14fa-4a9e-9925-30b0f5da7dd9.rna_seq.augmented_star_gene_counts.tsv,f0da29bd-6e1f-43f6-90f6-1c6dd9934977
TCGA-COAD,e950bc59-116f-4366-8524-f0731b1c9a3d,TCGA-AA-3968,721e02f7-d37e-430b-bd34-258b9c5442ef,6ed86bf9-3560-43c4-b8b2-960df62d059c.rna_seq.augmented_star_gene_counts.tsv,721e02f7-d37e-430b-bd34-258b9c5442ef
TCGA-COAD,0e53a06b-feae-46ab-9b7d-f1aeb31b499b,TCGA-F4-6463,b6296fb4-a5b8-48eb-9ac1-cf5eb09c34b9,9ca22f6c-326b-4844-8e7d-fb076c7e1067.rna_seq.augmented_star_gene_counts.tsv,b6296fb4-a5b8-48eb-9ac1-cf5eb09c34b9
TCGA-COAD,a545fb9a-c386-4a80-9a25-660dc4f62904,TCGA-CM-4744,9fd15f97-1b2f-4d38-a123-957cd720a776,ddd65fce-1a39-415c-9114-7a9c8e9b266c.rna_seq.augmented_star_gene_counts.tsv,9fd15f97-1b2f-4d38-a123-957cd720a776
TCGA-COAD,1dc340a0-b8d0-47b3-b87b-d5546e6ee77e,TCGA-D5-7000,de842417-f80c-4b0a-b34e-ef3fad9cd301,590d46bc-3db8-4e22-8550-b3e4ba0affba.rna_seq.augmented_star_gene_counts.tsv,de842417-f80c-4b0a-b34e-ef3fad9cd301
TCGA-COAD,ecade2c1-9de2-4b05-b30c-4c8b81c65ae1,TCGA-AA-3534,543d11e8-5149-4843-b904-11c4a0078e54,ce41f5d1-6e6d-4fc8-b8ed-a9479bcc8add.rna_seq.augmented_star_gene_counts.tsv,543d11e8-5149-4843-b904-11c4a0078e54
TCGA-COAD,ec60d3a7-14ff-4171-9d46-a2b6f898c5f1,TCGA-G4-6295,8eabb842-d92f-4803-8992-db5b57fbdd51,83a1d91a-3e74-4106-96d1-eec558404c29.rna_seq.augmented_star_gene_counts.tsv,8eabb842-d92f-4803-8992-db5b57fbdd51
TCGA-COAD,a2dd99bf-3a02-42cd-9aa8-80a018584ee6,TCGA-AA-3685,eaa3364f-2b25-449e-8852-c7a6bdaa455f,2ad90ba0-8038-4bad-afa3-d176f63b42f0.rna_seq.augmented_star_gene_counts.tsv,eaa3364f-2b25-449e-8852-c7a6bdaa455f
TCGA-COAD,f4271689-b9a3-4493-9be0-3cb059e626a7,TCGA-NH-A6GB,3d4b05f4-cce7-4dcf-a17e-6172cb81febb,2afaf830-457d-42d1-8697-e5c9a2d885a1.rna_seq.augmented_star_gene_counts.tsv,3d4b05f4-cce7-4dcf-a17e-6172cb81febb
TCGA-COAD,a4b18666-1f38-4bc8-9472-d0ea63ae5a2d,TCGA-AA-A02F,477bea81-d5be-42d0-9d8f-42aefb4d090e,e1db653d-98b9-4a7b-9b5a-1ee0baead12f.rna_seq.augmented_star_gene_counts.tsv,477bea81-d5be-42d0-9d8f-42aefb4d090e
